sample_index	sample_id	name	latitude	longitude	call_rate	analysis_set	umap_1	umap_2	pc_1	pc_2	pc_3	pc_4	pc_5	pc_6	pc_7	pc_8	pc_9	pc_10
1	108	LDV-18	48.5167	-4.06667	0.92491166077738518	call_rate_ge_0.90	3.6702830791473389	22.785276412963867	-1.1368438100241898	-2.9146212239543017	-1.6511718016599046	1.2226390076540461	3.3645342923752639	-2.25536407687086	-1.477013908792147	-1.5356583069765766	-0.1823349639833147	0.50119041229651673
3	159	MAR2-3	47.35	3.93333	0.90724381625441697	call_rate_ge_0.90	3.8210532665252686	23.365640640258789	-1.8103456954752473	-4.408866746402488	-0.17398726255703467	-0.99073876127328486	2.4595730529421993	-0.49631866570185967	0.34821763049647486	0.062755502995072848	-0.79586121675380339	0.38135511005417383
4	265	PYL-6	44.65	-1.16667	0.90547703180212014	call_rate_ge_0.90	2.5885398387908936	20.204916000366211	-1.1662574072951419	3.9578257291592851	-6.2279078595884894	-1.0472840135366235	0.31109241987727754	1.3208932178030115	-1.9727013904393291	-0.92269771420086921	0.42855537635166358	2.8785739795202248
5	350	TOU-A1-88	46.6667	4.11667	0.90194346289752647	call_rate_ge_0.90	4.047513484954834	23.602317810058594	-0.93258693796799308	-5.3351717867209034	-0.50966931254958314	-0.55001131471769682	1.0969199304065398	-1.9788548170592726	2.3406029858089279	-3.3620513901485949	-2.0146724476660252	0.72960775414067403
6	351	TOU-A1-89	46.6667	4.11667	0.91961130742049468	call_rate_ge_0.90	3.7480745315551758	23.457374572753906	-0.4359939113260673	-6.5026199211039062	-0.11422327296374903	0.04762041760077259	1.6519076063875651	-3.2951038826177963	0.74286728409345637	-2.6163644428339992	-0.54597912515005831	-1.2640701113435309
7	403	Zdarec3	49.3667	16.2667	0.91696113074204944	call_rate_ge_0.90	-0.28885665535926819	22.419961929321289	-3.6922804553255779	-1.4299018204431491	6.575432922103519	-3.9485116879159192	-3.2584815654993835	-1.1723961345483369	1.6878025043746527	1.3676733926888152	-4.4847933969385512	-2.4568195686726719
11	430	Gr-1	47	15.5	0.97968197879858654	call_rate_ge_0.90	-0.40203633904457092	22.499422073364258	-3.7808366899364514	-3.4991565617220255	6.7462828460106783	-6.2416692891523633	-4.2965566510828923	-1.4438160406584488	-0.21062282864261739	-0.13759259505743207	-4.0102691579099421	-2.2302953706515054
12	470	BRR4	40.8313	-87.735	0.9946996466431095	call_rate_ge_0.90	5.0371561050415039	20.860513687133789	31.163004207798139	2.3082521848165891	1.0487980851385634	0.091012614603252426	-0.98894378185887111	0.86414405300747832	0.19800111205110482	-0.16639579926100728	0.38071458010694453	-0.15243400031883295
13	476	BRR12	40.8313	-87.735	0.99646643109540634	call_rate_ge_0.90	4.9709873199462891	20.885480880737305	31.126592254629447	2.3520418239380398	1.0105592460646091	0.10981863134989399	-0.99201244007077716	0.81985212773273441	0.23953955735437124	-0.10748461411444048	0.42240059882849545	-0.14797388851213703
14	484	BRR23	40.8313	-87.735	0.99558303886925792	call_rate_ge_0.90	4.7967944145202637	21.057407379150391	30.927994671278373	2.2807794600513258	1.013034122573552	0.0015222574720868253	-1.029016848791493	0.74501222017885305	0.22205633767269717	-0.27854854411813545	0.45822492580724605	-0.10516220807540579
15	504	BRR57	40.8313	-87.735	0.99028268551236753	call_rate_ge_0.90	4.7288551330566406	21.113012313842773	30.67662547806626	2.2720285229329433	0.94224251826707461	0.035384018708671638	-1.0720430980939137	0.74446772493497992	0.26120788684638668	-0.22405847354216446	0.4717248897894899	-0.077204895496532464
16	506	BRR60	40.8313	-87.735	0.99823321554770317	call_rate_ge_0.90	38.056735992431641	43.520866394042969	31.344569251714663	2.2850998265699736	0.92059462653460977	0.19194913204247732	-1.0852194196487652	0.93903899695105864	0.3787428652552961	0.13864514033278608	0.45549486272070905	-0.18505931092827227
17	531	BRR107	40.8313	-87.735	0.90812720848056538	call_rate_ge_0.90	4.4999203681945801	21.347429275512695	24.420840805311574	1.2069664870092411	0.42308645153747215	-0.12612544715338359	-0.43523833593198691	0.50636592317055851	0.44026037993779854	-0.29914159567448767	0.29581736296621586	0.046535524936949908
18	544	LI-WP-039	40.9076	-73.2089	1	call_rate_ge_0.90	37.750202178955078	43.608539581298828	31.574751992503902	2.3149450465423276	0.93221870212074498	0.18263878000229625	-1.1127711601711989	0.9643494220752753	0.36816670267755536	0.15303296907291586	0.45359639759157999	-0.17603701081729115
19	546	LI-WP-041	40.9076	-73.2089	0.99911660777385158	call_rate_ge_0.90	38.020809173583984	43.492835998535156	31.37655106421029	2.2823692937969615	0.8940314258704104	0.15968912144507863	-1.1030408325090613	0.93881511419778441	0.37200826895431577	0.14844876802070678	0.44820977215284291	-0.17232135609869134
20	628	LI-OF-061	40.7777	-72.9069	0.9885159010600707	call_rate_ge_0.90	4.1143145561218262	22.424947738647461	1.05317414670409	-3.8175169257028845	-4.3103631334860149	1.0197099536961955	7.3117574858735166	-2.4487007296021495	-3.0970581928755103	1.4675400067229878	-0.0026205277700100602	-0.85922036357577347
21	630	LI-OF-065	40.7777	-72.9069	0.9257950530035336	call_rate_ge_0.90	3.7619988918304443	22.518674850463867	1.5778683437822651	-3.4078178217104371	-2.1555645623645079	1.2932343013378655	5.1728822861393446	-1.9795513492213521	-0.61954047068571783	0.36935185518370434	-1.64942980616325	1.5823515272938407
22	680	LI-RR-096	40.9447	-72.8615	1	call_rate_ge_0.90	37.761478424072266	43.638988494873047	31.574751992503902	2.3149450465423276	0.93221870212074498	0.18263878000229625	-1.1127711601711989	0.9643494220752753	0.36816670267755536	0.1530329690729158	0.45359639759157971	-0.1760370108172917
23	681	LI-RR-097	40.9447	-72.8615	1	call_rate_ge_0.90	37.758144378662109	43.611865997314453	31.574751992503902	2.3149450465423276	0.93221870212074498	0.18263878000229625	-1.1127711601711989	0.9643494220752753	0.36816670267755536	0.15303296907291578	0.45359639759157971	-0.17603701081729164
24	685	LI-EF-011	40.9064	-73.1493	1	call_rate_ge_0.90	37.742103576660156	43.602989196777344	31.574751992503902	2.3149450465423276	0.93221870212074498	0.18263878000229625	-1.1127711601711989	0.9643494220752753	0.36816670267755536	0.15303296907291575	0.45359639759157971	-0.1760370108172917
25	687	LI-EF-018	40.9064	-73.1493	0.99734982332155475	call_rate_ge_0.90	38.125320434570312	43.577949523925781	31.269707305823403	2.2767860499703452	0.84101164841204612	0.13190962856548338	-1.0765513169755916	0.93271405287423448	0.26888031716398958	0.13268924342213823	0.42953958471201931	-0.16736246823353176
26	728	LI-SET-019	40.9352	-73.114	0.99911660777385158	call_rate_ge_0.90	37.837650299072266	43.713466644287109	31.57162547052436	2.3140405118445244	0.94552803726214363	0.18038523983992397	-1.1155230554584636	0.96406635525461704	0.36562310826146011	0.14854168355267428	0.44516657840281326	-0.18529576740169071
27	742	LI-SET-036	40.9352	-73.114	0.99734982332155475	call_rate_ge_0.90	5.0232663154602051	20.864236831665039	31.190002244110882	2.3171577166215322	1.0184114640422972	0.073548372300849818	-1.0182529034820134	0.84506264773724182	0.22828008644292755	-0.13096920606256465	0.42191435334665262	-0.19237766405761425
28	763	Kar-1	42.3	74.3667	0.9885159010600707	call_rate_ge_0.90	3.9305543899536133	30.505956649780273	-4.9678329675071229	7.8114159615185015	13.385880667402194	8.632089086588369	4.4146651047967955	2.9184027039903184	-0.93004656756501669	-2.3131300709557547	-0.23141191918789081	0.90489211482519527
29	765	Sus-1	42.19	73.41	0.9319787985865724	call_rate_ge_0.90	3.9273927211761475	30.486003875732422	-4.9499143850861778	6.9063125259471985	12.801887605981872	7.7424507753200311	5.0084948629858097	3.2684355540791201	-2.052617719385426	-1.6538963773437445	-1.3482163386576664	0.3853644991181327
30	766	Dja-1	42.5833	73.6333	0.95848056537102477	call_rate_ge_0.90	4.0227270126342773	30.534812927246094	-6.9082925854269783	9.2501978466740589	15.901589678471636	9.3052710065269242	7.2577785189578341	5.8001554745830086	-1.0606327793169033	-1.2425923271758648	-2.2609875968435555	0.38623350491548791
31	768	Zal-1	42.8	76.35	0.95759717314487636	call_rate_ge_0.90	4.021578311920166	30.602041244506836	-5.9296734812814202	8.6417564772746243	14.91388162272221	8.7076765458311716	6.7899361685584072	2.3973337214929731	-0.36682894033667385	-1.2806087548960892	-1.0200141787340715	-1.0555921658162621
32	772	Neo-6	37.35	72.4667	0.9832155477031802	call_rate_ge_0.90	4.0738697052001953	30.631362915039062	-6.2107626990396962	9.7555758384049707	16.437922892289105	10.528768885194893	7.0794714204094733	3.9709238136893665	-2.063729388362106	-1.1400158663684723	-2.4152282318006058	-0.69981246573623679
33	801	KYC-33	37.9169	-84.4639	0.98144876325088337	call_rate_ge_0.90	3.2874248027801514	22.059467315673828	0.56471584150899012	-3.8773857539604104	-1.0562535574667504	-0.30075466392066469	3.374384700949451	-0.93424270737408288	-0.14438619211170733	-0.95155156175898392	-0.37527693201341961	1.5325209383729539
34	853	MIA-1	41.7976	-86.6691	1	call_rate_ge_0.90	37.76385498046875	43.53375244140625	31.574751992503902	2.3149450465423276	0.93221870212074498	0.18263878000229625	-1.1127711601711989	0.9643494220752753	0.36816670267755536	0.15303296907291575	0.45359639759157971	-0.1760370108172917
35	854	MIA-5	41.7976	-86.6691	0.99911660777385158	call_rate_ge_0.90	37.930404663085938	43.589698791503906	31.488974174137585	2.3611904050494026	0.95295204490546692	0.17281585772398209	-1.1298217015958287	0.97772002345878128	0.39556145656609948	0.12337863956323479	0.50250246329164072	-0.17638487251052631
36	867	MIC-20	41.8266	-86.4366	0.99823321554770317	call_rate_ge_0.90	38.808578491210938	43.775146484375	31.214670991983372	2.3386144156096229	1.0010847367420306	0.086050788464878916	-1.1593902596899208	0.93868235610300466	0.41445040322839133	-0.05639131630838249	0.48498773048056742	-0.14599408731159219
37	868	MIC-24	41.8266	-86.4366	1	call_rate_ge_0.90	37.660785675048828	43.640674591064453	31.574751992503902	2.3149450465423276	0.93221870212074498	0.18263878000229625	-1.1127711601711989	0.9643494220752753	0.36816670267755536	0.15303296907291575	0.45359639759157971	-0.1760370108172917
38	870	MIC-31	41.8266	-86.4366	0.99734982332155475	call_rate_ge_0.90	4.5219569206237793	21.324203491210938	21.651640957819843	-0.16477264340615577	-0.38551986082316381	-1.0998651044506977	2.0808292590133943	-0.39669352466254265	0.12252886295940553	0.42667354100514276	0.45341266527970053	-1.2219787417976482
39	915	LIN S-5	41.8972	-71.4378	0.96643109540636041	call_rate_ge_0.90	2.255936861038208	22.326484680175781	-1.830508781624312	-4.4694012323107675	3.0426888117217241	-2.6608446079561316	0.03021700917979982	-2.8393099646007269	1.9355233726581917	-0.20790917723706484	-3.2863950119251797	-0.69408733801510003
40	932	CHA-41	42.3634	-71.1445	0.97879858657243812	call_rate_ge_0.90	4.2454376220703125	22.163661956787109	8.8428123862253329	-1.8379560887586517	-2.6881563469868204	0.56258564088356333	7.3402037304925685	-2.7390045488269457	-3.6701272250107007	0.54058394785112129	0.056693460107138667	2.5123974018815316
41	991	Ale-Stenar-41-1	55.3822641	14.0526813	0.97438162544169615	call_rate_ge_0.90	1.784390926361084	20.390142440795898	-2.7394742794160094	-1.0335945693643678	-0.4954219365129568	-7.67059019445957	-0.94833314903884613	3.4047519598748099	-0.8413767092063188	-0.74467465317414216	-2.3171753483414985	3.6928974039568874
42	992	Ale-Stenar-44-4	55.3822641	14.0526813	0.92491166077738518	call_rate_ge_0.90	1.8318295478820801	20.312648773193359	-2.890132304505447	-0.70864254808137361	-0.096079286927422639	-8.5302310545076292	-1.1315588764353173	3.3417754132345197	-0.88810236549878852	-1.3047588375629053	-2.731307763785555	2.5984687102093029
43	997	Ale-Stenar-56-14	55.3822641	14.0526813	0.97791519434628971	call_rate_ge_0.90	1.7538914680480957	20.41224479675293	-3.2254259916932284	1.2259842664163945	-1.2964352871249145	-7.064214776299381	-0.77984615740004171	1.4873939306070825	-1.0014332898024292	-0.29308676982541765	-0.47467387442324399	6.1150660181971617
44	1002	Ale-Stenar-64-24	55.3822641	14.0526813	0.98144876325088337	call_rate_ge_0.90	1.6387406587600708	20.183774948120117	-1.9460176213341904	0.044029198754038115	-1.6278469100694366	-9.6683860954112397	-2.1821850352479593	3.1219241180848232	-1.0993720870355406	0.025725798980389562	-1.3731771871380287	3.6008445858729745
45	1006	Ale-Stenar-77-31	55.3822641	14.0526813	0.99558303886925792	call_rate_ge_0.90	1.7446655035018921	20.442625045776367	-2.3202499203733593	-0.032614149366412153	-0.86716963510211298	-7.6203573573945604	-1.1307417270387947	1.5900886231942783	-1.0445620551183172	-0.18754291765430631	-2.780242426008825	3.9444748908733005
46	1061	Brösarp-11-135	55.7167	14.1333	0.90989399293286222	call_rate_ge_0.90	1.7885532379150391	20.93513298034668	-3.5604356047635131	1.1990139829161581	1.6221725446125199	-3.9098690152130295	-0.068425792354262743	0.47065947219695725	-1.4823466978294189	0.75009337923164487	0.14698599794196673	1.8761037875187652
47	1062	Brösarp-15-138	55.7167	14.1333	0.97968197879858654	call_rate_ge_0.90	-1.7047134637832642	19.204551696777344	-5.5564203720141183	1.4652069360762687	-4.1536984166033708	-11.742543350115161	3.497517800729562	12.39467288758839	0.59527095975538291	-1.0982882039512576	3.1979313664434561	-5.4424570970444037
48	1063	Brösarp-21-140	55.7167	14.1333	0.97791519434628971	call_rate_ge_0.90	1.546527624130249	21.506366729736328	-2.5693515131602687	-1.305834469952821	0.50109859368806808	-3.9893917730511443	-1.8156897833501335	-0.97105015583695586	-0.49509536426537698	-0.97836025587017206	-3.3004158100850955	4.4268979282651015
49	1066	Brösarp-34-145	55.7167	14.1333	0.98498233215547704	call_rate_ge_0.90	1.6681580543518066	21.148670196533203	-4.0712282852105988	-1.2598893764276098	0.75781096313713003	-5.7389446476353063	-0.98941237147446515	1.3220729204498503	-0.63986609873422917	-0.53954688891232283	-0.99584971463255822	3.074215141880817
50	1070	Brösarp-45-153	55.7167	14.1333	0.99028268551236753	call_rate_ge_0.90	1.4604059457778931	20.623554229736328	-2.6057272408949004	-1.3462480584818564	3.1379381068748513	-5.4157932908239879	-3.6358834740638932	2.176460889135873	-0.86535879348025313	1.4027735119773022	-2.3681868822687799	3.5023380769824954
51	1158	Aledal-6-49	56.7	16.5167	0.99646643109540634	call_rate_ge_0.90	2.0292978286743164	20.767797470092773	-3.3645543831585445	0.95293222392560717	1.1293616651512797	-2.2718238796624366	-0.34456743946308566	-0.6137724848843511	-1.8721569683134314	-0.16526813131727677	3.7826047620240537	3.1935485459897608
52	1166	Aledal-14-73	56.7	16.5167	0.99911660777385158	call_rate_ge_0.90	1.853394627571106	20.871561050415039	-2.6502856522005196	1.6242202632791973	1.1271526299323034	-2.312605119242428	-0.50472812870764039	-1.3915934051826349	-1.7294767560261457	-0.0078267901452527284	2.0573302282580568	3.382944246500017
53	1254	Tos-82-387	59.4333	17.0167	0.98056537102473496	call_rate_ge_0.90	2.5021765232086182	19.373861312866211	-3.9002576780024647	9.3606858733816019	-4.7972930214693568	-1.6294408254575461	-2.9791602134127468	1.1899479082178714	-0.51220117398051623	0.36006401906274971	0.3224401748327641	1.8998088183178305
54	1257	Tos-95-393	59.4333	17.0167	0.93992932862190814	call_rate_ge_0.90	2.3481874465942383	19.618375778198242	-3.8143690218584285	8.3286353165167863	-3.1388497554211177	-2.0336069825339469	-2.5954982727669229	0.14858081488502226	-0.30030372816699441	0.68199370562233497	-0.54049264562932475	0.8648234779249403
55	1313	Ängsö-59-422	59.5667	16.8667	0.99558303886925792	call_rate_ge_0.90	2.5009264945983887	19.607601165771484	-2.1374755506150462	9.0585337834873005	-3.2269962955341258	-1.5135103606831515	0.26174903234363944	-1.2287275578128953	1.8414957095821964	1.2786182343290009	-0.70156711279494743	4.0618569700180682
56	1317	Ängsö-74-430	59.5667	16.8667	0.99558303886925792	call_rate_ge_0.90	2.495995044708252	19.76487922668457	-3.2631292979815485	8.089242733218434	-4.381474376425686	-1.5926599725608683	-1.1115570842508424	-0.46544828770999092	-0.42041670981644946	2.7515065587195791	-0.30224758193067042	2.8192318415218689
57	1552	Sku-30	63.0833	18.3667	0.96289752650176674	call_rate_ge_0.90	2.710557222366333	18.28410530090332	-5.2035117680885694	19.541313674585972	-6.6311287927568117	-1.7924997267166005	0.12073475297041111	-6.8509732432060151	3.4021280440015205	0.45402707119470642	-0.86142001132663704	-2.7673263042435132
58	1612	Brn-10	41.9	-86.583	0.99911660777385158	call_rate_ge_0.90	37.70166015625	43.647987365722656	31.521472350727638	2.280207742601648	0.97670964860193665	0.15006362869742718	-1.0626300558801871	0.98833826515947887	0.40106144765616497	0.13602693527770293	0.3787112486923408	-0.19763173332335993
59	1622	Brn-24	41.9	-86.583	0.99911660777385158	call_rate_ge_0.90	37.7232666015625	43.616554260253906	31.570742758558506	2.3312353887781523	0.94095203471615096	0.18490233466540293	-1.1091685951781882	0.95412214085401914	0.3709926620463242	0.15186442722267651	0.44507264377387684	-0.19080932486422211
60	1651	DuckLkSP38	43.3431	-86.4045	0.99911660777385158	call_rate_ge_0.90	38.704608917236328	44.027645111083984	31.422546797265092	2.3511371900295761	0.96638744386238573	0.17145900569544967	-1.2320726878438082	1.0117198775928451	0.44246874285794024	0.095201813984602951	0.47188719431692144	-0.1698570126113392
61	1652	DuckLkSP40	43.3431	-86.4045	0.99911660777385158	call_rate_ge_0.90	37.719528198242188	43.701290130615234	31.555682032098918	2.3011830453508075	0.93724063362481547	0.2058588948768163	-1.0960301393025138	0.97106156389028275	0.34586856025243284	0.12185111346732733	0.43471920759295463	-0.14948658163160414
62	1676	Haz-2	41.879	-86.607	0.99911660777385158	call_rate_ge_0.90	38.641006469726562	44.051570892333984	31.422546797265092	2.3511371900295761	0.96638744386238573	0.17145900569544967	-1.2320726878438082	1.0117198775928451	0.44246874285794024	0.095201813984602951	0.47188719431692144	-0.1698570126113392
63	1684	Haz-10	41.879	-86.607	1	call_rate_ge_0.90	37.732379913330078	43.615951538085938	31.574751992503902	2.3149450465423276	0.93221870212074498	0.18263878000229625	-1.1127711601711989	0.9643494220752753	0.36816670267755536	0.15303296907291575	0.45359639759157971	-0.1760370108172917
64	1739	KBS-Mac-68	42.405	-85.398	0.99204946996466437	call_rate_ge_0.90	4.7672414779663086	21.074825286865234	30.748542045147143	2.3264204230935923	0.9915154293955647	0.091120890810539756	-1.1457017750105054	0.84456854978490326	0.26476661215198638	-0.26314453675996197	0.5069612283794982	-0.081812208808850984
65	1741	KBS-Mac-74	42.405	-85.398	0.99381625441696109	call_rate_ge_0.90	4.6790909767150879	21.190196990966797	30.550984158536377	2.1727598686764154	0.928838396052174	-0.0038073566477256587	-0.9173535772279966	0.76591052818587746	0.15229122365331343	-0.20237649038983621	0.38817622362422682	-0.14038920450542919
66	1756	Ker-4	42.184	-86.358	0.99911660777385158	call_rate_ge_0.90	37.755794525146484	43.681949615478516	31.572649765681497	2.3089816768509484	0.92709233124575308	0.19207510290637606	-1.1193871612374602	0.96451221224414052	0.37591969497736155	0.13926766948829428	0.46357773223946619	-0.17902225715149481
67	1757	Ker-5	42.184	-86.358	1	call_rate_ge_0.90	37.744876861572266	43.712837219238281	31.574751992503902	2.3149450465423276	0.93221870212074498	0.18263878000229625	-1.1127711601711989	0.9643494220752753	0.36816670267755536	0.15303296907291575	0.45359639759157971	-0.1760370108172917
68	1793	L-R-5	41.847	-86.67	1	call_rate_ge_0.90	37.785251617431641	43.695278167724609	31.574751992503902	2.3149450465423276	0.93221870212074498	0.18263878000229625	-1.1127711601711989	0.9643494220752753	0.36816670267755536	0.15303296907291575	0.45359639759157971	-0.1760370108172917
69	1797	L-R-10	41.847	-86.67	0.99911660777385158	call_rate_ge_0.90	38.815391540527344	43.733078002929688	31.366876187222221	2.3024222721223766	0.96691599500039005	0.097230562771725454	-1.04008873201731	0.89131190058543464	0.340148363048006	0.0014398387799303572	0.46669693375522536	-0.15217408551754483
70	1819	Lak-12	41.8	-86.67	0.99823321554770317	call_rate_ge_0.90	37.816749572753906	43.563865661621094	31.532450871784306	2.3077562208017679	0.89213329600822777	0.18147174708697433	-1.1124267760653685	1.0082907937584185	0.43255314894274488	0.11328209340168317	0.43861183426648637	-0.1902556628656551
71	1820	Lak-13	41.8	-86.67	0.99911660777385158	call_rate_ge_0.90	38.661052703857422	44.078754425048828	31.422546797265092	2.3511371900295761	0.96638744386238573	0.17145900569544967	-1.2320726878438082	1.0117198775928451	0.44246874285794024	0.095201813984602951	0.47188719431692144	-0.1698570126113392
72	1829	Mdn-1	42.051	-86.509	0.99293286219081267	call_rate_ge_0.90	4.3963384628295898	21.494714736938477	15.935783137349635	-0.67576680487261265	1.5907085656101871	-0.12579679793141624	1.0443920148340398	-1.4377100643871503	-2.2297206352424892	1.9839613515327452	1.2286467918686703	-1.2878515135479416
73	1834	Mdn-8	42.051	-86.509	0.99911660777385158	call_rate_ge_0.90	37.678062438964844	43.587440490722656	31.527841040870261	2.3356309290680586	0.90146154156080072	0.15004935714965317	-1.1325021786743756	0.96967377675088207	0.41068316968786345	0.1624059293270628	0.4638307072296029	-0.16742667903875061
74	1835	Mdn-10	42.051	-86.509	1	call_rate_ge_0.90	4.4932956695556641	21.358892440795898	30.424055696901728	2.3006956073701499	0.83683088965238961	0.31029499648386316	-0.70751308840986871	0.69440469592598841	0.41195783841106798	0.57364728191937653	0.53700032318346735	-0.29692845217573771
75	1851	MNF-Pot-10	43.595	-86.2657	1	call_rate_ge_0.90	4.5984954833984375	21.253293991088867	30.424055696901728	2.3006956073701499	0.83683088965238961	0.31029499648386316	-0.70751308840986871	0.69440469592598841	0.41195783841106798	0.57364728191937653	0.53700032318346735	-0.29692845217573771
76	1852	MNF-Pot-15	43.595	-86.2657	0.90282685512367489	call_rate_ge_0.90	4.5788431167602539	21.273168563842773	21.299647553311033	0.74625358362671979	1.4059843242091188	-0.17684954115159082	-0.46000426673493827	-0.61618723824303157	0.26851859002373107	0.0026729585154201558	0.24254011757172467	-0.61585101289399891
77	1853	MNF-Pot-21	43.595	-86.2657	0.95494699646643111	call_rate_ge_0.90	4.5294671058654785	21.326175689697266	20.159420616733527	0.28539346787781045	0.0953312874563189	-0.44802513728973248	2.5209932223903402	-1.5893375657252315	-2.4973989237860299	1.2954605492143194	0.78304816744509098	-0.78002226183439627
78	1872	MNF-Pot-75	43.595	-86.2657	0.98233215547703179	call_rate_ge_0.90	4.5146946907043457	21.339855194091797	19.372377040854861	0.13235416829275351	0.40725926753104408	-1.0574259485056077	-0.76855071378963391	0.27209738410464096	-0.28298136807344931	-0.08740958896582332	-1.0495103351562927	0.75445290055404202
79	1890	MNF-Riv-21	43.5139	-86.1859	0.99028268551236753	call_rate_ge_0.90	3.8583369255065918	30.44354248046875	-7.0100994793267049	7.9301184587023545	14.915871433593287	6.8033334968236385	5.2577886457679517	5.4643107497755121	-1.373830107396536	-2.7229245044922208	-0.53533493948745436	2.0006478277838191
80	1925	MNF-Che-2	43.5251	-86.1843	0.97791519434628971	call_rate_ge_0.90	4.025486946105957	21.463966369628906	10.988389789898802	2.611147223774497	6.2434850050696413	1.1640466597210972	1.1335342170951395	0.25614620682269096	-0.93099169146380345	0.30534702603932345	1.1816997760338279	-3.262964466304668
81	1942	MNF-Che-47	43.5251	-86.1843	0.99293286219081267	call_rate_ge_0.90	4.7521686553955078	21.086200714111328	30.635319021378482	2.2949678437775933	0.82763214581720779	-0.064596522001174286	-1.0935745357620625	0.6595660339147057	0.21410020020417109	-0.21710822627909043	0.37389885660228817	-0.099385838318872738
82	1943	MNF-Che-49	43.5251	-86.1843	0.99293286219081267	call_rate_ge_0.90	4.8024802207946777	21.045547485351562	30.928524356976876	2.2487962785236362	1.0461001489778909	0.092235897079827267	-1.08095566420476	0.84797596222374561	0.33547066798743219	-0.17146099973260112	0.42794363502358851	-0.075795201844760282
83	1954	MNF-Jac-12	43.5187	-86.1739	0.96201413427561833	call_rate_ge_0.90	4.2714395523071289	21.54090690612793	11.504870780175521	1.5856417311958553	4.6675661528358487	1.2457278736402801	1.402765073790597	-0.95401815411673863	0.75412268121064607	-0.034498344999223329	0.62707222364592996	-1.8848147439162362
84	2016	MNF-Pin-39	43.5356	-86.1788	0.96996466431095407	call_rate_ge_0.90	0.60499686002731323	22.20551872253418	-1.4519322713846692	-2.0971092639902627	5.2160327974231411	0.14415171961514148	1.6254559501028154	0.22238732337371192	-0.50789906554358466	-0.16841486465333497	-1.5981520812312764	0.32203783601791525
85	2017	MNF-Pin-40	43.5356	-86.1788	1	call_rate_ge_0.90	37.828708648681641	43.580348968505859	31.574751992503902	2.3149450465423276	0.93221870212074498	0.18263878000229625	-1.1127711601711989	0.9643494220752753	0.36816670267755536	0.15303296907291575	0.45359639759157971	-0.1760370108172917
86	2031	Map-8	42.166	-86.412	1	call_rate_ge_0.90	37.781490325927734	43.721744537353516	31.574751992503902	2.3149450465423276	0.93221870212074498	0.18263878000229625	-1.1127711601711989	0.9643494220752753	0.36816670267755536	0.15303296907291575	0.45359639759157971	-0.1760370108172917
87	2053	Map-35	42.166	-86.412	1	call_rate_ge_0.90	37.656898498535156	43.566177368164062	31.574751992503902	2.3149450465423276	0.93221870212074498	0.18263878000229625	-1.1127711601711989	0.9643494220752753	0.36816670267755536	0.15303296907291575	0.45359639759157971	-0.1760370108172917
88	2057	Map-42	42.166	-86.412	0.99823321554770317	call_rate_ge_0.90	4.6716275215148926	21.199657440185547	24.631799027311196	0.40527662177864265	0.34042255193149618	1.2363662200474173	0.62691497657847972	0.56223219543184966	0.40510430493159916	0.64178432242350147	-0.34560941701481718	-0.29076414697283892
89	2081	MuskSP-68	43.2483	-86.3368	0.99558303886925792	call_rate_ge_0.90	4.7888970375061035	21.060861587524414	30.865875183728196	2.2918847448938613	0.98119742739408766	0.028705841233195625	-1.025715567047629	0.74891037221372536	0.20255898313640422	-0.20762147656986135	0.43276854912703761	-0.13036551971376398
90	2091	MuskSP-83	43.2483	-86.3368	0.99381625441696109	call_rate_ge_0.90	4.8515467643737793	21.002786636352539	30.856043985393519	2.2698203809220914	0.92298018634442014	0.057094697579756992	-1.0790661022442292	0.77588123568826439	0.28879579698187302	-0.28319780935782923	0.43497150155659553	-0.091039362070207783
91	2106	MSGA-10	43.2749	-86.0891	0.99734982332155475	call_rate_ge_0.90	5.0281796455383301	20.83454704284668	31.190002244110882	2.3171577166215322	1.0184114640422972	0.073548372300849818	-1.0182529034820134	0.84506264773724182	0.22828008644292755	-0.13096920606256465	0.42191435334665262	-0.19237766405761428
92	2108	MSGA-12	43.2749	-86.0891	1	call_rate_ge_0.90	37.756889343261719	43.661556243896484	31.574751992503902	2.3149450465423276	0.93221870212074498	0.18263878000229625	-1.1127711601711989	0.9643494220752753	0.36816670267755536	0.15303296907291575	0.45359639759157971	-0.1760370108172917
93	2141	MSGA-61	43.2749	-86.0891	0.99823321554770317	call_rate_ge_0.90	5.0026497840881348	20.844839096069336	31.239828903139362	2.3240263678033268	0.95775546519938648	0.055730981974171957	-1.0024397765414153	0.88136139805647806	0.24913618414125702	-0.055249000105315152	0.40546907169019897	-0.15733930105502464
94	2159	Paw-13	42.148	-86.431	0.99646643109540634	call_rate_ge_0.90	4.9982004165649414	20.874439239501953	31.060784451745565	2.3338343794200993	1.0450227470644449	0.077405341209080367	-1.1093009947494823	0.87109806922792143	0.29479485638269681	-0.15143754466545301	0.4332344614545301	-0.17045839171787278
95	2166	Paw-20	42.148	-86.431	0.9946996466431095	call_rate_ge_0.90	4.7882256507873535	21.051977157592773	30.866281992850173	2.2950745347285837	0.89917089901133407	0.1310985941767544	-0.96277695172026345	0.82703313459904093	0.24294593772786879	-0.041409062257004817	0.3671743358328371	-0.13422753571004595
96	2171	Paw-26	42.148	-86.431	0.98674911660777387	call_rate_ge_0.90	4.1918554306030273	21.84626579284668	2.4293923651217439	-3.7879175670809291	-1.1381777043555739	-1.6274548172265815	0.16065610288344567	-2.4597002928017018	0.044698815950083577	1.2548226203831527	-2.1782821786541562	0.81841457381207205
97	2191	Pent-7	43.7623	-86.3929	1	call_rate_ge_0.90	37.724449157714844	43.595661163330078	31.574751992503902	2.3149450465423276	0.93221870212074498	0.18263878000229625	-1.1127711601711989	0.9643494220752753	0.36816670267755536	0.15303296907291575	0.45359639759157971	-0.1760370108172917
98	2202	Pent-23	43.7623	-86.3929	0.9204946996466431	call_rate_ge_0.90	0.38513284921646118	22.259035110473633	-3.0637284135606024	0.34208301601786711	8.4066733706793411	-0.19528989566044122	0.61474951752566465	-0.012602094002380174	0.47845317130126297	-0.17171812970699116	0.66791751276223965	-0.19551682879359919
99	2212	Pent-46	43.7623	-86.3929	1	call_rate_ge_0.90	37.714115142822266	43.638355255126953	31.574751992503902	2.3149450465423276	0.93221870212074498	0.18263878000229625	-1.1127711601711989	0.9643494220752753	0.36816670267755536	0.15303296907291575	0.45359639759157971	-0.1760370108172917
100	2239	Riv-25	42.184	-86.382	0.99911660777385158	call_rate_ge_0.90	37.740390777587891	43.648456573486328	31.570742758558506	2.3312353887781523	0.94095203471615096	0.18490233466540293	-1.1091685951781882	0.95412214085401914	0.3709926620463242	0.15186442722267651	0.44507264377387684	-0.19080932486422211
101	2240	Riv-26	42.184	-86.382	0.99823321554770317	call_rate_ge_0.90	38.742816925048828	43.675331115722656	31.28109836885589	2.3486676306294498	0.98764933778511055	0.087407640493411209	-1.0571392734419405	0.90468250196894084	0.36754311693655023	-0.028214490729750491	0.5156029994552862	-0.1525219472107795
102	2276	SLSP-31	43.665	-86.496	0.90636042402826855	call_rate_ge_0.90	4.3717851638793945	21.703569412231445	10.986904679709783	-4.0920775900863884	-2.3151926821254998	0.76545768400610836	6.3651339149666581	-3.1590736477454322	-2.1689270291134251	2.0269362201159224	0.17241381353556287	-1.2360631433408695
103	2278	SLSP-35	43.665	-86.496	0.97703180212014129	call_rate_ge_0.90	4.4527726173400879	21.397476196289062	17.202823493387491	-1.1949543114779622	-0.75430546095137985	0.98059990921775886	2.6513383540593058	-2.4883686089095587	-2.766142164612543	1.1968995712758093	1.0991027237559092	0.82971232058591604
104	2285	SLSP-69	43.665	-86.496	1	call_rate_ge_0.90	37.676017761230469	43.656169891357422	31.574751992503902	2.3149450465423276	0.93221870212074498	0.18263878000229625	-1.1127711601711989	0.9643494220752753	0.36816670267755536	0.15303296907291575	0.45359639759157971	-0.1760370108172917
105	2286	SLSP-67	43.665	-86.496	1	call_rate_ge_0.90	37.692859649658203	43.65618896484375	31.574751992503902	2.3149450465423276	0.93221870212074498	0.18263878000229625	-1.1127711601711989	0.9643494220752753	0.36816670267755536	0.15303296907291575	0.45359639759157971	-0.1760370108172917
107	2370	Yng-4	41.865	-86.646	0.99646643109540634	call_rate_ge_0.90	4.9965047836303711	20.920442581176758	31.081076316154416	2.3010335810151816	0.95560214800455634	0.038188312812938878	-1.0459999423348723	0.82665120219414234	0.28969942050588615	-0.15809154608363077	0.40425845777896996	-0.16217143588099742
108	2412	Yng-53	41.865	-86.646	0.99646643109540634	call_rate_ge_0.90	5.0128660202026367	20.862455368041992	31.042435409142353	2.2688561226194164	1.0361655925827407	0.020168644307535791	-0.97015749019563746	0.82433191905421976	0.18244308695074338	-0.18129586422650604	0.40226387069151265	-0.18570355492075077
109	4779	UKSW06-179	50.4	-4.9	0.96819787985865724	call_rate_ge_0.90	3.9983704090118408	22.766151428222656	0.60629164356925791	-4.4886494141913342	-2.749798386086264	0.59389299733283396	6.0288124199206843	-2.3683061786007666	-0.64016153314452429	0.82315493335472212	-1.2987972115062281	1.6778553578694917
110	4807	UKSW06-207	50.4	-4.9	0.98409893992932862	call_rate_ge_0.90	3.9865593910217285	22.863988876342773	0.37179326690795084	-4.8964001226377674	-1.9332181041463021	-0.43177722515171468	5.2169040970272116	-2.1752298860309258	-0.9427159858552282	-0.46899310946851197	-1.3997119526259745	1.1281363674511209
112	4840	UKSW06-240	50.4	-4.9	0.99734982332155475	call_rate_ge_0.90	4.1799764633178711	22.603302001953125	0.8904526391947003	-4.2622947577492658	-5.5676267009137472	0.94804140206745369	9.4822764026228068	-2.8844410421674924	-4.3219998148828669	2.1375031653222023	-0.40985030214438906	1.6359820606424644
113	4857	UKSW06-257	50.3	-4.9	0.9946996466431095	call_rate_ge_0.90	4.7965764999389648	22.554582595825195	-2.4910842667065856	-9.5509558442115434	-7.4766738105934119	1.0706742945943799	15.951598304264971	-10.016734315450442	-7.0611119559040665	2.4157773693140334	4.2745632081327818	-8.6125274042784614
114	4884	UKSW06-285	50.3	-4.9	0.95671378091872794	call_rate_ge_0.90	4.1119790077209473	22.599763870239258	0.46382343490620559	-4.1795773881286955	-6.5892631337163268	0.23384558628255001	9.7056993059096008	-3.42814316391804	-6.0162734744816184	2.3224337857104476	-0.1171600329313213	0.45628500423938761
115	4900	UKSW06-302	50.3	-4.8	0.93286219081272082	call_rate_ge_0.90	4.2729601860046387	22.520503997802734	0.11970846414516548	-5.9396083419846697	-5.9825403678701781	1.3257239656984261	12.805231782691767	-3.9649787725013583	-8.8479895173646756	4.8467374585356753	-1.1213216632202871	1.6394650718765487
116	4939	UKSW06-341	50.4	-4.7	0.99734982332155475	call_rate_ge_0.90	4.2673745155334473	22.404024124145508	0.20044338050858923	-7.5550682152540052	-7.4756543888450144	0.72116589003509501	18.156263017221697	-5.4572234241572861	-12.536279409403857	7.5613778066088129	-1.4934236372020382	2.946489364453456
117	4958	UKSW06-360	50.5	-4.5	0.97968197879858654	call_rate_ge_0.90	3.8256525993347168	22.71858024597168	-0.31215395937110907	-4.6100180301454223	-3.3954160596240888	0.13114063205202739	7.1723866128499951	-0.7175052506436852	-2.0447618447701625	-0.13652536077336594	-1.9729009922140806	1.7856650941764263
119	5104	UKSE06-252	51.3	0.5	0.93021201413427557	call_rate_ge_0.90	2.058445930480957	22.366996765136719	-3.6450598085266273	-1.331525885383877	3.2630386287846775	-4.2626696478802382	-0.46432166470903091	0.63144666175737441	1.4638730791538961	1.2039624777418572	-2.1718267033259631	1.3330748167501192
120	5151	UKSE06-325	52.2	-1.7	0.96113074204946991	call_rate_ge_0.90	3.6443154811859131	22.522449493408203	1.1297356445178308	-2.5192638766081146	-1.3342175350416667	0.44734395930108317	3.0656395378913328	-1.7375421474479606	-1.3931188979300841	0.31884408949249188	-1.137264661547472	2.2734650911964502
121	5165	UKSE06-362	51.3	0.4	0.94257950530035339	call_rate_ge_0.90	2.8596372604370117	21.655872344970703	-0.7691648503890921	-1.7794905070712184	-2.1216576995213638	-0.80709201285703924	4.0159823869629685	0.60186026113878266	0.80308866842079107	1.2698214231101173	-1.1687846222703722	1.2302715326579872
122	5210	UKSE06-432	51.2	0.3	0.97703180212014129	call_rate_ge_0.90	3.287379264831543	22.298254013061523	-0.92977889506126954	-4.300130911523401	-1.9406715011980959	0.18115790629316972	3.6456708392480173	-0.72833698584897288	0.83949000795399298	0.51171234773079288	0.84428229337707816	2.4027981239040495
123	5236	UKSE06-470	51.2	0.4	0.9319787985865724	call_rate_ge_0.90	4.2938628196716309	22.4090576171875	0.14507405459874473	-6.8568097194267912	-7.1901538821329405	0.21558262113796137	17.029056593471182	-5.0116880209282817	-11.446165124053115	7.4394480378209185	-1.3062989082033536	2.3245885614425963
124	5249	UKSE06-491	51.2	0.3	0.99558303886925792	call_rate_ge_0.90	4.8064136505126953	22.553215026855469	-2.3388790714677414	-9.5871479876987884	-7.5108425523350535	1.081854068901227	16.070899831937574	-10.064104770968019	-7.1354139960844458	2.473608524402342	4.2562724114074335	-8.6187074024844161
127	5279	UKSE06-541	51.3	1.1	0.99911660777385158	call_rate_ge_0.90	4.2008905410766602	22.496877670288086	2.3997585786294393	-5.2872092354351476	-4.9674651818725843	-0.23746505003635882	9.4978845171854758	-3.4348845001774917	-3.4863027739704231	1.4279310006905872	0.40763810814842993	0.020367273784728995
128	5349	UKSE06-639	51.1	0.4	0.94964664310954061	call_rate_ge_0.90	3.6426911354064941	22.165115356445312	-0.15107182275075839	-4.0608580038509379	-1.321684487608362	-0.92614839618218936	4.5412221065339731	-2.8352515953561626	-1.0775448622157573	0.80537641734564047	-1.2259559023984463	2.3150697988700299
129	5353	UKNW06-003	54.5	-3	0.96731448763250882	call_rate_ge_0.90	4.260777473449707	22.441322326660156	0.22698821429770069	-7.2605657118023004	-5.7114875300680614	-0.15923037998745929	14.453402897580657	-4.5481225115091197	-8.3355819065354364	5.4134179454962519	-1.9006072721512655	1.2313205495232882
130	5395	UKNW06-102	54.4	-3	0.9946996466431095	call_rate_ge_0.90	4.3208341598510742	22.742189407348633	-2.419273051915662	-9.3787488714334479	-7.4038753983690828	1.0424629780865475	15.980151160475202	-10.01728301065318	-7.1157183973612543	2.4155471358340068	4.3211740884836578	-8.5521057246298504
132	5577	UKNW06-403	54.7	-3.4	0.91961130742049468	call_rate_ge_0.90	4.2600188255310059	22.491256713867188	0.4383558558721245	-6.447386286594706	-5.1438391346058712	0.80381535350136291	11.809484815878168	-4.4371143406816005	-7.2348316660210292	4.0148918249409036	-1.9881892455233172	3.1790557678364761
133	5644	UKNW06-481	54.4	-2.9	0.92932862190812726	call_rate_ge_0.90	4.0572676658630371	22.681859970092773	-0.54620654584226613	-4.4877330894550429	-1.8417309250090668	-1.0341278872527426	6.7589614173366721	-3.0445080168249929	-1.9572914750437522	2.2701325883229027	-0.97298850792781122	-0.019842652019825581
134	5651	UKNW06-488	54.4	-2.9	0.99558303886925792	call_rate_ge_0.90	4.8114190101623535	22.554468154907227	-2.2670678566768179	-9.4149410149206965	-7.4380441401107182	1.0536427523933918	16.099452688147824	-10.064653466170762	-7.1900204375416381	2.4733782909223176	4.3028832917583166	-8.5582857228358016
135	5717	Bra-1	54.6	-3.2	0.99558303886925792	call_rate_ge_0.90	4.8509612083435059	22.567609786987305	-2.2670678566768179	-9.4149410149206965	-7.4380441401107182	1.0536427523933918	16.099452688147824	-10.064653466170762	-7.1900204375416381	2.4733782909223176	4.3028832917583166	-8.5582857228358016
136	5718	UKID11	57	-3.4	0.99381625441696109	call_rate_ge_0.90	4.444239616394043	22.72337532043457	-2.3837080600033742	-9.3830329126677334	-7.4031125638590671	1.0412437920811646	15.976091338074752	-10.021034000622857	-7.1129720869429853	2.4114601524069856	4.32051755132761	-8.5485918828317473
139	5741	For-2	56.6	-4.1	0.97614840989399299	call_rate_ge_0.90	3.5293898582458496	22.497133255004883	0.85153217459866049	-3.0243949293707728	-3.6229359405259358	-0.45885256495097648	3.1697229606902737	-0.23672410773078079	-0.58163300899517323	1.1035347631648207	-0.74302984739046418	1.3464704639232945
142	5768	UKID63	54.1	-1.5	0.9037102473498233	call_rate_ge_0.90	3.0225164890289307	21.996925354003906	-0.36576624925611367	-1.8021940701447057	-2.2612196994848421	-1.5445886282206527	3.5848510222444272	-1.0886542304989368	-0.80665963934379536	0.18326436525696083	-1.3164962593809388	1.3155981922003568
143	5772	Set-1	54.1	-2.3	0.91342756183745588	call_rate_ge_0.90	2.2607145309448242	23.278005599975586	-1.6562185021436726	-4.714611446327492	0.40982738556847009	-0.72872618816926804	0.0066888557030036887	-2.8107508155574266	1.148486045173595	-0.74191711450803233	-2.7818360152320252	-3.2029503673219084
144	5776	UKID71	52.9	-1.3	0.99381625441696109	call_rate_ge_0.90	4.8325409889221191	22.565027236938477	-2.3115616616951997	-9.5092305013652165	-7.5009824328755901	1.1095298478200857	16.002107482978129	-10.001110033755861	-7.2699109975923166	2.5398132709058232	4.1555278274206282	-8.6744451735677472
145	5779	UKID74	51	-3.1	0.91166077738515905	call_rate_ge_0.90	3.5269076824188232	22.723596572875977	0.60577641399485083	-3.6591815115082884	-3.0834752835691286	-0.84259361796567822	3.8104819336793816	-1.3468674172300787	0.27636667521048053	0.072744435910957542	-1.8759370507819062	0.30343643726208647
147	5798	UKID93	53.1	-3.3	0.99734982332155475	call_rate_ge_0.90	4.2808470726013184	22.442609786987305	0.26022348971438708	-7.5561774611640589	-7.4948676602656841	0.52577741072788897	18.108782908805779	-5.4796999321591437	-12.4260814260572	7.5182326043645462	-1.5217063932332595	2.8820040920572474
148	5800	UKID96	57.4	-5.5	0.92491166077738518	call_rate_ge_0.90	2.4883005619049072	22.210010528564453	-1.9122147249061006	-4.2095681851027962	1.4544626216280208	-2.3642164899829194	0.68817544749172177	-2.1754736759077749	1.6686082263133035	-1.1469128237506057	-1.8944241310624217	1.3246509893772747
149	5811	UKID107	52.9	-3.1	0.91166077738515905	call_rate_ge_0.90	3.4212572574615479	22.410419464111328	-2.7629900330523635e-05	-3.1953704407265393	-1.793808522156001	-2.0092538565461346	3.4632958206302997	1.1772024805601884	-0.21682285726058662	0.25286826514676508	-2.7244838799827571	1.7531534608617119
150	5822	UKID116	56.7333	-5.98333	0.92844522968197885	call_rate_ge_0.90	2.5057089328765869	19.895885467529297	-2.0177338934683111	5.9076416766330713	-7.6851387171550964	-0.77529944052910049	0.34577699209682017	1.8029546413445257	-2.7948804663327715	0.015650004028664118	-1.0255533599037501	7.4489867631973876
151	5830	App1-12	56.3130014	15.9807762	0.97438162544169615	call_rate_ge_0.90	1.5501941442489624	21.569601058959961	-3.0632356969662387	-1.783613799202848	1.6952954471207946	-2.9844301625399541	-0.057253391144997549	-1.8433620495388214	0.93807400994226375	-0.23180965024040073	-1.2490544769723477	0.77594220428657701
152	5831	App1-14	56.3130014	15.9807762	0.98586572438162545	call_rate_ge_0.90	1.7646535634994507	20.519706726074219	-4.7124258899725779	0.67156324401812784	0.89766283233003941	-4.3088511279575661	-1.0597434738790004	2.4503327194715796	-0.86453218538586996	-0.54663886096569581	-1.0233877572233443	3.3076010320659726
153	5832	App1-16	56.3130014	15.9807762	0.99646643109540634	call_rate_ge_0.90	2.4749581813812256	20.622686386108398	-2.483405983183665	2.2583167137242115	-3.3835139052736745	-6.0005333617886913	1.4297357935962898	5.1036470770465936	-1.9661821314213177	0.60905985085032333	0.38727080208331366	1.3395977621174928
154	5836	Boo2-3	55.86	13.51	0.98586572438162545	call_rate_ge_0.90	-1.7978273630142212	19.133987426757812	-6.5597435839842433	1.7611159034532473	-6.1198763864241084	-12.006108936487516	7.7403173719650118	19.167679237997341	0.77647223954392264	0.091394822621396032	4.7524540421507631	-6.8438659723415336
155	5837	Bor-1	49.4013	16.2326	0.93639575971731448	call_rate_ge_0.90	-0.3518352210521698	22.455625534057617	-4.6947128479038005	-2.21443519477597	5.0997811603332934	-4.8643287187289044	-3.6613156318968358	-2.4964835801313678	2.8360267229603329	-0.31663021981617351	-2.0327502458907594	-2.2990489765630819
156	5856	Dör-10	63.0091989	17.4849587	0.91166077738515905	call_rate_ge_0.90	2.6694362163543701	18.110569000244141	-4.3492163969524711	21.251994859093408	-10.8500691273056	-0.94521939089786411	-0.5416502125397894	-8.3612405097933973	0.8157152539367718	-1.2649239875671299	-0.087770427695475314	-4.2523296464652338
157	5860	Dra-3	62.6827735	18.0141098	0.99116607773851595	call_rate_ge_0.90	2.6080946922302246	19.077859878540039	-4.2594405963466873	14.614653455654912	-4.3102758061265583	-2.1080376759633266	-0.12669453943742823	-5.0052855005991299	1.5465822430510603	1.6288411145777271	0.62938075848806951	0.14255723497225536
158	5865	Dra1-4	55.7565106	14.1231006	0.99381625441696109	call_rate_ge_0.90	1.5347522497177124	20.753911972045898	-4.1540524365693976	2.2727321247457062	0.096781433293402747	-5.9468994264661363	-0.62662109749187034	0.26171985752632781	0.548336871829605	0.30184725337695362	-2.6325438321437695	6.9474166095642005
159	5867	Dra2-1	55.7570661	14.1220385	0.99204946996466437	call_rate_ge_0.90	1.5755718946456909	20.817930221557617	-2.4697905814779375	1.1494454587419416	-0.016354678018185027	-3.5743821654902042	-2.072456498971782	0.59349820383609131	-1.5340842101241476	-0.84267312074888212	-0.18552438416861236	4.5113688121209776
160	5874	DraII-6	49.4112	16.2815	0.90106007067137805	call_rate_ge_0.90	-0.34600073099136353	22.482763290405273	-3.7196686965887324	-3.3456583442320884	5.6511470849793524	-6.1733964155732277	-4.7358655706476327	-1.786709965265606	-0.13999170341624875	0.14484098408767845	-3.1291134674727297	-3.2453163946179915
162	5893	DraIV 1-11	49.4112	16.2815	0.90989399293286222	call_rate_ge_0.90	-0.40071684122085571	22.320722579956055	-3.0374633799915327	-3.5155655032213438	6.8932480316065954	-5.94363963182216	-5.1376391636210617	-3.1433098766208816	-1.0125520729518471	2.1144760780448251	-2.539877742971183	-2.026374528333295
165	5950	DraIV 5-12	49.4112	16.2815	0.94346289752650181	call_rate_ge_0.90	-0.44179385900497437	22.387592315673828	-3.8269231409451687	-2.0220321543816184	5.8449861063279123	-5.4441032808539527	-3.6024646987512012	-1.6105182207920239	1.6907770377475828	0.64575810196601569	-2.232479039361511	-2.6083910859992905
166	5984	DraIV 6-13	49.4112	16.2815	0.91607773851590102	call_rate_ge_0.90	-0.4053669273853302	22.340791702270508	-4.0189216636416836	-3.1434849778868608	4.7860396271053318	-4.7575416183045176	-4.6078529806614785	-1.3452498217002709	-0.046852597464957305	0.6632102160077441	-3.3843700600917037	-4.83515942966421
168	6008	Duk	49.1	16.2	0.93551236749116606	call_rate_ge_0.90	-0.44113251566886902	22.544479370117188	-3.4125473399775594	-3.1498734600657028	6.8209572306488164	-5.3889317741936296	-6.0182741401112638	-2.9287871494850104	0.53258377992690797	-0.31218130314206544	-2.6702575096138492	-3.8720123862886258
169	6009	Eden-1	62.8759855	18.1749827	0.96643109540636041	call_rate_ge_0.90	2.6248648166656494	18.04132080078125	-5.0338248172214746	20.767984378353251	-8.5543276573573355	-2.4837338670669333	1.0887249680387789	-5.7068407987723342	1.738623623533351	-1.1112707512795483	0.065045731973989787	-3.7516456870621688
170	6010	Eden-5	62.8759855	18.1749827	0.99293286219081267	call_rate_ge_0.90	2.637692928314209	18.030052185058594	-5.7638938722439743	23.041777156390552	-9.8905958274167496	-2.6951458083948725	-0.16541071036628027	-8.0096712385398003	1.453569637667248	-0.054028793327053175	-0.34639547623731454	-3.3503852763576458
171	6011	Eden-6	62.8759855	18.1749827	0.98763250883392228	call_rate_ge_0.90	2.6772956848144531	18.109098434448242	-5.3762636566552535	22.90294221204406	-8.1183238514763847	-1.0897483387493083	0.36865914372311614	-7.2883826731035848	2.0253376841604718	0.62614967111198094	-0.013389742057583993	-3.1791548780561465
172	6012	Eden-7	62.8759855	18.1749827	0.9885159010600707	call_rate_ge_0.90	2.6558182239532471	18.062328338623047	-5.9408147494099115	21.930034239396729	-8.8426806677404155	-1.7166740038635118	0.82655137741175411	-6.9970701054846831	1.8393787278686389	-0.50250937852104272	0.1069687458909153	-3.9012215912762076
173	6013	Eden-9	62.8759855	18.1749827	0.9885159010600707	call_rate_ge_0.90	2.736250638961792	18.044042587280273	-6.0877287080852733	22.327110645792189	-7.3471000647049776	-2.11402905447228	-0.19584134663485148	-6.6047483132040909	3.3139427591149788	-0.44494952301516777	0.1922005437550558	-4.9581940690164252
174	6016	Eds-1	62.9147	18.4045	0.9204946996466431	call_rate_ge_0.90	2.7407450675964355	18.245098114013672	-5.8637206532230124	21.569325536816574	-6.9457111104312963	-0.78473813055047137	2.3210177730345456	-6.6149825956191748	1.5843488610876901	-0.5702083599037191	-0.22009066529792212	-3.651857183793596
175	6017	Eds-9	62.9147	18.4045	0.99293286219081267	call_rate_ge_0.90	2.769378662109375	18.173322677612305	-5.4634260305572093	22.777887941622755	-8.1086370251037341	-2.4077064776372157	1.9855267350363388	-6.7925744067922906	1.9883700421402088	-1.0058943287856903	-0.051828907946707969	-3.0148217458066657
176	6019	Fjä1-2	56.0617671	14.2786489	0.9487632508833922	call_rate_ge_0.90	1.5286738872528076	20.470417022705078	-3.0183569011529841	0.82990250078399419	0.076476590405973766	-5.2915025900321826	-0.89122933078303934	-0.081456818806529011	-2.3262485662953534	-0.012056811743373473	1.0603435935138843	3.4225494513309149
177	6020	Fjä1-5	56.0617671	14.2786489	0.94346289752650181	call_rate_ge_0.90	1.5014467239379883	20.545009613037109	-2.7312462226219543	-1.0685050742248117	2.1217572616545186	-4.2768272018919546	-0.38903987347513569	1.5720730492776069	-1.8707464822278221	-2.9787725585691724	-2.2638434358223134	3.8761209354501078
178	6021	Fjä2-4	56.068008	14.281492	0.98144876325088337	call_rate_ge_0.90	1.5167135000228882	20.835145950317383	-3.4006804897577156	-1.7421962894526284	1.9729590184697632	-4.2943218028483168	-1.7650703108588797	0.7894232476925791	-0.87512300536125953	-2.1676796112925856	-1.9150161821041416	4.2870493194585944
179	6022	Fjä2-6	56.068008	14.281492	0.97526501766784457	call_rate_ge_0.90	1.3868093490600586	20.700450897216797	-4.0812139274802135	-1.7942071423347565	2.1268361697937372	-5.5261728156325036	-1.3507194043353403	0.98920215301805547	-0.99776336088281659	-1.999685613147322	-1.4748242099771989	4.2947434553377901
180	6023	Fly2-1	55.7501271	13.3720798	0.98674911660777387	call_rate_ge_0.90	-1.7781609296798706	19.157049179077148	-5.6181358815222104	2.0408949492514514	-5.9368955325616435	-11.376472443072497	5.2055924646544076	17.695188060551608	0.064970418058818591	0.40629661132858491	5.2097933855805891	-5.9357521307804353
181	6024	Fly2-2	55.7501271	13.3720798	0.98939929328621912	call_rate_ge_0.90	-1.6917797327041626	19.252590179443359	-5.2581744710929001	2.9012914430805266	-7.0280479976927772	-13.023268596299255	7.2082587839839398	20.494152418981542	1.7500864752761505	0.26072870453021046	6.2625190936241379	-8.219584435593811
182	6025	Gro-3	62.6381	17.7311	0.99028268551236753	call_rate_ge_0.90	2.5353667736053467	19.137674331665039	-5.2682595539884032	13.582084274384544	-6.6410354105507539	-2.2321750784770549	-2.2278622837158282	-5.3155583849285009	0.39670484366678005	-0.26251982677595836	-0.48424150559871626	-0.40837962551041473
184	6034	Hov1-7	56.0755241	13.7453108	0.99116607773851595	call_rate_ge_0.90	1.4666301012039185	21.260770797729492	-5.2708957710976714	0.95880299938493907	-2.0772010230756632	-8.5277739412778466	1.1353910994563625	8.4675604882522926	-0.19910436826442676	-0.459736528838458	-1.1761777087523542	-1.3571842530071156
187	6038	Hov3-5	56.1045244	13.7249024	0.99381625441696109	call_rate_ge_0.90	1.9532498121261597	21.264625549316406	-4.052582915921735	1.3046160854504645	-3.2266822819344112	-5.8688925234517058	0.078813779594101588	4.6302918291688142	-1.0073040328074634	-1.0796704845544192	-1.4358603411171003	3.0062712294276164
189	6040	Kni-1	55.66	13.4	0.97526501766784457	call_rate_ge_0.90	-1.7761574983596802	19.255853652954102	-5.3373974702783205	1.85588007579839	-8.2855082304595591	-10.721686990066246	7.1816997776247877	19.203764836430295	1.4881207255157487	-0.67292827386432286	4.7560114048977393	-6.5300795356905956
190	6041	Lis-3	56.0089259	14.7427433	0.98939929328621912	call_rate_ge_0.90	1.7605630159378052	21.195953369140625	-3.219101327850983	-0.054086569580191181	3.0436902008327245	-3.9029115721575272	-1.4385298415324692	0.23027245401619609	0.17579791233453085	0.12473216441705141	-2.440760971434321	4.7117635139940637
191	6042	Lom1-1	56.0964877	13.8561835	0.97614840989399299	call_rate_ge_0.90	1.031804084777832	21.678922653198242	-3.1048926433831552	-2.0063161809843759	4.0723187319742271	-4.9509824689348658	-4.0569470997877293	-0.88075381248533269	-1.8899104191432983	0.99139821538323747	-3.7111687346548972	0.7946283903237511
193	6046	Löv-5	62.8003225	18.075722	0.92314487632508835	call_rate_ge_0.90	2.6939995288848877	18.468053817749023	-5.1504992981936306	14.240691006927374	-7.1411285562928484	-3.7168863892197668	-1.8783125032572765	-6.4581257593983494	0.65866321619557	0.088818490544365747	0.42625802373153693	-0.89016498413176315
194	6064	Nyl-2	62.9513	18.2763	0.93551236749116606	call_rate_ge_0.90	2.7840402126312256	18.206634521484375	-5.6506100956074787	21.798329988030648	-7.9305041354498735	-1.9524580305606192	1.8485793833078825	-6.6399449484287274	2.2211929094285958	1.1935081211401317	-1.8846065918095558	-3.1273873743272773
195	6069	Nyl-7	62.95681	18.2763	0.98498233215547704	call_rate_ge_0.90	2.7627227306365967	18.307159423828125	-5.8665667495237326	23.065840332960139	-7.8839252877836161	-1.6674796254370718	2.55796256085925	-7.6780310292117457	2.0380743015741585	1.0957796162712168	-1.5069532085339252	-3.3609577959460659
196	6070	Omn-1	62.956806	18.339997	0.98674911660777387	call_rate_ge_0.90	2.7668097019195557	18.075922012329102	-5.2217655578414908	23.010972917966079	-9.5868989639431614	-2.31497166976862	0.65320907287773933	-9.0816128531752582	3.1842430866563807	-0.70668352140955037	-1.0531513797491641	-3.8776493317366727
197	6071	Omn-5	62.956806	18.339997	0.99116607773851595	call_rate_ge_0.90	2.7411108016967773	18.104221343994141	-5.46843808020102	22.918851608426969	-10.060697806356245	-2.6549066849600065	-0.061899144016196304	-10.375413504043451	2.6719486848336542	-0.58565170554435886	-0.83627067424355328	-3.1445794560239535
198	6073	ÖMö1-7	56.1460908	15.7779722	0.99646643109540634	call_rate_ge_0.90	1.7625950574874878	21.063400268554688	-2.4573670194061354	-3.1862744182693037	0.6140759114885096	-2.8520400763354394	0.215700247952121	-1.3141045362068302	-1.5917890911198551	-1.5357842593316706	-1.7998671070435646	1.8227133565311497
199	6074	Ör-1	56.4573992	16.1301702	0.97349823321554774	call_rate_ge_0.90	2.1146171092987061	20.193597793579102	-3.8259682931257961	1.646990533985409	-0.44622174061763636	-2.4252585925668297	-1.1017596304614941	0.81015036704654397	-1.7168317983969359	-1.0557264600455074	-0.61405020485742601	4.1705779382105135
200	6076	Rev-2	55.7170459	13.4354695	0.91342756183745588	call_rate_ge_0.90	1.3005706071853638	19.854894638061523	-2.7346179435508051	-1.3996953241730348	-0.13708816514482861	-5.5867026991635269	-1.1866434600884044	1.9740366567971042	-0.58592796545992498	0.35455326683253874	-2.189646615184258	6.1468826011741893
201	6077	Rev-3	55.7170459	13.4354695	0.99293286219081267	call_rate_ge_0.90	-1.7384123802185059	19.24224853515625	-5.2896974724589878	2.4771419459994948	-7.9428862771144457	-10.83119101341242	8.1002100815782931	19.868832979855217	1.4118949221746475	-0.5074791825378786	6.8767855878392501	-8.2051175227501076
202	6085	Sparta-1	55.709434	13.2155403	0.99293286219081267	call_rate_ge_0.90	1.0708185434341431	19.680532455444336	-4.6836791735175503	2.2838078047189931	-0.43502363640473435	-9.3761265007430072	-2.0974908751425043	2.6215740027162955	-0.20733964822073628	-3.1916208440615979	-2.9685659484090818	4.5507534260355991
203	6086	Sr:3	58.9	11.2	0.99646643109540634	call_rate_ge_0.90	2.5594522953033447	20.418060302734375	-3.2034744961052724	5.0994033932985694	-7.5124424393484661	-1.678634238062291	0.13636470680054907	1.2750875353520659	3.5481538320218067	0.49475534423205147	0.37383134855055472	1.8110860637447683
204	6087	Stu-2	56.465642	16.1302444	0.97879858657243812	call_rate_ge_0.90	1.5985590219497681	20.681570053100586	-2.0107456806864858	-1.0842400181191869	0.6644522628502596	-4.1523872330772456	-0.29085915029640685	1.683238895860278	-0.60474495878568957	0.10453813144411951	-1.4700950196468165	2.9444140364569042
205	6088	Stu1-1	56.465642	16.1302444	0.99204946996466437	call_rate_ge_0.90	1.7015237808227539	20.834787368774414	-4.0490564772804118	-0.54271220885606208	1.1904831751434028	-3.6904391944887451	-1.9359594474573403	2.7217565246149102	-0.10160181432172469	0.09331835145236872	-1.3352259416848486	3.5360477236599963
206	6090	T1000	55.6525	13.2197	0.99293286219081267	call_rate_ge_0.90	1.1447519063949585	19.763456344604492	-3.8277659274518814	0.23426330536351883	0.68775859419557017	-6.9911209691639273	-2.7597374121401219	1.7306031939856814	-0.54787015138409989	-0.68828468918907471	-2.9354919833097135	7.3242163096741066
207	6091	T1010	55.6525	13.215	0.98763250883392228	call_rate_ge_0.90	-1.7555884122848511	19.165430068969727	-5.8893909193313121	4.0892482861331869	-8.3074869989051159	-12.227644764974389	6.9228427200727101	21.225117602567185	1.9660452918585394	-0.48825771370842164	6.8638346567490025	-8.7517805105330737
209	6094	T1040	55.6494	13.2147	0.94964664310954061	call_rate_ge_0.90	1.517098069190979	20.226188659667969	-2.7659419157728244	0.62201840289508259	-0.19925638762286765	-5.5419072710576573	-0.11841757048496533	3.7033264400191062	-0.28032345038680817	-0.092346873666633633	-0.68065319696937909	4.982023553797946
210	6095	T1050	55.6486	13.2161	0.99293286219081267	call_rate_ge_0.90	1.0944331884384155	19.678186416625977	-4.0000253788008555	-2.1315450251826258	2.2617324040019953	-9.6532805139668678	-1.3784111614512322	4.9474880360099327	-1.5679657742874804	-0.53016737445631179	-3.3345928554499671	5.0640763970852296
211	6096	T1060	55.6472	13.2225	0.98939929328621912	call_rate_ge_0.90	1.0916938781738281	19.701082229614258	-3.9313412213448702	-1.5781890736891144	-0.66241647042583163	-7.3891166875213496	-3.0699161276000773	1.8221195157105161	-2.8285581125778743	-2.1982374793567785	-1.415361033403572	6.6002526611510079
212	6097	T1070	55.6481	13.2264	0.99116607773851595	call_rate_ge_0.90	1.0450439453125	19.570919036865234	-3.8801729228218247	-0.12336570647556541	0.05921424392433753	-7.1621730098080478	-1.617458057241739	3.4153480598748818	-1.8634629880190965	-1.9144857308575987	-1.9269828133221312	5.9250060426927682
213	6098	T1080	55.6561	13.2178	0.9946996466431095	call_rate_ge_0.90	1.609336256980896	20.272159576416016	-2.8833881079014527	-1.7959498396503313	-1.472028611760511	-5.7930329948553361	-0.8836036830711731	1.2445296355948128	-2.0728933504051965	0.16973736178986293	-2.5011242441292341	2.7337023666659439
214	6099	T1090	55.6532394	13.2193742	0.99116607773851595	call_rate_ge_0.90	2.0479185581207275	20.397342681884766	-2.9402019992875044	-0.10126122863810198	-0.47407442811266143	-4.0998346451986434	-0.31230666678855129	4.071246260434628	-2.1417694127849121	0.10903240033170798	-1.1601965024156242	3.7702303022868113
215	6100	T1110	55.6465188	13.2226591	0.98498233215547704	call_rate_ge_0.90	1.2188763618469238	19.793352127075195	-3.6238222046129147	-0.42705465193317776	0.69323174711219548	-8.0375820368943973	-2.0441709561428487	3.4886664920605091	-0.38538028915550582	-0.46590531204172153	-2.5102400023501197	2.9851796380126743
216	6101	T1120	55.6465188	13.2199068	0.99381625441696109	call_rate_ge_0.90	1.5099225044250488	20.114768981933594	-3.1936253696656789	-1.0669901691532746	-1.270862917583623	-5.7322082627628701	2.0970050564786393	3.0996102638224898	-0.37176537108203811	-0.55603597562618867	-2.9576077433180639	2.0599910394566825
217	6102	T1130	55.6484554	13.2240307	0.97349823321554774	call_rate_ge_0.90	1.257032036781311	19.84001350402832	-3.3064436573472666	0.19749116784416335	-0.15152388114230192	-5.2190158864785925	-1.1256687644526291	3.2196386602612277	-1.0109228458829496	-0.48742795658676341	-1.4381233088469969	2.6362886725402506
218	6104	T1160	55.6995163	13.2078964	0.98939929328621912	call_rate_ge_0.90	-1.7303544282913208	19.190479278564453	-5.4320882960386561	1.3971410937226616	-6.9599557865254678	-12.483553226735207	6.8872059756436386	18.461009005905133	0.54461780496122902	1.176725796719388	5.0462070875211342	-8.5416795501949387
219	6105	T450	55.7912838	13.1166475	0.90636042402826855	call_rate_ge_0.90	1.7419122457504272	20.223831176757812	-3.2667987209736924	-0.56455355109407934	0.25531847644966771	-5.225741815286101	-0.22835268753745688	3.3059970704804362	0.5505840872432991	-0.78834204162797683	-2.0792090517929758	3.0915730829857124
220	6106	T460	55.7892517	13.1151131	0.99204946996466437	call_rate_ge_0.90	1.0726704597473145	19.624298095703125	-5.839123051096994	1.4584672532081628	1.064027536986603	-9.4156942833458377	0.23167196662903825	4.0983699643575662	-1.6334570094521612	-1.1429742929473865	-3.6660498808110562	5.2217412527404417
221	6107	T470	55.789833	13.1172969	0.99116607773851595	call_rate_ge_0.90	1.1353826522827148	19.742532730102539	-4.3474701026179359	2.4837395968244231	-0.22305181355048445	-8.1215279031734902	-0.75680957876722355	5.0281329516536193	-2.0501271633385851	-1.0752672760688948	-0.26645506983855433	5.2586133519171412
222	6108	T480	55.7925311	13.1162548	0.99116607773851595	call_rate_ge_0.90	4.10418701171875	22.877691268920898	-0.08294295877039734	-3.4497458537183792	-3.9252568169203812	0.60138423610128633	5.8425983627651288	-1.4658565225806968	-0.014161545734671032	1.0044139679295487	0.12785551129697387	0.73438164319393284
223	6109	T510	55.7895346	13.1113481	0.96819787985865724	call_rate_ge_0.90	1.1061961650848389	19.763652801513672	-4.216088889843169	0.90941986776850958	1.5886368091396761	-10.295591616221845	-2.6345546240509474	3.3671636519727741	-1.2749313374666909	-1.8723115510168598	-0.77057473845521063	5.976031936451311
224	6111	T530	55.7928025	13.1104309	0.98409893992932862	call_rate_ge_0.90	1.2401974201202393	19.796499252319336	-5.6793482775764517	-1.6281535729262733	0.4314688530121854	-5.5983108880823869	-2.7972066863090852	5.0111405366755024	-1.4691112225546852	-2.8046863453968802	-3.762349166161806	5.904274932559419
225	6112	T540	55.7908676	13.09336	0.9832155477031802	call_rate_ge_0.90	1.0902581214904785	19.691631317138672	-3.7888289890242683	-0.77523719833156046	0.89992426117887914	-9.1748294563598627	-1.0103924792812484	4.9957799838439012	-1.5294827274850438	-0.71555797524649301	-0.88683743331146836	3.7745891278907662
226	6113	T550	55.7976997	13.0996565	0.98586572438162545	call_rate_ge_0.90	1.0627228021621704	19.679742813110352	-5.00206880490905	-0.7909158518824021	1.4066114220453128	-6.9007290322738095	-2.6564814351575587	2.888754227391455	-3.6058686073063138	-0.609407562719676	-0.98930090322794684	3.9436692977456169
227	6114	T570	55.7990936	13.1296295	0.98498233215547704	call_rate_ge_0.90	1.0062005519866943	19.748495101928711	-3.695839930344758	0.73128497200537035	1.6870046990467797	-8.1129007846086356	-2.2145811712247188	3.171584219614934	-1.1093016448483171	-1.1257589175342999	-0.78261462774805612	5.7115815017478395
228	6115	T580	55.7932875	13.1326552	0.96289752650176674	call_rate_ge_0.90	1.116948127746582	19.707347869873047	-5.7805581973138569	0.9233050668264543	0.72677467954940034	-7.206067893059859	-1.9272494494862169	3.5052123202762928	-1.9894865926624958	-1.0820321967811246	-3.4433120607083176	6.71885984269686
229	6118	T610	55.7138306	13.1745511	0.99823321554770317	call_rate_ge_0.90	-1.7511060237884521	19.17402458190918	-5.3803343172768958	4.3922952380336069	-8.0242596302110929	-12.097057030944905	7.7173739828616661	20.915883858893736	1.3603275817638139	-0.14223277470207851	6.1709842078595534	-7.3547990297860402
230	6119	T620	55.7034097	13.1729204	0.99823321554770317	call_rate_ge_0.90	1.22516930103302	19.832563400268555	-3.8788323940771141	0.42254668300345161	2.4362590111989477	-6.657353571789228	-1.6617828896097733	2.8477059011015537	-1.7532617085687778	-1.2176978949620887	-3.312242986951254	5.5884982160644867
231	6122	T670	55.8350143	13.2954193	0.94522968197879864	call_rate_ge_0.90	-1.8249497413635254	19.247350692749023	-5.7167313780384861	2.4091091225354595	-5.2168425347793494	-11.256411257918032	5.2092729632038361	17.169221258388301	0.81181070733892136	-0.72324621011020873	5.1597177749584668	-6.3710003795336885
232	6123	T680	55.8351287	13.2986651	0.99823321554770317	call_rate_ge_0.90	1.1628308296203613	19.684637069702148	-3.8022266211869034	0.58211644574604338	0.53343336346443637	-8.8505759944437994	-2.0936990384620935	3.888977653609782	-0.82044237560060618	-1.4605303385451887	-0.92021933670837475	5.7007688682165503
233	6124	T690	55.8362185	13.2995709	0.99204946996466437	call_rate_ge_0.90	1.0465532541275024	19.643327713012695	-4.0845069524903428	0.48911453117645798	0.14173897671734845	-9.5471481876519562	-0.91611983230823857	5.6622136857458951	-0.87198886132941855	0.79031318989851918	-1.4648728025001643	7.7487138249430219
234	6125	T710	55.8371341	13.2984818	0.97791519434628971	call_rate_ge_0.90	-1.7465566396713257	19.230794906616211	-5.4266524702045249	2.1785453415885008	-7.0366842250753567	-11.284359016919469	6.2564791918728062	16.721902341822485	1.7846757695052213	0.69870210938854027	5.5157627947236216	-7.0310456066728335
235	6126	T720	55.8379372	13.3002261	0.98674911660777387	call_rate_ge_0.90	1.0514414310455322	19.650409698486328	-5.5841005701297854	0.11369194298536248	0.5026276755080562	-9.1733776873848161	-1.6036113066463382	3.5051344220097538	-2.1387022341601543	-1.7699977534486895	-4.2101240746534163	8.0130376254847366
236	6128	T740	55.8397	13.2881	0.98939929328621912	call_rate_ge_0.90	1.0569289922714233	19.714088439941406	-4.2901975438221935	0.20063322816007215	0.72506627351078157	-8.6639017174495976	-0.73468751258372811	3.5216697770251701	-0.071236347966562225	-2.694805930189685	-1.9860178166480673	4.666621484470749
237	6131	T780	55.8369	13.3181	0.99558303886925792	call_rate_ge_0.90	-1.7410509586334229	19.195541381835938	-4.4718884311549516	2.0935385614489395	-4.2889432503451079	-13.226696075807894	4.0655432739984763	15.097681168235884	-0.83900839093860213	-2.0899865192840226	4.1125414481504992	-4.3811049339739307
238	6132	T790	55.8386	13.3186	0.99204946996466437	call_rate_ge_0.90	-1.5326797962188721	19.304710388183594	-4.7150297914450476	2.5035921849348637	-3.4709886696892891	-8.5866231452264348	2.7148684677224861	9.9896201524246422	0.16491951820400214	-1.2694994371571544	0.50853635167400979	-0.29226713512731067
239	6133	T800	55.8422437	13.2995693	0.97968197879858654	call_rate_ge_0.90	-1.634947657585144	19.20893669128418	-6.1748679786740581	1.7978093494553837	-4.9051825595064429	-11.904232385341121	2.7555955591587211	12.704206918924431	0.24008282641442616	-0.9444275647702256	1.5453490876850422	-3.6895440518049738
240	6134	T810	55.8383	13.2906	0.99646643109540634	call_rate_ge_0.90	1.1912171840667725	19.698497772216797	-5.9283880229575505	1.4719168913422553	0.93386658771411013	-8.8117117881113156	-1.5170420193424756	4.171895282817804	-1.1868324961762911	-2.6850284807281164	-1.4922357032097955	5.9045278728165789
241	6136	T840	55.9336	13.5519	0.97791519434628971	call_rate_ge_0.90	-1.7441724538803101	19.100839614868164	-5.8010446278013319	1.3526759807937998	-6.8382596886809841	-12.401926603019218	7.4150654050929594	18.824958343439995	0.58423202577271771	-0.81473325550187703	6.8212159865606958	-7.3052622914713021
242	6137	T850	55.9419	13.5603	0.91431095406360419	call_rate_ge_0.90	-1.7646114826202393	19.166500091552734	-5.4083893683111297	0.03979021145984938	-2.8482130809898649	-8.6327222510769897	4.7584461355366026	12.456766773129324	0.035306784057464	0.17760748392715342	3.2609145318044011	-5.7591362955778358
243	6138	T860	55.9403	13.5511	0.99116607773851595	call_rate_ge_0.90	-1.6611694097518921	19.257673263549805	-3.3612649387260625	1.3293818105980717	-3.1133489471316378	-8.6339323773923873	1.8684162355465426	13.552709875162117	-2.6955182395288073	-1.050995786718101	0.52603175389338808	-2.3738414140362138
244	6140	T880	55.9392	13.5539	0.97879858657243812	call_rate_ge_0.90	-1.7358670234680176	19.175960540771484	-3.8982348346352973	1.4225579966136384	-6.1680945406981058	-9.3891647441952042	5.2045185961063458	15.681980084986286	1.0573875854983554	-1.7980121953693973	3.4550525648566932	-3.6025109724272264
245	6141	T890	55.9414	13.5542	0.99204946996466437	call_rate_ge_0.90	1.009564995765686	19.583349227905273	-3.8245259533846268	0.13347748540202534	-0.15167501955057261	-9.7768318039809028	-1.8417579355714937	3.9684841233842834	-0.83651234888904324	-0.55151581060993626	-1.38933713021912	6.8858842893213241
246	6142	T900	55.9428	13.5558	0.99204946996466437	call_rate_ge_0.90	-1.7897454500198364	19.148210525512695	-5.2363357299633959	1.1102081692128856	-6.1736374683111217	-10.283768548280724	7.1973358046800895	16.685388991818964	0.56051634393186334	0.55398432009309717	4.0580572190315367	-7.2201503049926483
247	6145	T930	55.9497	13.5533	0.9885159010600707	call_rate_ge_0.90	-1.8072482347488403	19.163925170898438	-5.6027817338562391	0.80480313935666448	-6.9928099744487904	-10.742110280387806	7.1375728217474359	18.868024897355639	0.4376762441602618	-0.28212518234574585	6.1325913005814927	-6.1943860860446529
248	6148	T960	55.9319	13.5508	0.9832155477031802	call_rate_ge_0.90	-1.7455332279205322	19.196645736694336	-6.1174862687951475	1.0484258050803301	-4.0757575941019386	-9.62352755219435	4.6679622218865306	13.29412362026676	-0.27328904803895621	-1.4368630852265734	1.0097067507039981	-1.6042026745713076
249	6149	T970	55.9281	13.5481	0.9372791519434629	call_rate_ge_0.90	-1.6506110429763794	19.266368865966797	-4.0673006565146048	0.54130227520496466	-4.8429767694604937	-8.8428355586717036	4.6080346113299786	14.020198456462095	0.95773940683407499	0.090102382599317424	3.0064735344437823	-3.4553411843404627
250	6150	T980	55.9261	13.5319	0.99028268551236753	call_rate_ge_0.90	-1.5938262939453125	19.366512298583984	-6.2695669547684858	1.6984622861998138	-5.7792173092204653	-11.291648661310925	6.32484689233487	15.798712089522651	2.8456506897527527	-1.0286702082397621	5.9301185880410987	-7.2127282761713349
251	6151	T990	55.6528	13.2244	0.99293286219081267	call_rate_ge_0.90	2.2550539970397949	20.759576797485352	-0.54470152166448127	0.89558147064292426	-1.273224593036993	-4.1786863258425324	0.18796597176706625	2.6869886873891851	1.4666579381961555	-0.12317200745532371	-0.00040352666149144639	2.4554475813811121
252	6153	TAA 03	62.6381	17.7311	0.97879858657243812	call_rate_ge_0.90	2.5039799213409424	19.083959579467773	-5.6630673921507375	13.200873613538638	-6.7436333208233972	-2.7666471178146952	-0.92242521391626264	-5.0655823607626189	0.56650229634003058	-0.65917462295323881	-0.40914017600327207	-0.26874098426476667
253	6154	TAA 04	62.6381	17.7311	0.98056537102473496	call_rate_ge_0.90	2.558851957321167	19.205915451049805	-5.7669106793501248	12.977492770828219	-6.7873887159273343	-2.4391649532467947	-1.527929774647536	-4.9525415794376002	-0.19736301856280067	-0.26864999930699035	-0.45674066104395367	0.058657761737270622
254	6163	TAA 14	62.6381	17.7311	0.99028268551236753	call_rate_ge_0.90	2.5683221817016602	19.087600708007812	-5.4831368028104812	14.025390589779887	-7.1658494048940673	-2.5124638454117481	-2.0462721772572112	-5.3267769292103626	0.46028412091996923	-0.48761899381183427	-0.37667688894970569	-0.19809587677260368
255	6166	TAA 17	62.6381	17.7311	0.99028268551236753	call_rate_ge_0.90	2.5506877899169922	19.203884124755859	-5.5462142457665866	12.783987484720877	-6.4265548039321319	-3.2835584447362023	-1.1907885094597539	-4.9034296259233141	0.34958344361334398	-0.37476260215428137	-0.9602180888317664	-0.37451088359794871
256	6169	TÅD 01	62.8622	18.336	0.9885159010600707	call_rate_ge_0.90	2.7007308006286621	18.264068603515625	-5.0480330202268382	22.35569889844842	-10.557162081836411	-4.9525500908034159	-0.037993992079074196	-4.9643924691196961	3.5971410964277086	-0.18812162785062708	-0.2549555787306102	-0.47667900109676709
257	6172	TÅD 04	62.8622	18.336	0.98409893992932862	call_rate_ge_0.90	2.681643009185791	18.145832061767578	-5.3955962934254353	21.771386436545928	-8.2468695898670745	-4.3830744988052768	1.0728734156410731	-7.3686180644580643	2.0271942623905344	-0.099975949752845655	-0.10970755081721643	-1.9722558510820072
258	6173	TÅD 05	62.8622	18.336	0.99293286219081267	call_rate_ge_0.90	2.7850058078765869	18.115903854370117	-5.3083096540403059	23.933840693535988	-8.6835940531075959	-4.2581291679857713	0.75027046531756059	-7.0628922278988515	4.0758857004457996	0.64227426450330627	-0.10912620222398031	-1.8706887218065957
259	6174	TÅD 06	62.6252	17.6771	0.98939929328621912	call_rate_ge_0.90	2.7094352245330811	18.197029113769531	-5.0986913963463865	21.782830821699907	-8.8658329921516472	-4.5306104488602665	-0.25307047448395825	-6.7443534088695509	2.2786127407970653	0.16674360908669703	-0.25347669731906841	-1.7639567828539851
260	6177	TÄL 03	62.6252	17.6771	0.9885159010600707	call_rate_ge_0.90	2.6808567047119141	18.689006805419922	-5.687038509983033	16.565887459025017	-4.7067746105528308	-2.1774415237663045	0.64155576413198279	-4.2118567589085618	1.5508286962033075	-0.075297553070939924	1.4050292457457327	-0.90198926779360433
261	6180	TÄL 07	62.6252	17.6771	0.98586572438162545	call_rate_ge_0.90	2.3991937637329102	22.505741119384766	-2.4722672562052552	-2.6433438916697494	3.0843869296077759	-4.5232297609826491	0.28050211041093165	-1.4857698957323029	0.060014321929197499	0.13074780759994778	-4.6091537922339283	-0.69630771245922263
262	6184	TBÖ 01	62.8794	18.4473	0.99381625441696109	call_rate_ge_0.90	2.6311595439910889	18.968263626098633	-5.0811375269287433	14.134821790757035	-5.1723908407930175	-2.0524326019701475	0.62399430533749645	-4.0921230371085917	2.5147430844223062	0.98120171881315432	0.60310786966216512	0.31973763839686886
263	6188	TDr-1	55.758856	14.1328223	0.95848056537102477	call_rate_ge_0.90	1.5567725896835327	21.26310920715332	-3.8376606665940156	-2.2497540895813786	2.1573807021492732	-4.5407589420021699	-2.9044546372001387	-1.50286129436266	0.9900187985394947	1.5993733514008186	-3.3581381091662625	1.2826649942732538
264	6189	TDr-2	55.758856	14.1328223	0.9885159010600707	call_rate_ge_0.90	1.7297126054763794	21.414302825927734	-2.9674842738513285	-0.94288729477556221	1.6113787999541929	-4.8052501528142244	-2.3345631432744418	-0.93860772605041887	-1.1877887111971319	-0.88561933256767067	-0.82176140914324081	2.9491266468758481
265	6191	TDr-4	55.758856	14.1328223	0.93992932862190814	call_rate_ge_0.90	1.6411675214767456	21.390590667724609	-3.3097721005642886	-2.515089233731362	3.2159455837880806	-4.0066930782330452	-1.7830793294828398	0.039450587279410032	-0.76328817565344154	0.50165167091158047	-2.402722356624261	1.7832432598720693
266	6192	TDr-5	55.758856	14.1328223	0.95848056537102477	call_rate_ge_0.90	1.6225463151931763	21.366933822631836	-2.7167945179402224	-1.4895562849990778	1.2493156868199673	-3.8622901640873257	-2.203850078312827	-1.4720263124427979	-0.93804067055428086	0.091900997017170416	-1.9740218144680102	1.6444179273562212
267	6193	TDr-7	55.758856	14.1328223	0.98939929328621912	call_rate_ge_0.90	1.5952357053756714	21.376749038696289	-3.3991108542184874	-2.7938390042426078	0.61472296039750907	-4.7843937381524855	-2.1052052784007942	-1.3632326617928241	0.49736896724550322	0.2999743395221357	-1.7734266078560472	2.0948076486776945
268	6194	TDr-8	55.758856	14.1328223	0.99646643109540634	call_rate_ge_0.90	1.9433994293212891	20.974609375	-3.3033020722759958	1.5022328721329168	-0.090762972379249657	-6.2170501746613169	-0.011143375329811045	1.5019885810793008	-1.3054928420877132	-0.054645260840733421	-0.75149093068208017	2.8614609199150065
269	6195	TDr-9	55.758856	14.1328223	0.98763250883392228	call_rate_ge_0.90	1.7167818546295166	21.219240188598633	-4.0986316811739938	-1.6263503756431796	1.8625785746434795	-5.9907300138458917	-2.8517704725441138	0.041550269242433137	0.010605271616594426	1.0494688971117754	-1.1382166962281401	2.3388409773345233
270	6198	TDr-13	55.7567793	14.1225226	0.99204946996466437	call_rate_ge_0.90	1.7889571189880371	21.518518447875977	-2.7092990335620106	-1.2526764160990331	1.2281707267065214	-4.0134853279823437	-1.9817300067838204	-2.1288800021779144	1.7511674410485782	0.33323551264085266	-2.4400601569491021	2.5049744711882185
271	6201	TDr-16	55.7567793	14.1225226	0.9885159010600707	call_rate_ge_0.90	1.6626254320144653	20.46064567565918	-3.3154798387959405	0.54291376582068207	-0.24373265377815767	-4.4603182876209395	-3.4001479144622242	0.57927215938839638	-0.59528173355827207	-0.80651548428507502	-0.72951452235622338	3.0185374358627985
272	6202	TDr-17	55.7567793	14.1225226	0.98939929328621912	call_rate_ge_0.90	1.4127649068832397	20.645002365112305	-2.3692976087765119	0.50764562850219108	0.55337196671997857	-5.0532316943171374	-1.3485482160577942	1.2984437743471609	-0.75286934437307484	-0.63120161802171204	-0.57909866160765933	2.6912034638626232
273	6203	TDr-18	55.7567793	14.1225226	0.94611307420494695	call_rate_ge_0.90	1.7018375396728516	20.946495056152344	-3.6270820496236795	0.36916722554488207	-0.39412391353141074	-4.1225609335249347	-0.69372740091020069	-0.50057219883752102	-1.7119244518810435	0.78160158231198185	-1.765461841690348	5.7582023729787322
274	6209	TEDEN 02	62.8759855	18.1749827	0.99293286219081267	call_rate_ge_0.90	2.5867774486541748	18.048349380493164	-5.9745745296044159	21.570786870278454	-9.0126358427642028	-1.5697927508101295	-0.35009538398511619	-6.5486576850581235	1.8561110334191004	-1.1426248513324042	0.11224876973468421	-3.3966564625658839
275	6210	TEDEN 03	62.8759855	18.1749827	0.98586572438162545	call_rate_ge_0.90	2.6493325233459473	18.17436408996582	-6.2580371586205166	22.934554535973419	-7.7848560670715719	-0.98226564571987929	0.54229582952176369	-5.419045735199485	2.681620017591527	0.53650270847725146	-0.47310483054649421	-4.0528189481561112
276	6214	TFÄ 04	63.0165	18.3174	0.99293286219081267	call_rate_ge_0.90	2.5955288410186768	18.143520355224609	-4.6661989927948095	20.491106759820696	-7.7748378785402474	-1.6269467077958872	0.16030405715248003	-8.8935461637026361	4.5881540201417836	-1.2754189964569274	-1.6146512834700149	-3.6841725447244205
277	6216	TFÄ 06	63.0165	18.3174	0.98939929328621912	call_rate_ge_0.90	2.6696181297302246	18.175556182861328	-4.0345201163122022	20.756098211099591	-7.1630532946162457	-1.2458334917719756	-0.11377525942027154	-8.6238962194292927	4.6541307340446343	-1.1547251009154464	-1.5422884630770226	-2.8377313607141383
278	6217	TFÄ 07	63.0165	18.3174	0.98939929328621912	call_rate_ge_0.90	2.6281116008758545	18.102695465087891	-4.9916740654676257	21.044429967178971	-6.7128903645982616	-1.4180044487151127	0.79493444774221123	-8.3054403729536279	4.1223184716962429	-1.1500543782422219	-1.1905772818257063	-3.9398534274663266
279	6218	TFÄ 08	63.0165	18.3174	0.99116607773851595	call_rate_ge_0.90	2.6440620422363281	18.237449645996094	-3.8674485739610529	18.791673208256881	-6.8147673478535191	0.044239700068117144	-0.9908546128646013	-7.0390371520528348	3.5737813128277507	-1.8039833412758908	-1.3481160493472299	-1.9477820731211772
280	6220	TGR 01	62.806	18.1896	0.97438162544169615	call_rate_ge_0.90	2.5801563262939453	19.196943283081055	-5.792006906993187	13.706466999114774	-6.2133222060448645	-3.1611131089040962	0.7535936119362675	-2.6948248800619474	2.3442786724348923	-0.58826197113202738	-2.1471768638784017	1.9129587912930308
281	6221	TGR 02	62.806	18.1896	0.97261484098939932	call_rate_ge_0.90	2.7574970722198486	18.262758255004883	-5.1552163378404865	22.796533492048983	-9.8886658903773483	-3.2947913160731876	0.58758084592161486	-5.9298978025718245	4.2382102691930097	-0.31810041379477882	-0.93744962582070612	-1.7731650481162957
282	6231	TNY 04	62.9513	18.2763	0.94081272084805656	call_rate_ge_0.90	2.7070333957672119	18.179010391235352	-5.4108294901967557	21.531338969850825	-7.0775049732383781	-1.5281921603442883	1.6330811653916852	-7.293655982242238	1.699496024922269	0.7976137581378413	-1.825610877227082	-3.1496232846354655
283	6235	TOM 01	62.956806	18.339997	0.98763250883392228	call_rate_ge_0.90	2.8570876121520996	18.112390518188477	-5.8159689930769343	24.912310917285239	-10.083240962951532	-2.6018312722276922	0.42569056107201519	-9.4907316488920248	3.0511082897051982	-1.2843574573580594	-0.23459846016046093	-4.7283338853541332
284	6237	TOM 03	62.956806	18.339997	0.93551236749116606	call_rate_ge_0.90	2.6065065860748291	18.032684326171875	-4.9424329766589974	22.430668238818043	-8.7754137706921487	-2.0300012538010956	-0.25974223517268763	-7.8023226021980205	2.3873910797561289	-1.540936038195702	-0.77296071626063123	-3.1272907083029868
285	6238	TOM 04	62.956806	18.339997	0.98939929328621912	call_rate_ge_0.90	2.7766177654266357	18.183803558349609	-5.7114100385980437	23.170708698200556	-10.49265964487539	-1.0082265976855687	-0.49458899429115949	-9.066620683863766	1.8573505669952441	-1.489958538757902	-1.2273297425276362	-5.2843124809000903
286	6240	TOM 06	62.956806	18.339997	0.95318021201413428	call_rate_ge_0.90	2.7508842945098877	18.220451354980469	-5.8228341777707078	21.931027678113214	-9.1119601176530693	-1.1243949125121082	0.1778528358086815	-8.6036596782990316	2.6882880690135149	-1.3237092311634957	-1.4182428173012778	-4.7237703784993688
288	6242	Tomegap-2	55.7060213	13.1960732	0.96201413427561833	call_rate_ge_0.90	0.95746022462844849	19.564620971679688	-1.3866474737380057	-1.2278188208984178	0.67204285786427764	-5.66056766265769	-1.1933875649088297	2.2721141326906138	0.11361007044866465	-1.1115377162271425	-3.4195219015130802	3.9330224165728924
289	6243	Tottarp-2	55.95	13.85	0.97261484098939932	call_rate_ge_0.90	-0.0180369783192873	22.340959548950195	-2.7248600874984081	-1.3521226891497771	7.7564477678065975	-3.4871798557763496	-4.7186783327222086	-2.5629520973825937	0.8459334531522259	-0.2106684931233129	-1.5733132581826172	-3.7455777001023542
290	6244	TRÄ 01	62.9169	18.4728	0.95936395759717319	call_rate_ge_0.90	2.7830033302307129	18.069099426269531	-5.4868588207268054	21.575856746351818	-9.6199232188960782	-3.361404172338732	1.6654991657322205	-8.3572146543605861	3.1498771673340737	0.1049260578954594	-0.026772449297499112	-2.5065569692987024
291	6252	TV-4	55.5796	14.3336	0.98674911660777387	call_rate_ge_0.90	2.4440226554870605	19.926420211791992	-2.9332501779250015	6.3460099339687464	-6.0691885767256712	0.72980505814915542	-1.0793439519841335	1.8926346294969958	-0.30249079586130512	1.6897099919853598	-0.67833447010853576	18.37169543974613
292	6255	TV-7	55.5796	14.3336	0.91607773851590102	call_rate_ge_0.90	2.3834257125854492	19.916431427001953	-2.7987679862387695	5.755203176455236	-5.6270404552377498	-0.016594986882718665	-1.2188738210359673	1.1752051554179088	0.2218960383880218	1.0735504556473834	-1.0277189169748451	17.037249609161105
293	6258	TV-10	55.5796	14.3336	0.98586572438162545	call_rate_ge_0.90	2.2349879741668701	20.039022445678711	-3.5871432097541893	0.83236200181929021	-1.9706549708526011	-4.221817078331445	-0.41284839936157908	3.1749710735541798	-1.2659306799384678	-0.55764885019502042	-2.8294358592610185	7.5775081827409636
294	6268	TV-22	55.5796	14.3336	0.99646643109540634	call_rate_ge_0.90	2.4471564292907715	19.961652755737305	-3.3720378051036501	6.3090456918487909	-6.5982798439306398	0.63060743996061641	-1.7061609671760611	1.9983502575213024	0.14060739989052176	2.4107708396011103	-1.2663747041236109	18.952448260328417
295	6276	TV-30	55.5796	14.3336	0.98939929328621912	call_rate_ge_0.90	2.4565503597259521	19.968582153320312	-2.9518900384752924	6.039272539560514	-6.7028864374951738	0.28150685099127293	-1.6669175745820741	1.2083262328843942	-0.18049376379236173	1.9929674319544304	-1.0565914364814268	19.55977527059412
296	6284	TV-38	55.5796	14.3336	0.99116607773851595	call_rate_ge_0.90	1.7092486619949341	20.39179801940918	-3.0680109145849883	-1.3285281380787386	1.3873843423667387	-4.3313546487340933	-0.058378436967552905	3.4149150321856658	-1.9493506821551814	0.058372957403029772	-2.4834086033783125	4.20457622744477
300	6413	Ull3-4	56.0630848	13.9583592	0.91254416961130747	call_rate_ge_0.90	1.5562419891357422	20.657108306884766	-3.5379214812996729	-0.029791830084081997	1.1209262096825516	-3.6291786226237974	-0.36316568956667172	-0.1399643328883963	0.12943979052485374	-2.2848778829628191	-0.11561562194955745	2.6035601410605387
304	6680	ANH-1	51.85	6.4333	0.96554770318021199	call_rate_ge_0.90	4.4793267250061035	23.833694458007812	-1.9031835977697114	-5.3961342888101562	0.043124477480907322	-0.44283292426444104	-0.45607321630077891	-1.8672533903627051	1.7341225096299928	-2.4186128884173335	-0.23886058831028603	-2.8372803802069191
305	6739	CSHL-15	40.8585	-73.4675	1	call_rate_ge_0.90	37.677452087402344	43.570110321044922	31.574751992503902	2.3149450465423276	0.93221870212074498	0.18263878000229625	-1.1127711601711989	0.9643494220752753	0.36816670267755536	0.15303296907291575	0.45359639759157971	-0.1760370108172917
306	6740	CSHL-17	40.8585	-73.4675	1	call_rate_ge_0.90	37.59588623046875	43.694103240966797	31.574751992503902	2.3149450465423276	0.93221870212074498	0.18263878000229625	-1.1127711601711989	0.9643494220752753	0.36816670267755536	0.15303296907291575	0.45359639759157971	-0.1760370108172917
308	6749	FM-10	42.4489	-76.5072	1	call_rate_ge_0.90	37.823596954345703	43.788402557373047	31.574751992503902	2.3149450465423276	0.93221870212074498	0.18263878000229625	-1.1127711601711989	0.9643494220752753	0.36816670267755536	0.15303296907291575	0.45359639759157971	-0.1760370108172917
309	6750	FM-11	42.4489	-76.5072	1	call_rate_ge_0.90	37.675243377685547	43.554481506347656	31.574751992503902	2.3149450465423276	0.93221870212074498	0.18263878000229625	-1.1127711601711989	0.9643494220752753	0.36816670267755536	0.15303296907291575	0.45359639759157971	-0.1760370108172917
310	6805	HS-12	42.373	-71.0627	1	call_rate_ge_0.90	37.5684814453125	43.485801696777344	31.574751992503902	2.3149450465423276	0.93221870212074498	0.18263878000229625	-1.1127711601711989	0.9643494220752753	0.36816670267755536	0.15303296907291575	0.45359639759157971	-0.1760370108172917
311	6806	HS-17	42.373	-71.0627	1	call_rate_ge_0.90	37.7738037109375	43.549942016601562	31.574751992503902	2.3149450465423276	0.93221870212074498	0.18263878000229625	-1.1127711601711989	0.9643494220752753	0.36816670267755536	0.15303296907291575	0.45359639759157971	-0.1760370108172917
312	6814	KNO-15	41.2816	-86.621	0.99911660777385158	call_rate_ge_0.90	37.56683349609375	43.49169921875	31.569213628190898	2.3074245891358403	0.92877012673790604	0.16542495852764305	-1.1116131452249143	0.98476679200499373	0.36890142184439978	0.15314197294733095	0.4605637617214059	-0.18789419363062737
314	6897	Ag-0	45	1.3	0.96201413427561833	call_rate_ge_0.90	4.2732510566711426	23.641551971435547	-1.8672711704596954	-5.7150347345376842	-1.4679076209381328	-0.89900492134107535	3.7424708394148527	-0.56684425646653669	-0.20434602166736712	-0.89882896135864387	1.3882593746834013	-1.6921656757319943
315	6898	An-1	51.2167	4.4	0.95494699646643111	call_rate_ge_0.90	3.40804123878479	22.214899063110352	-2.2498159525114878	-3.2495399876738298	-1.9476280611175842	-0.40079587232539388	3.2764604956098959	-2.46230300586326	0.64877705871350733	0.62613290946309219	-0.50305715092864756	0.69624083614191046
317	6901	Bil-7	63.322186	18.4840729	0.94169611307420498	call_rate_ge_0.90	2.598597526550293	19.13568115234375	-4.6266785331892866	11.658903343736991	-4.724840023349711	-1.6776431238129093	-1.3899701515616354	-2.8525139957050234	0.010656260897120818	0.59079209966996504	0.62673885999576873	1.8162853215880936
318	6903	Bor-4	49.4013	16.2326	0.99028268551236753	call_rate_ge_0.90	-0.45811820030212402	22.541545867919922	-4.3718707785431956	-1.966995706357489	7.5373748277716013	-5.4884273233802219	-6.3516936238721833	-2.520295526538002	0.48935998697117228	-0.13560418571350502	-1.6331863192997973	-3.4011645498557299
319	6904	Br-0	49.2	16.6166	0.99734982332155475	call_rate_ge_0.90	4.3148746490478516	24.608373641967773	-3.0749974928122628	-8.4067346482970962	0.92494834887245492	-0.13683278236096263	1.9871864836898951	-2.8049663737126749	3.8373168623141978	-1.2946966501651123	1.2118645659386245	-0.065050741819541125
320	6907	CIBC-17	51.4083	-0.6383	0.97084805653710249	call_rate_ge_0.90	3.1079554557800293	21.856487274169922	0.48052254348047635	-2.9608408626204299	0.55280141834844643	-0.28937135098713018	2.6664212380617833	-0.6910302619959906	-0.36999124007473916	-0.407987207827194	-2.1068542905268224	1.877932153131725
321	6908	CIBC-5	51.4083	-0.6383	0.99646643109540634	call_rate_ge_0.90	4.1897778511047363	22.561487197875977	-0.33653012332834537	-4.7613277324968983	-3.7613155048705944	0.63428021256201661	8.667426404097144	-4.0678614735537542	-4.6824845810326918	2.7166685469132896	-0.33989187374321533	4.5588287903818721
322	6909	Col-0	38.3	-92.3	0.96289752650176674	call_rate_ge_0.90	2.5375895500183105	22.421724319458008	-1.1489264484127764	-3.5430003914180639	1.6071789111512012	-4.2476271824674772	0.33563789136716127	-0.81366758553845464	1.4584679712080129	0.3057146805992691	-5.4057853997509975	0.15784222857334493
323	6911	Cvi-0	15.1111	-23.6167	0.97084805653710249	call_rate_ge_0.90	5.7762513160705566	24.937055587768555	-5.2388544992998325	1.6687353243282252	-5.0544819242633245	7.0557429629522144	-5.8848246196187866	4.1881411848004966	-0.2699626906783274	8.0278295169756309	-0.80767964415177895	-1.2521054018291011
324	6913	Eden-2	62.8759855	18.1749827	0.96908127208480566	call_rate_ge_0.90	2.6474335193634033	18.050676345825195	-4.9716235871969641	20.895425777722586	-7.7005430267594965	-3.2654459509810603	0.4978142995779955	-7.6758571934488771	2.0908992389726908	-0.70469242213112349	-0.48256835856405694	-3.4799683643769459
325	6915	Ei-2	50.3	6.3	0.98409893992932862	call_rate_ge_0.90	2.5313956737518311	22.522436141967773	-2.2879275055137405	-3.28988027336935	-0.43780951802767049	-0.60572442023288275	-0.20833290362659149	-1.3313669510472441	1.2762818405938536	-0.97318325731364808	-3.8481587598604143	-0.68100072736947748
327	6918	Fäb-4	63.0165	18.3174	0.94346289752650181	call_rate_ge_0.90	2.5127108097076416	18.372238159179688	-4.3437768960770313	17.900003604635963	-6.6908768985358593	-0.46635456173256656	-0.089002265171962497	-7.0349892776131959	3.5705009930382108	-1.7645557213840126	-1.567381955424096	-2.2260849718929023
328	6919	Ga-0	50.3	8	0.96378091872791516	call_rate_ge_0.90	0.44244495034217834	22.73084831237793	-3.3300754923447018	-3.3182573777029174	5.4957184104015884	-1.6661259780821362	-2.9939680022694612	-2.4669189070688247	0.30941888212150492	1.1093075222670554	-3.2874166651801735	-2.6778089824822788
329	6920	Got-22	51.5338	9.9355	0.99116607773851595	call_rate_ge_0.90	2.7923719882965088	21.152671813964844	-1.6847944441907525	-1.3277130212799848	-6.4810592048136169	-0.64196051892868733	2.6867981023491696	2.4799596572157609	0.67018566173181093	2.2731723658611735	-0.18854306985682978	3.6770290269923844
330	6922	Gu-0	50.3	8	0.95053003533568903	call_rate_ge_0.90	2.3559463024139404	22.443027496337891	-0.94068710086866003	-3.5149191654961571	0.6126314639018724	-3.9795656165317714	-1.4757740409383844	-1.66599340013146	1.381867033684451	-0.46065924854198537	-2.1286808434203963	0.96100766163690232
331	6923	HR-10	51.4083	-0.6383	0.96731448763250882	call_rate_ge_0.90	4.3341193199157715	22.38630485534668	0.25932047228564009	-6.9476350904782445	-5.170636766803578	-0.21512972510123091	14.859654910765082	-5.0733046415786651	-9.5064102944434303	5.0080654748978608	-0.61678785669958602	1.1861229985677391
332	6924	HR-5	51.4083	-0.6383	0.95406360424028269	call_rate_ge_0.90	4.0696029663085938	22.600034713745117	0.49519509770397113	-3.8949138394587934	-4.9428220803177911	0.95773616746835755	9.0161225762631254	-3.0547877438183071	-3.7876439152500416	2.0812703888477264	-0.53022855904284572	1.6653202726568619
333	6926	Kin-0	44.46	-85.37	0.95671378091872794	call_rate_ge_0.90	4.1953096389770508	22.942695617675781	0.30035126711633414	-5.2695629682235232	-4.0070785087588261	0.3257830497405525	8.8813789265700063	-5.2435485183909067	-4.1057089952755428	-0.070658855054992864	0.432671234607997	-1.166674700238894
334	6927	KNO-10	41.2816	-86.621	0.99823321554770317	call_rate_ge_0.90	38.68182373046875	44.094871520996094	31.274979962296527	2.3028355960274589	0.9841415724028294	0.11807927770213564	-1.1839772745574328	0.99098914890982226	0.39663174336575618	0.044875155820661733	0.45223671166178175	-0.16318290347447548
335	6929	Kondara	38.48	68.49	0.9717314487632509	call_rate_ge_0.90	4.0907540321350098	30.667682647705078	-5.1298545594278888	9.8114709053951668	17.049813302662919	11.084071220378661	8.3894070404439987	4.8663335216070873	-1.7295018823409647	-2.3496623503430838	-0.93841997027730117	-0.38431286151487304
336	6931	Kz-9	49.5	73.1	0.96819787985865724	call_rate_ge_0.90	3.7532730102539062	30.423849105834961	-5.7143750531251563	8.551561301222133	13.326397862110591	8.6669533901871798	4.1352200487580699	2.5747103237928375	-0.9907066370852764	1.2458776386930619	-0.015332597066118971	0.48950947114269755
337	6932	Ler-1	52.7325	15.2369	0.99381625441696109	call_rate_ge_0.90	1.2062257528305054	22.001949310302734	-4.2225412499009556	0.40020596281276333	5.026376874393601	-4.419206274643301	-1.2415804529036802	-0.65283241351652244	-0.24201066732805659	0.21264688198525805	-1.0461985208088507	0.61249778150768952
338	6933	LL-0	41.59	2.49	0.9885159010600707	call_rate_ge_0.90	5.6152400970458984	24.01878547668457	-1.9526442389293996	-5.9469446456161279	-5.0222846782514976	6.0268047372196873	-2.9944964995256247	0.68178482367214055	1.7210042485026724	-9.688502223713618	-0.46153770291908297	-1.9095611507956867
339	6938	Ms-0	55.7522	37.6322	0.95583038869257952	call_rate_ge_0.90	3.7973244190216064	30.17741584777832	-4.3012057044046097	2.6643159585698686	11.10153279844231	2.8000113006195799	0.93037111928001848	2.1656432256154718	-0.14834048446586404	-0.58925035808309112	-2.936581084077666	-0.57840250842804231
340	6940	Mz-0	50.3	8.3	0.96643109540636041	call_rate_ge_0.90	2.5145361423492432	22.53062629699707	-2.721392167213676	-2.9474899076123959	2.037281890612491	-4.1073257370270744	0.47184356013226308	-3.1038528699637729	-1.4133140211387063	0.4244657421257696	-4.0768418933485862	-0.11217051350728535
341	6943	NFA-10	51.4083	-0.6383	0.99204946996466437	call_rate_ge_0.90	4.3164801597595215	22.485347747802734	-0.070835066197003166	-3.675920414260017	-5.0044439785751056	0.45477045036513336	10.203192677046083	-2.2269573203444639	-7.8584645065900283	2.8835394537421828	-1.4471160750149421	0.91815819679983002
342	6944	NFA-8	51.4083	-0.6383	0.98674911660777387	call_rate_ge_0.90	4.2651748657226562	22.516086578369141	0.59917227365532222	-4.2947369124911825	-5.4890244214417541	-0.1355098259945878	12.774213009067488	-5.0020038171631001	-9.3644652008508622	4.3923415463973345	-0.22121312395969106	0.63015691376344019
343	6945	Nok-3	52.24	4.45	0.98409893992932862	call_rate_ge_0.90	2.6092627048492432	21.626720428466797	-1.0919874703571728	-1.9502377084196547	-0.68792421414585614	-1.8017243857135692	1.4099145542084763	0.68355608829934378	0.20320813558720571	-1.0688139903574658	-3.2879767614549698	2.51995567463312
344	6951	Pu2-23	49.42	16.36	0.96996466431095407	call_rate_ge_0.90	-0.44361734390258789	22.238517761230469	-4.5800149409681525	-1.484301077374147	6.9025914740267167	-5.4168377286952909	-5.8276313652026204	-1.7024563993889574	-1.1872412384883098	1.630566431698609	-0.52226370278246692	-1.8494515061877679
345	6956	Pu2-7	49.42	16.36	0.96996466431095407	call_rate_ge_0.90	-0.48093703389167786	22.347805023193359	-3.9978903789454336	-1.4077127417417865	6.2463464117419898	-4.5867753582819439	-3.576226477584644	-2.0673247213408898	-0.63325715898319868	1.1487629385801237	-3.5638866297256135	-0.62275724008354094
347	6958	Ra-0	46	3.3	0.98233215547703179	call_rate_ge_0.90	4.2184133529663086	23.286579132080078	-1.3260082172651297	-5.8895972850775244	-3.0086969447294574	-0.4334878438027267	2.1746955962723686	0.48827646540066311	-1.3584694170760709	-0.1823571742000763	-1.6587819100174883	-1.0639854445899186
348	6959	Rennes-1	48.5	-1.41	0.97438162544169615	call_rate_ge_0.90	3.7771961688995361	22.952716827392578	-0.010002835872023778	-4.3894480718144484	-3.0366486872653993	0.0090478076623064212	3.7719977676849585	-1.6612534626575428	-0.29923676991217057	0.91714414646598497	-0.93842365909599601	0.54858359345446728
349	6960	Rennes-11	48.5	-1.41	0.94434628975265023	call_rate_ge_0.90	3.9261326789855957	22.828514099121094	-1.8020181822984693	-3.5809177512850199	-4.4227045942515577	0.98774144969640321	5.1043643006935628	-2.0953366560811095	-1.1032574416666632	0.084181772281617079	0.13451983075876575	-0.099401319309318725
350	6961	Se-0	38.3333	-3.53333	0.90724381625441697	call_rate_ge_0.90	5.5288891792297363	23.930046081542969	-1.7065712748884547	-4.7427263224031986	-1.4415801922227061	3.8008647791451851	-2.4903858817150777	-0.90561293703840828	1.5968662814588412	-7.3971098057685314	0.97518589817525114	-0.67056849298758836
351	6963	Sorbo	38.35	68.48	0.96466431095406358	call_rate_ge_0.90	4.0015830993652344	30.567380905151367	-4.8926652520427449	9.2537114658681183	15.314549852664259	8.137744928918206	6.5464070737259163	3.5050803279400977	-1.3176227827058575	-2.5862468653005251	-2.0474358647769564	1.2694016772372847
352	6966	Sq-1	51.4083	-0.6383	0.92491166077738518	call_rate_ge_0.90	4.2097082138061523	22.563632965087891	-0.060077023979877783	-4.5847079141385354	-4.628058907731222	-0.96284627285125535	9.4416658840711385	-4.3892416674578651	-5.2588979076840214	3.1399136953867219	-0.49463718099575305	0.81357853248723022
353	6967	Sq-8	51.4083	-0.6383	0.98498233215547704	call_rate_ge_0.90	3.0830440521240234	21.772554397583008	-1.7511968821000425	-3.3627837069514848	-1.1184721125504313	-1.355881795859609	6.0841468858776109	-0.39624146100384722	-2.0848187414465786	0.27460556894244759	-1.4193952209096743	1.2608974813348155
355	6969	Tamm-27	60	23.5	0.96466431095406358	call_rate_ge_0.90	2.6014420986175537	18.743757247924805	-5.6836165955621771	12.643382839266541	-4.8483297103156451	0.19947713890531049	-0.19854040136243198	-3.6478049944200706	-0.47302586137455499	-1.1877233246439551	-0.016273752826935255	2.5527460164763327
356	6970	Ts-1	41.7194	2.93056	0.91077738515901063	call_rate_ge_0.90	5.5249881744384766	23.928564071655273	-2.3135871923616027	-4.0104017579602838	-3.9507083325517289	5.0598326805855702	-2.7758094218528702	-1.3481315442268478	0.33000530755678231	-9.2931555082458175	-0.30345631090734615	-3.7107714135922043
357	6971	Ts-5	41.7194	2.93056	0.95671378091872794	call_rate_ge_0.90	5.8714570999145508	23.950084686279297	-3.9413899839669466	-4.6742136404589258	-4.6504678468718872	5.6208019282458421	-4.0204330591706414	0.62281702953965878	-0.76064242177736108	-9.0560527965694888	0.53704525228624378	-1.5322636241519336
358	6973	Ull2-3	56.0648	13.9707	0.99558303886925792	call_rate_ge_0.90	2.7011003494262695	21.584339141845703	-2.5152542992464513	-1.4180642963219718	0.38675985213175673	-2.0570251023211292	2.6814127709844668	1.1234577741403402	0.67013954208551973	-0.12665237117896119	-1.1280548967538524	2.8301738498483946
359	6974	Ull2-5	56.0648	13.9707	0.95583038869257952	call_rate_ge_0.90	1.4720938205718994	20.362201690673828	-5.603959199053226	1.5846213341743114	0.24779554390641662	-6.2953520965375409	-0.79319164901354744	3.4891692152683493	-1.5976485596333023	-0.033530740657042278	-1.3658097841806689	4.8772853788149346
360	6975	Uod-1	48.3	14.45	0.97438162544169615	call_rate_ge_0.90	-0.13547079265117645	22.729419708251953	-2.6238327678883042	-4.0926690654264091	5.3500074856329825	-4.3938295888328618	-4.7656694881366493	-2.040583468459539	0.43585630881311566	1.2959968342133887	-2.327135330268181	-4.5780352508848745
361	6976	Uod-7	48.3	14.45	0.98144876325088337	call_rate_ge_0.90	-0.2268730103969574	22.490547180175781	-4.517257459152499	-3.6899376854353876	7.3348428025511812	-2.3473705062530179	-4.2028137448965586	-1.9203350801839503	1.5596439794678225	-0.11873996583820549	-2.2674500096836558	-3.4955765511619741
362	6979	Wei-0	47.25	8.26	0.96466431095406358	call_rate_ge_0.90	1.831915020942688	23.549467086791992	-1.0420024440541851	-4.4135355800710379	2.4922601049399153	-0.57553915460075644	-1.1732572663389538	-3.2094496287913636	0.61557534362432176	-0.23861996869474597	-2.681580488790134	-2.1856544974115746
363	6981	Ws-2	52.3	30	0.9717314487632509	call_rate_ge_0.90	2.0783450603485107	22.004671096801758	-3.221366560991179	-1.3705021754304809	5.4126668361565544	-3.2049717570771636	-2.2582699894409877	-0.33993369635219617	-0.72494125953514998	-1.1463784223978988	-2.1446743700295783	0.36356644290340923
365	6984	Zdr-1	49.3853	16.2544	0.9151943462897526	call_rate_ge_0.90	-0.4785214364528656	22.516378402709961	-3.9707984745143796	-1.6581337156201854	6.1293806197059153	-4.0975253359795198	-6.1055999366847056	-1.773972345317083	2.7195021605541747	2.0396167193971135	-3.3593865943061822	-5.9628661182193996
366	6986	Abd-0	57.1539	-2.2207	0.98144876325088337	call_rate_ge_0.90	4.2965426445007324	22.442850112915039	-0.56219131635606456	-7.3538123005203531	-6.3509519163619039	0.20116199354936182	17.121294732971098	-6.0049664939470828	-11.487081978707426	6.989893743998965	-0.58396390669271514	1.4401267970684091
367	6987	Ak-1	48.0683	7.62551	0.94522968197879864	call_rate_ge_0.90	2.2843356132507324	22.92976188659668	-0.85719664049381439	-3.8758051084059955	1.4025578899427564	-3.2992945008349337	-0.67533760990149361	-0.78132336601385943	-0.27324286658558516	-1.7724927600090625	-3.1350192115804534	-2.4178213498967165
368	6989	Alst-1	54.8	-2.4333	0.96201413427561833	call_rate_ge_0.90	4.2011809349060059	22.511287689208984	-0.68163050919224666	-5.8638390619394718	-4.6163176990062862	1.3360342534049416	8.7367394976592596	-4.9065421627481003	-5.4433117298649139	3.5294481509083449	-1.962803709875574	3.5761493876376957
369	6990	Amel-1	53.448	5.73	0.98144876325088337	call_rate_ge_0.90	1.184658408164978	21.553503036499023	-3.5231741625376785	-2.6385679488341403	3.9121051077232418	-3.2885712618041834	-2.5736095513890871	-1.8569900359257439	-1.1734692062504883	0.94416143160919896	-1.3612079595017217	2.2486163678369211
370	6992	Ang-0	50.3	5.3	0.97791519434628971	call_rate_ge_0.90	3.4508254528045654	23.408370971679688	-1.3351067825821019	-6.6446963028463957	-0.56378324401260094	0.19009804740595035	0.49157057288444084	-2.4557643827708011	0.89082691600541464	-2.0883113767239618	-2.5138097963000079	-2.6610100786742477
371	6997	Appt-1	51.8333	5.5833	0.95848056537102477	call_rate_ge_0.90	2.7258052825927734	21.800577163696289	-2.6092038723819688	-2.5067116239085441	-1.3414061404206974	-0.89432419313088896	2.3271809167235693	-1.1658492175818311	0.24985451542833509	-0.81919930033129407	-1.5304964401546004	2.3108384708506611
372	7000	Aa-0	50.9167	9.57073	0.96819787985865724	call_rate_ge_0.90	2.3672342300415039	22.304086685180664	-0.89735740174407408	-3.0461399341291377	2.8716143958375051	-1.838501217251217	0.0092215286786325075	-2.2183640222371368	1.35567137054906	0.039892176378238185	-1.0542213312248467	2.1912157320624925
373	7002	Baa-1	51.3333	6.1	0.99293286219081267	call_rate_ge_0.90	2.5957133769989014	21.630260467529297	-1.7342925821807527	-1.6904214178031582	-1.5067474754756356	-1.3436737330534905	-0.61748742351222752	-1.2076538286191814	-0.84503717400648137	0.091104867824984781	-1.6585972370712603	1.8239460692343288
374	7003	Bs-1	47.5	7.5	0.96996466431095407	call_rate_ge_0.90	1.9500095844268799	23.422697067260742	-1.5804556222719337	-4.4656326226923024	1.4629723390151534	-1.6949551359896726	-0.65039081068652371	-2.8608842989202659	0.13631760128533807	-2.343929486510461	-4.0076572575390932	-2.4951238438135075
375	7008	Benk-1	52	5.675	0.97084805653710249	call_rate_ge_0.90	2.6952619552612305	22.168600082397461	-1.8973109064414253	-3.5715473200398531	-0.4744072485201295	-2.8379105745208584	1.6925426664969723	-1.8965446793299356	-0.70741661617917662	0.57862174319514148	-3.367864249727277	1.7062465208015409
376	7013	Bd-0	52.4584	13.287	0.96819787985865724	call_rate_ge_0.90	1.2573819160461426	21.398460388183594	-4.2286871556217696	-2.6515057659542145	2.9695441146836323	-4.1603520082995971	-2.9224783005828168	-1.4752264903690979	-0.52649879376665987	-0.83824546773341746	-1.7415415321835346	1.9947964148073924
377	7014	Ba-1	56.5459	-4.79821	0.93551236749116606	call_rate_ge_0.90	2.5995502471923828	22.707637786865234	0.46395099102615994	-5.2557187237404559	0.95541725830319346	-2.7834143436372347	0.24357655709031895	-1.5935463179163483	0.68875581906069017	-1.7924566697365354	-2.4507809517522752	-0.69975016701281112
378	7025	Bl-1	44.5041	11.3396	0.97261484098939932	call_rate_ge_0.90	0.33560082316398621	22.759136199951172	-2.8734857109905856	-3.0305136310790779	4.5257587152667735	-3.0293202914699102	-1.9930523424114812	-3.6738476565871312	3.2194624012538462	-0.6233103240123602	0.49135831579541689	-2.3261082071013726
379	7026	Boot-1	54.4	-3.2667	0.90282685512367489	call_rate_ge_0.90	3.7785279750823975	22.712617874145508	-0.60725999576712297	-5.3514294208692759	-1.3043791634305337	-1.1879289271369069	4.2951206092620717	-2.2906669150213839	0.071910943067551664	-0.89455268456961179	-1.1953518058429518	-0.86119283308574279
380	7028	Bch-1	49.5166	9.3166	0.96731448763250882	call_rate_ge_0.90	2.3502910137176514	21.797399520874023	-1.6224095239274143	-1.6186839583245103	0.25991259442261316	-1.4961734032494562	1.2581420969306343	-1.9674627276189411	2.2564503028503524	-1.374891184737145	-1.8121694103828685	1.309808160945072
381	7031	Bsch-0	50.0167	8.6667	0.96024734982332161	call_rate_ge_0.90	2.5663328170776367	22.26416015625	-1.9145334702230765	-2.6231689901391548	2.3249569199249103	-4.6039610442234977	-0.10980198769117232	-1.770023544614022	1.0825837846471988	0.096583332375282382	-4.1940266310775138	-0.17056644308948743
382	7033	Buckhorn Pass	41.3599	-122.755	0.91342756183745588	call_rate_ge_0.90	4.5296087265014648	21.322854995727539	27.81695050523755	1.8717031489461009	0.6766315370718845	-0.0047669568042446068	-0.88469639893026986	0.77674024351631143	0.27508345054562544	-0.13223011227762616	0.27933901049648241	0.095739821090987789
383	7036	Bu-0	50.5	9.5	0.99204946996466437	call_rate_ge_0.90	2.5055780410766602	22.372207641601562	-2.0001873272967274	-2.0508912158347297	-0.14740110951186663	-3.7071673452389491	-0.78745966645985033	-0.021500188257491244	0.81599732728898966	2.5183315542536495	-2.6659036240683487	1.1578988441510694
384	7058	Bur-0	53.87	-9.0755556	0.9832155477031802	call_rate_ge_0.90	2.6922955513000488	20.34039306640625	-1.4444656660148882	6.2702856661191859	-7.6009737041234047	0.071480917173926045	0.38137969645349051	1.8287206520149317	-1.7234661064202359	0.44133891005873499	-0.25119310569691006	3.3846415830463359
385	7061	Cal-0	53.2699	-1.64293	0.9832155477031802	call_rate_ge_0.90	2.6834647655487061	20.306385040283203	-1.4080102771178689	6.1477508155079406	-7.5691019843572089	-0.23210134610499183	0.659632903518932	1.1560298820898247	-2.0543446343372773	0.48561942649551909	-0.19532101498352553	3.7205307140586599
386	7062	Ca-0	50.2981	8.26607	0.99558303886925792	call_rate_ge_0.90	2.4079794883728027	22.445634841918945	1.1014932623241978	-5.4204973241321301	1.0259103331590764	-3.6277000956279628	-0.051676749083766807	-2.0832710314218748	-0.45327316689101071	-0.80445031781572207	-1.7625717169923372	0.29355041512875996
387	7063	Can-0	29.2144	-13.4811	0.97261484098939932	call_rate_ge_0.90	5.8114743232727051	25.030231475830078	-4.8899017449972488	-2.8531663265816083	-3.6820330880571723	8.0718138280666398	-5.3584222370595063	4.7152060005354866	2.7316653858820694	9.5798678693157715	0.37324536646065165	0.55346109039942215
388	7064	Cnt-1	51.3	1.1	0.9717314487632509	call_rate_ge_0.90	4.3807902336120605	22.373683929443359	0.98551627924379293	-6.5172362045055978	-4.2752339013164207	0.0025354582700204487	12.663524185312077	-4.9869793660277084	-8.0701428161893034	4.5589863658203775	-1.4677416921078767	2.2367542626041188
389	7067	Ct-1	37.51	15.09	0.99204946996466437	call_rate_ge_0.90	0.29798680543899536	22.874269485473633	-3.7285509006806477	-3.2523282981608017	7.7103855286293959	-3.0881158318412143	-4.4996484321969383	-3.1201873539028639	1.0312474082777148	1.1283421750651121	-1.7655753536564305	-6.1536673891097573
390	7068	Cerv-1	42	12.1	0.9204946996466431	call_rate_ge_0.90	4.3101649284362793	24.156084060668945	-0.4578404470800756	-6.6953071157244128	-0.56617845570047687	0.027120899266342979	1.9995457313440173	-2.0935301132345576	3.1852646496963168	0.021564297761113512	0.78447056844817997	1.5127457285423098
391	7071	Chat-1	48.0717	1.33867	0.96643109540636041	call_rate_ge_0.90	3.72554612159729	22.975948333740234	-1.6529440492645511	-4.5209053829990751	-1.8987229793041507	-0.90016635232394937	3.0657349691677753	-1.3660273738036859	-0.20265374453423274	-1.3915293107214581	-0.5418451301840026	0.57289188921842527
392	7072	Chi-0	53.7502	34.7361	0.96289752650176674	call_rate_ge_0.90	3.6234555244445801	30.212848663330078	-4.3792860767353901	4.9562360125256326	10.291518743794168	1.8529567183898474	-0.10550169975771689	0.70726660200411873	-0.76492844352934364	1.2503972849006844	-1.3029213694976116	0.62678186170477213
393	7077	Co-1	40.12	-8.25	0.96908127208480566	call_rate_ge_0.90	4.3594465255737305	24.716333389282227	-2.1591639600456745	-4.6927648174212591	-1.4985554839964823	1.0168765359233358	1.9825762340043969	0.92885080188641855	4.7449425378165513	-1.2263297697715578	1.8945236320670784	0.5022088300518075
395	7092	Com-1	49.416	2.823	0.98233215547703179	call_rate_ge_0.90	4.167170524597168	22.510303497314453	0.29232412985021061	-5.2284935984777894	-6.358962974093143	-0.10528769163152255	9.1389501649960891	-4.5901241773484491	-6.7425744281877025	0.73261429056741734	-1.4609721667777484	1.1806036342650212
396	7094	Da-0	49.8724	8.65081	0.90724381625441697	call_rate_ge_0.90	2.284970760345459	22.339258193969727	-1.36921960359849	-3.6076283061912369	1.5608694569299968	-3.3359547928441775	-1.1757344228063469	-1.2929329693177813	1.006241677032099	0.36470553827561114	-1.7556040457822688	0.24114748895005922
397	7096	Di-G	47.3239	5.04278	0.96378091872791516	call_rate_ge_0.90	1.1503918170928955	22.111528396606445	-4.1567909040921416	0.0013194664248929362	5.2868903679885229	-4.410925171052348	-1.0030703529299354	-0.45975754363458921	-0.34162771884938598	0.16580619321208018	-0.86890119994049586	0.68786280218381579
398	7102	Do-0	50.7224	8.2372	0.99646643109540634	call_rate_ge_0.90	2.3779690265655518	22.276058197021484	-0.72895276175061219	-4.709658049096511	1.2715090280803609	-2.8084411880732909	-0.3965975793389323	-1.0361843192660685	1.2264995068314442	-0.7954729150373312	-3.6695915961623258	0.92332931864179402
399	7103	Dra-0	49.4167	16.2667	0.97084805653710249	call_rate_ge_0.90	-0.58560562133789062	22.494712829589844	-3.8877630809281962	-1.5911755581341835	6.7279878582363732	-6.5796124809596943	-7.0207112708542789	-2.1186477495665437	0.39138917656735522	0.62589115438162402	-3.6653188847118368	-3.7996499289191075
400	7106	Dr-0	51.051	13.7336	0.96908127208480566	call_rate_ge_0.90	-0.34211921691894531	22.784725189208984	-3.9294977304558412	-4.7919872479614112	6.2899828426120248	-3.0639409140055447	-3.4821342579861096	-3.2504202052945432	3.167738699031784	-0.19740643012252915	-3.7017114311059918	-4.2024687681142936
401	7107	Durh-1	54.7761	-1.5733	0.95759717314487636	call_rate_ge_0.90	4.7752532958984375	22.574304580688477	-2.3295564629849519	-9.2016188109781769	-7.348355412142392	1.0497627519842945	15.366878240912355	-10.014655318360084	-6.7898559849057829	2.6921060627891311	4.1269153946015544	-8.3729394881006733
402	7109	Ema-1	51.3	0.5	0.96819787985865724	call_rate_ge_0.90	4.4319462776184082	22.378042221069336	0.24275709026406936	-7.3490462211397558	-7.2539314273413815	0.55443423338519093	17.469827694665153	-5.5113592277017078	-11.969283194101481	7.4240407622191702	-1.6850179468162994	2.6397891246631389
403	7111	Edi-0	55.9494	-3.16028	0.9885159010600707	call_rate_ge_0.90	2.977320671081543	21.857627868652344	0.93013667502345343	-1.5987443750802703	-3.0916788001231006	-1.1444623164144843	4.7561199483285943	-0.22019662417209546	0.9089927375347413	0.47518168146511819	-0.31580943424468799	2.2801182127539841
404	7117	El-0	51.5105	9.68253	0.99381625441696109	call_rate_ge_0.90	2.4968061447143555	21.721778869628906	-0.91133374043064008	-3.3865398038109698	0.90876169678437324	-3.440276404944572	0.69521356441750859	0.012868806699533306	0.51241765201727263	-0.10049525063622548	-0.88758201345712184	2.2821336656118762
406	7120	En-D	50	8.5	0.97968197879858654	call_rate_ge_0.90	0.26930436491966248	22.87921142578125	-3.6081354222213751	-3.4387171345922223	7.700793088721654	-2.9429040329137903	-4.8736707905512491	-3.4116723431500433	0.97392071733555441	1.0553958375688568	-2.141659014324075	-6.2930500582890305
407	7125	Er-0	49.5955	11.0087	0.98763250883392228	call_rate_ge_0.90	2.3344125747680664	22.713644027709961	-2.5027820923125264	-6.8455877135250898	2.3307675183816747	-2.7473843598280623	-0.99110463898153456	-2.8734006694523777	1.5652217080130642	1.2020747929284756	-3.6556209884120059	-1.9554826172595539
408	7126	Es-0	60.1997	24.5682	0.97703180212014129	call_rate_ge_0.90	2.0767285823822021	20.189615249633789	-5.3673496838779684	4.967970525473711	2.6147295625548987	-0.36520591822259496	-2.1310678293021095	0.058877870774664512	-1.2879321656474219	-0.22688083396230652	2.966380056318688	3.7521853330243586
409	7127	Est	58.6656	24.9871	0.97438162544169615	call_rate_ge_0.90	0.57004815340042114	22.280807495117188	-3.9151535783465956	-1.4405601112796242	3.6380356246261329	-0.55074550356974838	0.98034516260229787	-0.58164824969549267	-2.7929420279266246	-0.63817388974648936	-2.2968047668181493	-1.0558492064581777
410	7130	Et-0	44.6447	2.56481	0.9885159010600707	call_rate_ge_0.90	4.3241190910339355	23.408296585083008	-1.694198206965335	-5.0778652409503211	-1.7256624907957501	1.3657710913584713	4.2694007693825924	-2.5191566909581198	1.9273082489965085	-2.4436469371671565	0.61436369092945298	-0.0021236539709906361
411	7133	Fr-2	50.1102	8.6822	0.97703180212014129	call_rate_ge_0.90	2.7505486011505127	22.300571441650391	-1.4717295328388198	-1.5958538700417106	-1.0385278936424507	-1.716691252044328	0.77026996205827825	-1.4895431696188786	1.9605675290127167	0.053802777101007629	-3.2096184041886424	-0.15328226031014369
412	7138	Fi-0	50.5	8.0167	0.98233215547703179	call_rate_ge_0.90	2.7673254013061523	21.295444488525391	-1.3859162762703519	-1.3383231973481535	-6.0751964726273169	-0.92731994033570064	2.675150571962492	2.2701542392551688	0.66838892809151762	1.4482895188918263	-0.1649410446602102	4.0216282844707454
413	7143	Gel-1	51.0167	5.86667	0.96731448763250882	call_rate_ge_0.90	2.8031008243560791	21.747472763061523	-0.47467383293905846	-1.4145825893967279	0.37791770303480698	0.091364295402550269	3.5754027789395413	-2.1938509241951172	1.4884118591009317	-1.5170431958950177	-1.7683113794614445	3.2127483713905498
414	7147	Gie-0	50.584	8.67825	0.95583038869257952	call_rate_ge_0.90	2.0450375080108643	21.42161750793457	-2.5731890576785714	-0.71727955642555496	2.2385144225654194	-3.8521562979354442	-1.3240638637220381	0.0099970393622068974	-1.8245846903214036	0.012164924512924596	-1.0888188039978401	2.9481444286138543
415	7158	Gr-5	47	15.5	0.93904593639575973	call_rate_ge_0.90	0.70415967702865601	22.111089706420898	-3.0891473190444336	-2.8563545301756625	4.2837469472499361	-2.7382148747981709	-1.9829232853892711	-1.0839092946904882	0.19519581956833812	0.030148888727639444	-1.5352490349004213	-2.0830259199705887
416	7160	Gre-0	43.178	-85.2532	0.96201413427561833	call_rate_ge_0.90	4.5946578979492188	21.241994857788086	29.70211781869979	1.9860925976371651	0.86230018897461791	0.04638601156554082	-1.0574378425454509	0.9526868466350199	0.18476949230347536	-0.20974891484811353	0.55978758434470532	-0.56967731873714367
418	7162	Hs-0	52.24	9.44	0.94964664310954061	call_rate_ge_0.90	2.6504521369934082	21.513427734375	-1.6202525375939141	0.16941289524133363	-0.47355993112086248	-0.32637807352684051	1.9548612949420847	-0.10091342124430937	-1.0634251191548956	-0.59028151057045819	-1.1424431801707915	2.2320097225132534
419	7163	Ha-0	52.3721	9.73569	0.96554770318021199	call_rate_ge_0.90	1.9627507925033569	22.472759246826172	-0.42839308646097751	-3.3256348919199983	3.9454910709666593	-2.5470551194698747	-0.93147194708904335	-2.6969794559759279	-0.88615807231962418	1.8742725800889863	-1.9512510311103313	-2.0214965193556491
420	7164	Hau-0	55.675	12.5686	0.95671378091872794	call_rate_ge_0.90	1.6766806840896606	19.922723770141602	-2.594641465601677	0.89420121702040323	-0.94124295280563575	-5.2509188818295867	-0.30502718647560167	2.1706242673597735	-1.2672921699561883	-1.3862870589235399	-0.90291937563978364	2.4158860159970339
421	7165	Hn-0	51.3472	8.28844	0.97703180212014129	call_rate_ge_0.90	2.4664070606231689	21.599376678466797	-1.4559366179172029	-0.23395807720919126	0.89743259539197306	-1.9528391465877881	0.62495212867891503	-0.066159267776727093	-0.20152006594544039	-1.8875169226988893	-1.3621927960255471	1.8948107442957172
422	7169	Hh-0	54.4175	9.88682	0.9717314487632509	call_rate_ge_0.90	2.2028045654296875	21.43328857421875	-0.98644043254261771	-1.9671887734612581	-0.89243123037614691	-1.6439551750962196	-1.073634425477646	-0.012475291963262854	0.92616965771525162	0.17877708241927756	-0.58052447308946553	-0.14409913659344512
423	7177	Jm-0	49	15	0.97791519434628971	call_rate_ge_0.90	-0.075941093266010284	22.489936828613281	-3.8470499996255989	-3.3620996854520491	5.1171458358865953	-3.3331992545642102	-3.0121213480986335	-1.4993221796997913	0.96714499743485338	-1.0481459751655928	-1.9312079390314578	-1.5773661340642917
424	7181	Je-0	50.927	11.587	0.96289752650176674	call_rate_ge_0.90	1.1204010248184204	20.15313720703125	-4.4278766559330336	1.4632236978548738	1.2452104794991099	-3.0387818662354436	-4.1625060468516688	0.34231936717421685	0.57635317138112041	0.029379871459413759	-0.40485997847148525	0.48509291844254843
425	7183	Kas-1	35	77	0.98939929328621912	call_rate_ge_0.90	4.0971240997314453	30.661029815673828	-6.6768061672863217	8.2911749178961145	13.171361489868007	8.73418839887999	5.2426210457904343	3.2965462960592324	-2.8782338708493835	-0.15277004734218896	-0.1936580770546027	0.037145979029586523
426	7186	Kn-0	54.8969	23.8924	0.96819787985865724	call_rate_ge_0.90	0.34543266892433167	22.005485534667969	-5.5201647371066525	0.14008768018295936	7.1979743809014893	-1.6993169576300988	-3.3552524616233677	-0.058706072403572757	-0.47158006264227131	1.3927622358762115	1.0499372130726614	0.5916676764239428
427	7192	Kil-0	55.6395	-5.66364	0.96554770318021199	call_rate_ge_0.90	2.5522842407226562	21.645910263061523	-3.195488694996091	-1.6199915282259922	2.7330811104534551	-2.1867779403556535	-0.63815252315227555	-2.0500059401312272	-1.3621409313548607	-0.95749385237663198	-1.8767922014537177	3.6495368074224008
428	7199	Kl-5	50.95	6.9666	0.99381625441696109	call_rate_ge_0.90	2.4771873950958252	22.544727325439453	-3.1842242040586828	-3.6482987098807893	1.0567609327991763	-3.0843901769508286	-0.14490360958038756	-0.0011583694552395069	0.40451437453950329	-0.77416483633929178	-1.6965704282767717	1.5125836521950224
429	7202	Kb-0	50.1797	8.50861	0.99646643109540634	call_rate_ge_0.90	2.5414736270904541	22.411201477050781	-2.8403593977501136	-3.6665853128296391	1.0992109070823064	-2.8871682498223561	-0.059876962833705555	-0.14846201135414136	0.59071694123241192	-0.6516310638923366	-1.7907280619209491	1.5841077251857465
430	7203	Krot-0	49.631	11.5722	0.99646643109540634	call_rate_ge_0.90	-0.50787270069122314	22.424779891967773	-4.2001438603934984	-1.1807436319695777	7.1758964532389351	-5.2045132354664476	-4.6801361870122999	-1.8249363444458329	1.8137719255646956	1.451076089294796	-6.477643688534175	-2.1230650179771935
431	7207	Kyoto	35.0085	135.752	0.96554770318021199	call_rate_ge_0.90	-0.21223422884941101	22.466852188110352	-4.7148892811647203	-1.551097740086367	6.7997599452898028	-3.8686343830601961	-4.0226278680478487	-2.0975620408975231	0.38147648755464508	-0.56367401368872649	-2.4753976983315367	-2.6859474322143284
432	7208	Lan-0	55.6739	-3.78181	0.9717314487632509	call_rate_ge_0.90	2.6499357223510742	22.582595825195312	-0.65151047082999969	-4.070759469681823	0.36682409845093261	-2.2142127033048342	2.0902511039907106	-2.8400866368640765	-0.59494624441280364	0.40412691532569395	-4.1648095987173575	0.31858110325463002
433	7209	La-0	52.7333	15.2333	0.9946996466431095	call_rate_ge_0.90	1.4060297012329102	22.000661849975586	-4.2018662633939652	-0.10287952458654474	3.8762675152416213	-3.3193723774918569	-0.57161001909251408	-0.31868911035815711	0.12843891595164772	-0.2210430262016046	-1.0928712292975891	1.4387814079876187
434	7213	Ler-0	52.7325	15.2369	0.98498233215547704	call_rate_ge_0.90	1.2463223934173584	22.014163970947266	-4.1874765875500728	0.4226838247621415	4.9392470350542421	-4.3361185673708489	-1.0458696501412965	-0.6683602257249448	-0.2711709592647833	0.27686291127328488	-1.0616742401725041	0.75199643797653104
435	7217	Lm-2	48	0.5	0.97703180212014129	call_rate_ge_0.90	3.9826710224151611	22.820085525512695	-1.8425704384499226	-4.070542722732954	-4.4690272470576939	-0.47438387031903506	4.553771080421428	-1.6348520111065856	-1.1055177225716932	0.027003130679483539	-2.5815275036551015	-0.47747850956066362
436	7218	Le-0	52.1611	4.49015	0.95229681978798586	call_rate_ge_0.90	1.9581145048141479	22.260810852050781	-2.056649416648066	-2.9320448811102451	1.87077998192576	-0.27342423928052006	-0.26044473681578295	-2.1590244838591937	-0.15872213242855629	1.3300132607705553	-1.5074692369734075	-0.3526114810934185
437	7223	Li-2:1	50.3833	8.0666	0.95406360424028269	call_rate_ge_0.90	-0.37314072251319885	22.448173522949219	-4.1138164099489858	-2.9529547180912648	7.0900293830231558	-2.8555371088829857	-5.0328353382441451	-2.0826213335409616	0.85056787393072009	-0.46872598221379169	-3.8528837821860216	-2.9193466354450961
438	7231	Li-7	50.3833	8.0666	0.95759717314487636	call_rate_ge_0.90	2.5503213405609131	22.479364395141602	-1.5376172779523296	-4.7489826033027489	1.9481476980061312	-3.0924749076157068	-0.18695662682939435	-0.82050660688437049	1.0141103937769957	1.3778079647035368	-3.9192742385310932	-0.35934121957235571
439	7236	Litva			0.96113074204946991	call_rate_ge_0.90	0.21001416444778442	22.225784301757812	-5.3042980456715441	-0.040418777103062478	6.706101735692747	-1.4310896936192192	-2.5613481458962903	0.38827196776047163	1.2207355130315007	1.9348338966568293	-3.3032752793904647	-0.73160221863899444
440	7244	Mnz-0	50.001	8.26664	0.93904593639575973	call_rate_ge_0.90	2.6255412101745605	21.664005279541016	-1.3529605966876777	-1.5957854137260088	1.2434132286955717	-1.4257699192900564	2.0828640544534238	1.2447601284342356	-0.027236705696644308	-2.0529504944975745	-0.71369997120701978	1.3824326140154735
441	7248	Mv-0	41.3923	-70.6652	0.98409893992932862	call_rate_ge_0.90	4.5815610885620117	21.265872955322266	29.948236567289705	2.0788853520817976	0.90032045104225655	0.22153322562086711	-1.047740387353431	1.1568291254575385	0.30115673648412528	0.16618963519762914	0.3967658189238904	-0.0089296482588567729
443	7255	Mh-0	50.95	20.5	0.95759717314487636	call_rate_ge_0.90	2.3675119876861572	22.504716873168945	-1.1156635811862496	-3.9035077312840123	1.725040568206446	-4.0586479587753335	-2.7028354814644171	-1.2086278269938995	0.92726760747468839	0.1230582224050055	-1.7210530480158968	-1.328498828474028
444	7258	Nw-0	50.5	8.5	0.98144876325088337	call_rate_ge_0.90	2.4481337070465088	22.540828704833984	-0.43974596220027279	-4.695905989503534	3.0647069426652283	-5.4032393849151124	-2.0389078695661875	-0.8173469521982808	0.068332916348511658	0.27392930191926634	-2.6072922870929851	-0.78207895429826813
445	7268	Np-0	52.6969	10.981	0.96643109540636041	call_rate_ge_0.90	2.238875150680542	21.505218505859375	-4.0606449089236039	-3.0877058714800736	3.1333824206182572	-5.1786170584544706	-1.1376095188609008	2.2255206429067744	1.1464951787297286	0.20680037648084468	-2.7275192471996084	2.6533879962337852
446	7273	No-0	51.0581	13.2995	0.9885159010600707	call_rate_ge_0.90	-0.12640504539012909	22.646738052368164	-2.7276038011040771	-3.5690384271868787	6.7921131472221665	-4.7714162729382155	-5.0421673814724652	-2.6583485683028121	0.3815719131289132	-0.91744644612948267	-3.682852817516411	-1.697007459401886
447	7276	Ob-0	50.2	8.5833	0.96731448763250882	call_rate_ge_0.90	2.4681708812713623	22.516767501831055	-0.48473144988996103	-2.7948744247338171	0.65336995437696366	-4.7317510475607101	-0.025148289071364741	0.089808468769970978	1.0486340205629805	0.40746042251905207	-2.9509406429894391	-0.5884380499370655
448	7280	Old-1	53.1667	8.2	0.9832155477031802	call_rate_ge_0.90	2.6667122840881348	21.537555694580078	-3.8160790293267324	-0.24062813827245436	-1.9793071429488691	-1.6156939050048476	2.2474958903700877	1.0463078826992671	-0.53415746579980394	-0.48892814179590999	-2.2404115623498417	3.025537481110935
449	7282	Or-0	50.3827	8.01161	0.97526501766784457	call_rate_ge_0.90	2.3780608177185059	22.604999542236328	1.0391564835084341	-4.788497989221602	2.0356054174928055	-5.5928528943716103	-1.4946812307773414	0.33530117800078285	0.7272925645464603	0.80726495591132008	-4.2237952798232863	-0.69608169691611443
450	7287	Ove-0	53.3422	8.42255	0.99381625441696109	call_rate_ge_0.90	2.3618190288543701	21.712202072143555	-0.98798238402384686	-1.207908516190568	0.90266851405818072	-3.4990165866918765	0.10030324688269891	1.2774548214808781	-2.2353098113729555	-1.0987575752237559	-2.4497926717235305	3.5162400942575491
451	7288	Oy-0	60.385543	6.193019	0.99381625441696109	call_rate_ge_0.90	2.389911413192749	21.467922210693359	-3.5921172629949791	-2.5842761974647583	1.2683314525876168	-3.5206817432980988	-0.49920072885170003	1.0772322556724423	0.84917316023774547	-1.75874236536585	-1.7921382780641459	1.9790058508007597
452	7296	Petergof	59	29	0.97438162544169615	call_rate_ge_0.90	-0.39785006642341614	22.512990951538086	-2.2147288370202256	-2.1975698814483069	5.6805081243780782	-6.2596295579646624	-4.2932050135811126	-1.4945096263605668	0.68286546293450323	0.41014877627711072	-3.4470657677242338	-3.8156413990903406
453	7298	Pi-0	47.04	10.51	0.95053003533568903	call_rate_ge_0.90	0.63150233030319214	23.105409622192383	-2.5350609330240239	-3.7361665941037563	3.8043210740320745	-1.2110983866218046	-3.3628565528117855	-3.2594227998085499	1.0480170773245943	0.48569033730515254	-1.6361970237537884	-4.1170029485766211
454	7305	Pt-0	53.476	10.6065	0.96643109540636041	call_rate_ge_0.90	2.4614965915679932	21.659982681274414	-3.9743608856590598	-1.6626462954757892	0.5389404063176495	-4.6322275307331484	0.27297708212271321	-0.083166004819893197	-1.9665918412062684	0.83207589943193894	-2.3036207703954039	2.4780174731005093
455	7306	Pog-0	49.2655	-123.206	0.94699646643109536	call_rate_ge_0.90	4.032750129699707	22.930442810058594	-1.0525655967420093	-4.9677117664562944	-4.0192309646864803	0.83320018242544713	5.2652724996081446	-2.7785075399611339	-0.90647659929742197	0.094557010603666836	-0.50366848097826433	1.3444371895083678
456	7307	Pn-0	48.0653	-2.96591	0.97968197879858654	call_rate_ge_0.90	4.0046792030334473	22.571037292480469	1.0685223470614362	-3.2500110932579411	-3.2571339286285261	-0.53265290861221926	5.5468424734933564	-1.4651445849881153	-1.2797056554456487	0.94603905639529018	-2.1066882525924413	0.67902473907883321
457	7314	Ragl-1	54.3512	-3.41697	0.98233215547703179	call_rate_ge_0.90	2.0154268741607666	22.100833892822266	-2.9753668651644483	-1.5087409097643179	5.0569598957094648	-3.2507300770971321	-2.5672526851001556	-0.55806297545446026	-0.44117705139309421	-1.1793515617139767	-1.854998855278424	-0.058122005880066871
458	7316	Rhen-1	51.9667	5.56667	0.97261484098939932	call_rate_ge_0.90	2.6992015838623047	21.912921905517578	-1.3946550713566823	-1.5098796217413619	-0.91249339928297413	-2.0791215415511455	3.3524443412652469	-0.62053834260435259	-0.7758341572786045	0.1010168913043205	-2.7144468144550955	0.82428556128678032
459	7319	Rome-1	42	12.1	0.94169611307420498	call_rate_ge_0.90	4.510735034942627	24.605106353759766	-1.98531054234966	-5.4892589198255459	0.23343636852224883	0.34116670336687643	1.9344642430147418	-1.4822868289441939	4.2722371808716568	-2.2212115373339194	1.4433446002484849	-0.092445776928983439
461	7322	Rsch-4	56.3	34	0.99028268551236753	call_rate_ge_0.90	2.680757999420166	22.390968322753906	-1.8012792378901707	-4.1539363591225893	1.9448800830708968	-4.6229537184073877	0.38898657371138706	-0.57412457256329064	1.4351836902826027	-0.5111617601646985	-2.7807061432148079	0.40294211176228428
462	7323	Rubezhnoe-1	49	38.28	0.98586572438162545	call_rate_ge_0.90	3.7322993278503418	30.401742935180664	-7.0549206461870027	8.0357576648440201	12.868828668181466	6.631117133252407	3.380752055540571	4.4614302960026739	0.54998866170333527	0.93152145882289517	-0.5601014167825632	-0.19251239761156694
463	7327	Sf-1	41.7833	3.03333	0.96378091872791516	call_rate_ge_0.90	5.7564187049865723	23.863832473754883	-1.7185820870635726	-4.9829012489054909	-5.2571228291627046	6.0373979308031371	-4.7811734456913779	0.3885190825929708	-1.7583637486739767	-11.42150800909066	1.5671015989312611	-3.5325289091136853
464	7328	Sf-2	41.7833	3.03333	0.96731448763250882	call_rate_ge_0.90	5.8256092071533203	23.908567428588867	-3.2439308275186325	-5.5490229371047279	-5.2224633951745361	6.0484584840360709	-4.2957200316821282	0.35106158743315119	0.0067531620401944988	-11.493091301971115	1.3925455173326713	-1.3479920511442718
465	7332	Seattle-0	47	-122.2	0.95583038869257952	call_rate_ge_0.90	4.1968865394592285	22.945568084716797	0.3193737802630317	-5.2004709629363095	-3.9374268832401809	0.36417993000695331	8.8277159907621847	-5.3865541293438826	-3.619295032977353	0.21545690194204287	0.33370767966276466	-1.618079055037259
466	7333	Sei-0	46.5438	11.5614	0.92932862190812726	call_rate_ge_0.90	0.39552715420722961	21.626224517822266	-4.8724536898041064	-0.036330602994179659	4.3641735520162195	-1.6661089132953806	-6.3163761839238424	-2.5123382640247884	-7.48666103146829	1.7386203525708899	6.1918180392492728	-1.0131373101968937
467	7337	Si-0	50.8738	8.02341	0.95671378091872794	call_rate_ge_0.90	2.3722255229949951	22.516550064086914	-1.0194466464897949	-4.8481099629301472	1.3714565862750761	-5.1403712189992783	0.83785365708128112	-0.58963847257988189	1.2011115406515718	-0.3026263672433806	-3.5934580511014249	-1.5627777315733979
468	7342	Su-0	53.6473	-3.00733	0.98586572438162545	call_rate_ge_0.90	2.9622068405151367	21.819955825805664	1.0443200326429116	-1.7084698154996454	-3.0651654537339139	-1.2921780278936805	4.5281339140331571	-0.15940792739768544	0.89354436594243736	0.54645532448584144	-0.091405624373531738	2.5393182726169861
469	7343	Sp-0	52.5339	13.181	0.95229681978798586	call_rate_ge_0.90	1.3385752439498901	21.069721221923828	-4.461236518742318	-1.2611988563289624	2.6941799615262654	-4.2347679863545453	0.31395282177824441	-0.70662835215492237	-1.3790864178827571	0.34479550552874477	-2.5523650981520758	3.9731663736925973
471	7346	Sten-0	52.6058	11.8558	0.97349823321554774	call_rate_ge_0.90	1.5981903076171875	21.185276031494141	-3.2141533239138536	-1.8039122960164269	2.596296369365656	-4.1917972200654656	-1.9656054596614987	-1.6664838529981234	1.232810066910603	0.68596004978498726	-0.82400377145174164	3.0225490482491058
472	7347	Stw-0	52	36	0.98233215547703179	call_rate_ge_0.90	0.37831485271453857	22.829370498657227	-6.1291468930205397	1.7045340194096368	9.2143247010765013	-1.5323736071723988	-2.4669486701487697	-1.2945235710396519	-0.41366039805351218	3.1688066757762363	-2.804796859498186	-1.8727877473336152
473	7349	Ta-0	49.5	14.5	0.96466431095406358	call_rate_ge_0.90	-0.49094155430793762	22.427530288696289	-4.2986702237612056	-4.1122425314215461	6.0110507528412729	-6.0392721069035593	-6.5130787338331286	-2.2647057676126181	0.58447850710382332	1.9809061589530699	-4.2582874809223021	-4.9381296027430208
474	7350	Tac-0	47.2413	-122.459	0.99028268551236753	call_rate_ge_0.90	-0.59909582138061523	22.422885894775391	-4.4424798925074143	-4.1885264520079311	6.1374641829043011	-6.365704815946855	-6.4892083882136955	-2.1359270651909683	0.53841505292239145	1.978055777195427	-4.3234401454264288	-4.8258620335588454
475	7353	Tha-1	52.08	4.3	0.97084805653710249	call_rate_ge_0.90	2.7030107975006104	20.821811676025391	-1.756524382791985	1.2696720028894692	-4.7128314068347281	-1.3273099546356406	2.1506581929562056	0.4693931403144731	-0.61339599945818146	-1.9789958100395775	-0.92529464248279614	3.2550111009503073
476	7354	Ting-1	56.5	14.9	0.96201413427561833	call_rate_ge_0.90	1.4714854955673218	20.689476013183594	-4.3515129103340913	-1.2823674610907378	2.8831474602830194	-4.7191686357531051	-1.595882229026061	-0.12846241260324243	-2.8482929257303296	-0.34993422531930224	-1.9938507128148431	4.5109644755438101
477	7356	Tol-0	41.6639	-83.5553	0.96554770318021199	call_rate_ge_0.90	4.4553542137145996	21.409357070922852	15.541723239633711	0.1434876879736304	-1.8734442594052847	0.82965383907004275	0.18714066162557899	0.068144502473772364	0.072367280074070284	-1.404374507202985	-0.56096317271929941	0.62763809779020985
478	7358	Tol-2	41.6639	-83.5553	0.99911660777385158	call_rate_ge_0.90	38.809906005859375	43.724349975585938	31.366876187222221	2.3024222721223766	0.96691599500039005	0.097230562771725454	-1.04008873201731	0.89131190058543464	0.340148363048006	0.0014398387799303572	0.46669693375522536	-0.15217408551754483
479	7359	Tol-3	41.6639	-83.5553	0.99911660777385158	call_rate_ge_0.90	38.670280456542969	44.063434600830078	31.422546797265092	2.3511371900295761	0.96638744386238573	0.17145900569544967	-1.2320726878438082	1.0117198775928451	0.44246874285794024	0.095201813984602951	0.47188719431692144	-0.1698570126113392
480	7372	Tscha-1	47.0748	9.9042	0.98674911660777387	call_rate_ge_0.90	0.88612347841262817	23.248334884643555	-2.6250652705181619	-5.1457868093416952	3.0728561480712568	-3.6169757557396163	-2.6303904741615898	-0.57862001924652862	0.45465271243839389	-0.46536269375135197	-1.8960779871943307	-4.5854531417537441
481	7373	Tsu-0	34.43	136.31	0.99293286219081267	call_rate_ge_0.90	2.1650187969207764	22.692747116088867	-3.7527203139950358	-3.8479357714775464	3.1311467903881982	-2.8011181733137702	-0.6865400941100902	-2.0913620045331687	2.6038212520443573	-0.041120106250300367	-3.5654099299691322	-1.1735739765575959
482	7377	Tul-0	43.2708	-85.2563	0.96731448763250882	call_rate_ge_0.90	4.5633163452148438	21.267139434814453	29.891049979961945	2.0231080458687933	0.70677713356696792	0.39523721790235367	-1.2442084922917105	0.83217803814805569	0.39078994145921714	0.27550913330139548	0.39368525807663546	-0.10843412209459874
483	7378	Uk-1	48.0333	7.7667	0.95053003533568903	call_rate_ge_0.90	1.9995161294937134	22.961101531982422	-1.4834177518363754	-4.3110004174802459	1.4696313962623779	-2.7441376256691954	-0.78225996680681387	-1.8471944365928108	0.26862655093367194	-1.3418457646454065	-3.0082013624176169	-2.4535727336309394
485	7383	Van-0	49.2655	-123.206	0.99116607773851595	call_rate_ge_0.90	4.1055331230163574	23.29145622253418	-2.0526496660182505	-5.1476462616465373	-3.7159410409440077	0.13353073479256147	4.6272818151443271	-1.4248351826070689	-0.42675979814916082	0.29126950349878039	-2.0234343533505332	1.6620974125259669
486	7384	Ven-1	52.0333	5.55	0.98056537102473496	call_rate_ge_0.90	2.8221540451049805	21.954322814941406	-2.4592129109022256	-3.2806930750377448	-0.90087619694744903	-2.6446526489874946	1.6944472751815183	-1.2530946435453245	0.65955545668382221	0.79193842844602191	-2.8396734632142451	1.1341327299058521
487	7387	Vind-1	54.9902	-2.3671	0.97614840989399299	call_rate_ge_0.90	4.287412166595459	22.437921524047852	0.026670111769779174	-5.8437748534700784	-5.9753399980519779	0.29124436598550957	14.472217109066193	-6.8493839572327238	-8.8092183040043501	4.3529400987608549	-0.85146076677478355	2.1536155881051813
488	7394	Wa-1	52.3	21	0.98056537102473496	call_rate_ge_0.90	0.48655986785888672	22.095146179199219	-4.4225138527782093	1.0163086158998564	7.8699338775327954	-3.4928565704130485	-1.5204476786806891	0.55200052625610141	-0.14647222722205766	0.47761072072194483	-0.73000703963384195	1.6474061080944011
489	7396	Ws-0.2	52.3	30	0.99204946996466437	call_rate_ge_0.90	0.064127303659915924	22.590330123901367	-5.2454848722992935	0.5916798746809796	7.9738772920340244	-1.9276337720599155	-2.3649976892830264	-0.57219585600635414	2.2668423729100065	0.43927793196856102	-3.7986843988853631	-1.9975732346149699
490	7404	Wc-1	52.6	10.0667	0.96643109540636041	call_rate_ge_0.90	2.2026388645172119	21.859716415405273	-2.7707123953002948	-2.540569351049164	3.4206545662323178	-4.2363613801816751	-1.0754377690019075	0.63192403088297766	0.76124790270603315	0.31205008678548046	-3.8181850795308914	0.44885957019186046
491	7411	Wl-0	47.9299	10.8134	0.9717314487632509	call_rate_ge_0.90	1.5431866645812988	23.883754730224609	-2.5480132909577353	-5.1784960651080443	3.4520245036198904	-4.2119340228153517	-2.4050666194673065	-4.0552920963505432	1.06300986489516	0.96002791440356783	-3.7495111223283284	-3.5906629932143042
492	7413	Wil-2	54.6833	25.3167	0.99028268551236753	call_rate_ge_0.90	0.14903625845909119	22.268531799316406	-5.5500339611676921	1.3878046470397762	7.4115635770359516	-1.5680543197199239	-3.0831414244226405	0.31989939453772753	-2.0261701074057972	-0.24979487641411544	-2.7747072059187032	0.25501294750144166
493	7415	Wu-0	49.7878	9.9361	0.9832155477031802	call_rate_ge_0.90	2.2934315204620361	21.716203689575195	-1.3868246943245963	-2.6277908082767132	0.87329257945266114	-1.8379207857718247	-1.2715388027383792	0.88779613559081205	1.2271920336989381	-0.64419167379374076	-1.9665981036127347	0.69716639596861374
494	7416	Yo-0	37.45	-119.35	0.99204946996466437	call_rate_ge_0.90	4.488800048828125	21.381160736083984	15.159585002514325	-0.80017326827226254	-1.0544415066128625	0.21316122665914689	1.5221878091630947	0.2310626444892746	-0.77990293338587369	0.4416578530918544	-0.48131897358625425	1.7657913365683677
495	7417	Zu-0	47.3667	8.55	0.9832155477031802	call_rate_ge_0.90	4.6430768966674805	23.740346908569336	0.25325170097805522	-6.8551219001891139	-2.2017471447439556	1.8222980090660383	2.9165152015046778	-2.1613204974645162	1.3417553762904331	-3.1245978640159886	-1.1412346209939446	-0.84399564212526645
496	7418	Zu-1	47.3667	8.55	0.95848056537102477	call_rate_ge_0.90	2.1854062080383301	23.850576400756836	-1.3082887581419831	-5.3908796438501234	0.87538971864891046	-1.2286886400217294	0.92712372435372414	-2.0327708272565004	1.2031180275373896	-0.22551854056098397	-1.0064235555361667	-3.1666102190898622
497	7419	Db-1	50.3058	8.32213	0.98144876325088337	call_rate_ge_0.90	2.5106618404388428	22.506473541259766	-1.9327797611687161	-4.195222176494191	1.8091641520394066	-6.0390580123208712	-0.089962222230414654	2.3154264451597397	1.3565471525660002	0.22579268439004341	-5.2266534761539365	-0.063709192545490637
498	7424	Jl-3	49.2	16.6166	0.94434628975265023	call_rate_ge_0.90	-0.21020932495594025	22.55888557434082	-4.8396805741552686	-2.8262852390897932	6.4457025577196516	-3.6252948148965873	-4.1361579873144612	-3.5026219571462285	1.8221925365499749	-1.0341284876163668	-0.51607972426448623	-2.4722914844558268
499	7427	Ko-2			0.9717314487632509	call_rate_ge_0.90	-0.0020804314408451319	22.143377304077148	-4.7122253736317203	-0.6079495000804892	6.8227651947137051	-2.4578135168492365	-4.5363671684494156	-2.2240588923807678	-0.25815761661569236	1.6313727897865056	-2.3555398421926363	-0.11628624617714671
500	7430	Nc-1	48.6167	6.25	0.95759717314487636	call_rate_ge_0.90	2.6847383975982666	22.846298217773438	-0.89352704041555164	-5.3580864281990799	0.90234248900379932	-1.499136166800479	1.770264754822553	-0.75271325349467721	1.3550794414774125	-0.67781457893822561	-2.0200919203533947	-0.52958807461843327
501	7460	Da(1)-12			0.95141342756183744	call_rate_ge_0.90	-0.62453263998031616	22.471323013305664	-4.4139559620578774	-2.1464543329628341	6.0526732802796452	-6.7693727458324053	-7.2099375435995743	-2.1737125948083058	0.36449470479064472	0.76495606452485632	-3.661742820517603	-3.5228483657807685
503	7471	RLD-1			0.96201413427561833	call_rate_ge_0.90	0.67043209075927734	22.400308609008789	-4.9192910172881357	2.6199823183874189	8.522574361723624	0.69771535884059321	0.7007528423203182	1.4861996619755451	0.26634421307375183	0.42693524766000496	-2.9521504877228426	-1.4059404170340002
504	7475	KEN	41.767	-72.677	1	call_rate_ge_0.90	37.780353546142578	43.598152160644531	31.574751992503902	2.3149450465423276	0.93221870212074498	0.18263878000229625	-1.1127711601711989	0.9643494220752753	0.36816670267755536	0.15303296907291575	0.45359639759157971	-0.1760370108172917
505	7477	WAR	41.7302	-71.2825	0.95494699646643111	call_rate_ge_0.90	2.1781766414642334	22.772727966308594	-2.9932137933792728	-4.4897763429405	3.9105147161799283	-3.362008345843138	-1.6436033817013596	-3.3765166001172342	2.4431309249001485	0.046149169773450169	-2.5777348740765773	-1.634116021164163
506	7514	RRS-7	41.5609	-86.4251	0.98498233215547704	call_rate_ge_0.90	2.9428751468658447	21.868780136108398	-2.3302122251132102	-4.9152096189259362	0.36059137135048575	-2.2061231743055703	0.52840666247275758	-2.8508185747513557	0.55007666393305432	1.1224541658709737	-1.5229216919459185	-0.4758130155381145
507	7515	RRS-10	41.5609	-86.4251	0.97438162544169615	call_rate_ge_0.90	4.6546192169189453	21.19059944152832	29.847439186906517	2.0036299994357898	0.71709813680482615	0.034424281144071679	-1.2504273616913495	1.0273364797302316	0.52943941789186788	0.047289836063501262	0.39641732946024316	-0.042468565073476558
508	7516	Vår2-1	55.58	14.334	0.93462897526501765	call_rate_ge_0.90	2.3419864177703857	20.067869186401367	-2.3179216108858873	3.4152741216676628	-4.1816343343251772	-1.8096121340329054	-1.8151927238880599	2.6241883169790881	-0.11266172505300467	1.2300108564422341	-0.73146847353194999	14.662614913046731
510	7520	Lp2-2	49.38	16.81	0.98233215547703179	call_rate_ge_0.90	-0.51385468244552612	22.540168762207031	-4.6966382479856374	-2.8169148083659126	7.6460623136181214	-5.3761798201111244	-4.4299116976154869	-1.6735050966545995	1.687838661431222	1.2041901232298129	-2.3226287679005031	-3.5379957713111758
511	7521	Lp2-6	49.38	16.81	0.98674911660777387	call_rate_ge_0.90	-0.53824532032012939	22.490705490112305	-3.6112850689544205	-2.3663172904237961	5.8377051696259281	-3.8358638598739403	-4.8982791801995242	-1.4914533652298807	0.8715766682834768	1.3081188597924707	-0.0018622263793935706	-1.7770396916705777
512	7523	Pna-17	42.0945	-86.3253	0.90459363957597172	call_rate_ge_0.90	4.289576530456543	21.528396606445312	12.469079397780376	-1.3695092967354456	0.27451134445731301	-0.97847357598062723	-0.54690889225960937	0.27804944258174807	-0.13479597653751577	-0.64739682349260119	-1.3366839255278986	-0.739553703096408
513	7525	Rmx-A180	42.036	-86.511	0.96731448763250882	call_rate_ge_0.90	4.2954730987548828	21.784147262573242	10.278468693044434	-3.7850412662364477	-2.5507642202914256	-0.40401658418154313	4.957904310535902	-3.2142117209180805	-2.125534719150421	1.5028742214822044	-0.43358288349616092	0.27846777106780574
514	7529	627RMX-1MN4	42.0333	-86.5128	0.99911660777385158	call_rate_ge_0.90	4.4522542953491211	21.405048370361328	19.890650954680964	-1.4589723494908367	-2.0841231446680055	0.58671360310448828	4.6065620838742207	-2.3530969539449811	-1.9136898230607207	3.1203791577307052	0.38455483841559146	-1.0763454139548589
515	7530	627RMX-1MN5	42.0333	-86.5128	0.99911660777385158	call_rate_ge_0.90	4.4397644996643066	21.392295837402344	20.082714217586997	-1.3946190985673312	-2.1165766681937277	0.71173747838212797	4.5248418424940686	-2.2759308976614085	-1.9067770249991292	3.2896425381389847	0.38702406606367984	-1.1043063067194587
516	7566	627ME-13Y1	42.093	-86.359	0.99911660777385158	call_rate_ge_0.90	4.4799671173095703	21.353176116943359	27.330078603337885	2.1265172972916417	0.83327197948909493	0.01444582866529793	-1.9618780466899113	1.4535487461616998	0.47587681785203395	0.016610526860491061	-0.37938264394898641	-0.81136671535148497
517	7568	627ME-1MI1	42.093	-86.359	1	call_rate_ge_0.90	37.562427520751953	43.829673767089844	31.574751992503902	2.3149450465423276	0.93221870212074498	0.18263878000229625	-1.1127711601711989	0.9643494220752753	0.36816670267755536	0.15303296907291575	0.45359639759157971	-0.1760370108172917
518	7717	KNO1.37	41.273	-86.625	0.95141342756183744	call_rate_ge_0.90	4.0886025428771973	21.710346221923828	8.3578469262308541	-2.1357190855428487	0.48321911439009146	-1.7308761628605931	-0.33511729710147553	-2.9375850661860987	0.55958508460338607	-1.5753866849397049	-1.4969486679668766	-1.6784187153155299
519	7757	KNO2.41	41.273	-86.625	0.99911660777385158	call_rate_ge_0.90	38.825222015380859	43.714069366455078	31.366876187222221	2.3024222721223766	0.96691599500039005	0.097230562771725454	-1.04008873201731	0.89131190058543464	0.340148363048006	0.0014398387799303572	0.46669693375522536	-0.15217408551754483
520	7767	KNO2.54	41.273	-86.625	1	call_rate_ge_0.90	37.532611846923828	43.625675201416016	31.574751992503902	2.3149450465423276	0.93221870212074498	0.18263878000229625	-1.1127711601711989	0.9643494220752753	0.36816670267755536	0.15303296907291575	0.45359639759157971	-0.1760370108172917
521	7917	PNA3.10	42.0945	-86.3253	0.93816254416961131	call_rate_ge_0.90	2.4570221900939941	23.19525146484375	8.9140172220349267	-1.7481016535359066	1.9359047522250106	-1.9624650409058335	-2.519364760405014	-0.47911172125427109	-0.27237679393149167	-0.33724335714056525	-1.306243795453603	-2.6530837343999831
522	7947	PNA3.40	42.0945	-86.3253	0.95318021201413428	call_rate_ge_0.90	4.2618832588195801	22.063230514526367	5.8492318815759381	-4.3954460798871438	-3.748839227600997	0.29109213430570485	5.6076553630291572	-3.2667980211340577	-2.7830605914063926	2.1820054068533521	-1.1513205440071501	0.083426259347610818
523	8037	PT1.52	41.3423	-86.7368	0.99911660777385158	call_rate_ge_0.90	38.686428070068359	44.069046020507812	31.422546797265092	2.3511371900295761	0.96638744386238573	0.17145900569544967	-1.2320726878438082	1.0117198775928451	0.44246874285794024	0.095201813984602951	0.47188719431692144	-0.1698570126113392
524	8057	PT1.85	41.3423	-86.7368	0.99911660777385158	call_rate_ge_0.90	37.975894927978516	43.665828704833984	31.469113050949566	2.3203430330369734	0.89559091696704174	0.14526754015924542	-1.1030733233492469	0.94861174678367299	0.30510676737174758	0.12305843809233932	0.45389791020565978	-0.18693924707673809
525	8077	PT2.21	41.3423	-86.7368	0.95406360424028269	call_rate_ge_0.90	4.3689742088317871	21.508243560791016	14.064994607318713	-0.75772329308854858	-0.94177064038678981	0.26543402400560601	-0.11454067922052508	-0.67201893511365729	1.2528107671142459	-0.44558272724221631	0.45993109369577728	-0.15459829639734823
526	8132	RMX3.22	42.036	-86.511	0.95671378091872794	call_rate_ge_0.90	4.3535122871398926	21.460317611694336	17.106840612706154	-1.6374784752931315	-1.0781119898486222	0.01299246544661224	3.3794737770755954	-0.31913224812070939	-0.9459061988481765	0.80912152826722983	-0.85775281699301764	-0.43420026886202034
527	8171	RMX4.118	42.036	-86.511	0.99911660777385158	call_rate_ge_0.90	4.4322810173034668	21.572746276855469	15.795080279960334	-2.06983725311781	-2.100454302802639	0.00034976741831665211	4.2018163399309794	-1.9533808481682284	-2.8454828270223689	1.8703508463698035	-0.88711012692263758	-0.12495140143414152
528	8214	Gy-0	49	2	0.96996466431095407	call_rate_ge_0.90	4.0602645874023438	22.831478118896484	1.3308935674078501	-2.7222292467041878	-4.4947075911599264	-0.4084900923078999	6.317198602125889	-3.7946605520638195	-2.2601539142281704	1.1029012481261882	0.52615861251098806	0.33126635455459935
529	8222	Lis-2	56.0089259	14.7427433	0.95229681978798586	call_rate_ge_0.90	2.0319774150848389	20.144569396972656	-4.4454936516149228	3.5788013340280171	1.7818063120910679	-3.2363587659079478	-1.5940785489569995	-1.8149352217695844	-0.26124684678468962	-0.053084841976788068	-0.91594136998280262	3.7008367448488504
530	8227	THÖ 03	62.7920572	17.898516	0.96378091872791516	call_rate_ge_0.90	2.6922333240509033	18.416484832763672	-4.7519606266923073	16.019705354200411	-9.8403470771469603	-2.1690639329306851	-1.4735315168190095	-7.0208317623909116	2.0274940889482012	-1.8090086782433086	-0.85272432664136111	-1.8373188806713745
531	8230	Algutsrum	56.68	16.5	0.99293286219081267	call_rate_ge_0.90	0.994243323802948	20.965909957885742	-4.3968022389667647	3.3196397703407379	-0.45579613737872471	-2.9355182260907289	-0.52297411197658916	-0.79931359103660582	-1.9689857704509859	0.28894864398903874	3.0926352954311143	4.0198143843359642
534	8234	Gul1-2	56.3201865	15.9753237	0.93992932862190814	call_rate_ge_0.90	1.9843153953552246	20.609888076782227	-2.0909944316383702	-1.2648284958181861	1.2038423560140847	-2.1700490724717985	-0.61060277411877828	0.62275363611031709	-1.511798311774778	-1.3311762995681831	0.6039599567593551	4.3162564446292233
535	8235	Hod	48.8	17.1	0.93639575971731448	call_rate_ge_0.90	-0.069785840809345245	22.23602294921875	-3.4258118702020823	-1.4945345196046096	6.781319981483259	-4.0324320821112334	-4.7408693463758267	-1.3361204785496279	0.011680020954141888	-0.30601785202900522	-1.8674177652609505	-0.24482642852123618
537	8237	Kävlinge-1	55.8	13.1	0.98409893992932862	call_rate_ge_0.90	1.0178625583648682	19.609539031982422	-5.4543831355137504	1.1377733686294338	1.4007241188463748	-7.7565746222906693	-1.2004289068359704	3.3524420168048863	-0.44293660959256492	-2.0892001239061382	-3.8942437852708247	6.0295046310252465
538	8238	Kent	51.15	0.4	0.9832155477031802	call_rate_ge_0.90	2.4703373908996582	22.439249038696289	-1.7636565773066091	-4.1405868683054141	1.9174049123024961	-4.6223408497282445	0.4944002157923113	-0.55538172830520927	1.3252220265853865	-0.13416175096292035	-2.8543030272913197	0.2559689008545819
540	8240	Kulturen-1	55.705	13.196	0.98498233215547704	call_rate_ge_0.90	0.9736868143081665	19.579954147338867	-2.5636084371422725	-0.62945941667269745	-0.80385985309783237	-6.1729283031825464	-0.55377704306146713	2.5019071987445662	-2.9909018429618248	-1.3354826958442083	-2.2601653337110648	4.5539547881392322
541	8241	Liarum	55.95	13.85	0.98498233215547704	call_rate_ge_0.90	1.3792139291763306	20.862842559814453	-3.8607000358856709	-1.1600423799471413	1.9619174515834161	-3.9064286502367014	-1.7662015518649818	0.54442491735889342	-2.6941932346019217	-0.57293519637945811	1.5942441232819311	4.7334320395103946
542	8242	Lillö-1	56.1510312	15.7832574	0.98763250883392228	call_rate_ge_0.90	2.1324925422668457	21.13861083984375	-3.3140424350621003	-1.9923116336389155	1.671346703003818	-0.96838125739591407	0.54352425228159018	-1.8926453582953826	-0.71987610308212902	-0.57998643171247322	-1.2026475123143934	4.2114021258650656
543	8243	PHW-2	43.7703	11.2547	0.93374558303886923	call_rate_ge_0.90	4.2934446334838867	24.213100433349609	-1.474956927160304	-6.6850459670116296	-1.0298873382333205	-2.1040233350382023	1.7155986599611923	-3.8912899991253331	1.6374763844270912	-0.58778612390415719	0.70709650548158998	-0.42414323382896341
544	8244	PHW-34	48.6103	2.3086	0.97791519434628971	call_rate_ge_0.90	4.0561599731445312	23.577152252197266	-1.194170673125674	-3.3485413567855251	-2.9975606915944848	1.0171409667531017	3.7869051853255709	-2.3493335358499583	0.7580833790691206	-0.84382343987515629	-0.83012638619512713	0.0094705584221169321
545	8246	NC-6	35	-79.18	0.97703180212014129	call_rate_ge_0.90	4.4150295257568359	21.437788009643555	14.872475389584126	-0.20143396171871289	-0.85516989493464501	-0.56050242106400172	1.3681558147806085	-0.35729918558636331	-0.39092816368880301	-1.8349720978222119	0.43934141858803816	-0.02499403983695558
546	8247	San-2	56.0692873	13.7407939	0.93374558303886923	call_rate_ge_0.90	-1.7274634838104248	19.229804992675781	-3.5491732719208815	0.31031945679338341	-3.7684198915349265	-6.4676346142905068	6.1051960896486035	10.878140235476021	0.89231007613147184	-1.0986916457150051	3.318104808165069	-3.2845770509424712
547	8249	Vimmerby	57.7	15.8	0.93551236749116606	call_rate_ge_0.90	1.2558029890060425	20.882793426513672	-4.0300815155062732	2.6335922939128436	2.37198751085606	-2.4103825915138941	-0.73230355034486183	1.6252422877720054	-3.2501510469450445	0.24182877455535884	2.1672524166202303	2.4254718925250609
548	8256	Bå1-2	56.4487477	12.9040338	0.94787985865724378	call_rate_ge_0.90	2.3345551490783691	21.068397521972656	-3.211975659678445	-0.49587988954055628	0.10536400747160327	-4.1517799724720108	-0.35227774830447328	2.0917738570134294	0.57708577729040722	-0.19180429249733211	-1.6644766209326953	1.7695335918522725
549	8258	Bå4-1	56.4487477	12.9040338	0.97968197879858654	call_rate_ge_0.90	1.3574837446212769	19.915079116821289	-3.5551703652648823	1.9964464545103751	-1.2520411055701874	-7.0603935978562724	-0.21834624524034149	2.627035984166846	-0.096107634269849251	-0.42105548060452685	-0.90668684968261282	4.1612528989101873
550	8259	Bå5-1	56.4487477	12.9040338	0.9946996466431095	call_rate_ge_0.90	1.3109647035598755	19.847366333007812	-3.8062883168140345	2.1594552369694022	-1.2538799593410699	-7.1260875972584135	-0.35613479982001212	2.738113020495331	-0.4702280540364886	-0.23757140835622098	-0.63874728384267143	4.2138905453450635
551	8264	Bla-1	41.6833	2.8	0.98056537102473496	call_rate_ge_0.90	5.6843099594116211	23.881828308105469	-3.0115140608409092	-4.1906944923843783	-4.499070628943902	4.5317813423427387	-1.9334158721747237	1.476334482627049	-0.8643516269554975	-9.884502039361978	-1.229104610830575	-2.0317877876570152
552	8283	Dra3-1	55.7599276	14.1262764	0.97791519434628971	call_rate_ge_0.90	1.7857890129089355	21.401416778564453	-2.9010526153306619	0.035569982152682728	0.77655994276616569	-4.2015426534622051	-0.24620549091303043	-0.77585604740953718	0.5466996973741669	0.79591198001429309	-0.55544665832317108	2.7543676459679962
554	8285	DraIII-1	49.4112	16.2815	0.92667844522968201	call_rate_ge_0.90	-0.59772920608520508	22.480083465576172	-4.2282360317204448	-4.1401959101536248	6.0189384076133399	-6.2297905851675432	-5.20084529205048	-2.542407792122424	1.0383820797379921	0.90384855695762067	-3.9991265160406759	-3.4294438660615452
555	8290	En-1	50	8.5	0.94257950530035339	call_rate_ge_0.90	0.35942533612251282	22.890457153320312	-3.2643554327290012	-3.3708456661001041	7.1874720122551743	-2.6005968450076642	-4.1520924440139639	-2.7889527653672879	1.4416515571248547	0.81821153963373683	-1.8572754449462594	-5.699509060279718
556	8297	Ge-0	46.21	6.14	0.97614840989399299	call_rate_ge_0.90	4.1203832626342773	23.224077224731445	-0.86840185073795206	-6.7381021745139416	-2.7764571905792748	0.29144260566121866	5.4836784644720531	-4.790475370654443	-1.9421810056484634	-1.6346504827437656	-0.78218126295131973	0.23808012124315359
557	8306	Hov4-1	56.1035094	13.7134622	0.96378091872791516	call_rate_ge_0.90	1.0801757574081421	20.048103332519531	-3.5716138482865207	-2.816693399146704	0.2448127895680127	-6.8099742685554432	-2.8125210993488179	0.48567066344445142	-1.6830938923739394	0.18303013126965284	-3.1252853904996929	5.199797981234326
558	8307	Hovdala-6	56.1132251	13.7296953	0.99734982332155475	call_rate_ge_0.90	1.8860732316970825	21.560256958007812	-1.4361405998964987	-1.8419607670764317	-0.16911976119414798	-3.0812579607961768	-0.43770434244613482	-0.99622160292399686	-0.73215045176808602	-1.4093196183824697	-2.426263560817258	3.7513466501539638
559	8311	In-0	47.5	11.5	0.95759717314487636	call_rate_ge_0.90	0.28724133968353271	22.306369781494141	-3.0585831801111483	-3.55131987116062	3.8487301165932073	-1.6235567037469321	-2.1483546737134902	-1.713063280722587	0.79302190620838542	0.58966899582623022	0.11032314069469834	-0.33433075592612316
560	8312	Is-0	50.5	7.5	0.95936395759717319	call_rate_ge_0.90	2.4012994766235352	21.889923095703125	-2.1733012162314043	-2.2841264429492152	0.36803253797999841	-3.0119648915748432	-0.29744871635273723	-0.81098218205316541	0.17702009409100594	-0.66948572831735875	-1.3753418588534712	0.59830568954200058
561	8326	Lis-1	56.0089259	14.7427433	0.95671378091872794	call_rate_ge_0.90	1.3957126140594482	21.041376113891602	-4.34312649427536	-0.31152877858974953	-0.17862671760289375	-4.5612610320303135	-2.100181258524116	1.1495407202730228	-0.22440876200955012	-0.53082856665411127	-0.51810232305255621	1.6628806522386459
562	8334	Lu-1	55.72	13.19	0.99028268551236753	call_rate_ge_0.90	-0.238332599401474	22.355802536010742	-1.5483698517995725	-2.3687307178967703	2.4149376332998389	-3.0588207535199841	-2.6055226413869033	-1.0214686491652907	-0.1420092110200617	-0.13754001944937774	-1.9093068030567117	-1.1532710770201811
563	8335	Lund	55.71	13.2	0.94699646643109536	call_rate_ge_0.90	-1.7919310331344604	19.163084030151367	-5.0199217842910153	2.9401713826393743	-7.7696114043498783	-10.54713992803231	9.1478743230108464	18.846273528543058	0.51233707325411715	0.1424764501214483	6.0988418656125045	-8.0560128297309586
564	8337	Mir-0	44	12.37	0.97791519434628971	call_rate_ge_0.90	4.4612765312194824	24.480649948120117	-0.8322800489047999	-7.1583193034414387	0.21657908337371135	0.042367151339187822	2.5435818807339827	-3.323112216147118	2.5053834742870387	-1.3678586485996311	0.63674648634850017	-0.56458781964560667
565	8343	Na-1	47.5	1.5	0.96201413427561833	call_rate_ge_0.90	2.1551620960235596	22.537374496459961	-1.601492699549194	-3.3226049645935394	2.5445099667792417	-3.1395958231850365	-0.70407505135855675	-0.66181801452403211	-0.15618072758922144	-0.69093497283174421	-1.4135551648508784	-0.89624287809198777
566	8351	Ost-0	60.25	18.37	0.92226148409893993	call_rate_ge_0.90	2.5371763706207275	19.406452178955078	-3.2434046470036457	10.089296435159042	-5.0124702428892096	-0.71713641274624496	-0.61612350592653164	-2.0198866378179252	1.4485759348371818	0.78219796264669816	1.0759008308182743	1.4118238896148791
567	8354	Per-1	58	56.3167	0.97261484098939932	call_rate_ge_0.90	3.6593780517578125	30.32807731628418	-7.1156385065477377	6.2437138079218943	11.819069784731481	3.7788506113233185	1.1351953076871562	1.1556282240474995	-0.16408357714382674	0.17880918674151319	-1.236963716565197	-0.45215213824269185
568	8357	Pla-0	41.5	2.25	0.98586572438162545	call_rate_ge_0.90	5.6095666885375977	23.896522521972656	-2.6626381421480509	-4.9235051291312519	-6.6643775897110915	5.8533817202035632	-2.8658284613866716	0.09276367124460097	-0.719590158912637	-9.5755210358648597	-0.3408839260853902	-2.0095677042662894
569	8365	Rak-2	49	16	0.94699646643109536	call_rate_ge_0.90	-0.460521399974823	22.644960403442383	-4.0530931034629774	-2.8418577037897959	7.0451308026031283	-6.0222727712254782	-5.4799604239955153	-2.4744787260670233	1.0241979604468825	-0.36615642088575961	-2.4577176168933748	-3.5548842735409627
570	8366	Rd-0	50.5	8.5	0.96819787985865724	call_rate_ge_0.90	2.260244607925415	22.335838317871094	-2.5078013609276515	-3.9256278288792985	2.5582469024912182	-5.5024268480846201	-2.4461078324289454	-0.42864439668475285	0.93084597678773606	0.68623561223087814	-4.0819101377927041	-0.32619621526245235
571	8369	Rev-1	55.7170459	13.4354695	0.95229681978798586	call_rate_ge_0.90	-1.6742188930511475	19.227970123291016	-4.6260199022480988	3.1473936222168173	-6.7755198528199445	-10.30837789040614	4.3155565021306268	12.583730205439755	-0.085234304108810097	-0.548958680914863	2.7292721574807759	-3.6869533194984894
572	8376	Sanna-2	62.6897799	17.997819	0.97791519434628971	call_rate_ge_0.90	2.6755647659301758	18.831150054931641	-4.7789776018326409	14.847389281963931	-5.2424130842321173	-3.0675255098473739	-0.060441921610141253	-4.9097338792621228	0.89766486746288476	2.1209619990650319	0.32331037101931021	1.018438803043058
573	8386	Sr:5	58.9	11.2	0.99293286219081267	call_rate_ge_0.90	-0.57509076595306396	22.467245101928711	-4.5340254573012455	-2.68576449705784	6.6126389263411198	-5.9745888029412439	-5.0909638134485018	-2.7729492832432343	-0.19787701341328207	1.0353174478521263	-2.5883940201073994	-3.2767460563868789
574	8387	St-0	59.34	18.06	0.90989399293286222	call_rate_ge_0.90	2.4481217861175537	22.507776260375977	-2.4169435609303771	-2.3367491922989423	0.71641065883237998	-1.0246919846468761	-0.27990896735141269	-1.9800702312896772	0.98375291077633586	-0.29138511173566711	-4.2427075242198198	-0.79376382836801229
575	8419	Wil-1	54.6833	25.3167	0.94081272084805656	call_rate_ge_0.90	0.66133570671081543	22.035854339599609	-4.039251918355073	-0.056454479756646227	7.3165579319736658	-1.5942213599462909	-0.501278297138402	0.30039906091590096	-0.027892545916747467	0.54060032975388272	-0.79260524057892334	0.986959578548678
576	8420	Kelsterbach-4	50.0667	8.5333	0.96819787985865724	call_rate_ge_0.90	2.2213881015777588	22.464071273803711	-3.4071126975360739	-4.6904972971726604	1.4572652552059513	-3.4699658861489828	-0.87096743747662486	-1.3731746375192817	-0.71471433151303709	1.7132870261123769	-3.4984120163419545	0.16842939529692022
577	8422	Fjä1-1	56.0617671	14.2786489	0.99381625441696109	call_rate_ge_0.90	1.1259365081787109	19.685173034667969	-4.1287717862419537	-0.54679017604762159	0.23680469651342323	-8.0932124523219091	-2.0627675241071075	6.9477426534733953	-0.47113526867054412	-2.7984098463422633	-2.6094365356975748	8.1979990115219756
578	8424	Kas-2	35	77	0.98763250883392228	call_rate_ge_0.90	4.1606812477111816	30.732824325561523	-6.8459692615850773	8.3519938139710241	13.33664046280302	9.1291574793985362	5.138996975313546	3.4288536619630321	-3.3417754597766653	0.22071678723611932	0.084180769581788287	0.19405751351816752
579	8426	Ull1-1	56.0681098	13.9589922	0.94169611307420498	call_rate_ge_0.90	1.7534242868423462	21.551277160644531	-2.058143058070137	-1.7923452990640234	0.87309687397047109	-3.052729912822068	-1.4153966078204507	-0.82894959662344747	0.26853402812841876	-0.94434174565912932	-2.0682196046845913	2.2854961053654579
580	8427	Ull2-13	56.0648	13.9707	0.99823321554770317	call_rate_ge_0.90	1.6756447553634644	21.472496032714844	-2.7087303927593243	-1.472949931509973	0.4844663353698187	-3.426514745222613	-1.0659909992884027	-1.963518587181196	0.54936968133015496	-1.7903366561399563	-2.8561228704497732	3.5675405767431747
581	8464	LP3413.31	41.6862	-86.8513	1	call_rate_ge_0.90	37.860919952392578	43.800991058349609	31.574751992503902	2.3149450465423276	0.93221870212074498	0.18263878000229625	-1.1127711601711989	0.9643494220752753	0.36816670267755536	0.15303296907291575	0.45359639759157971	-0.1760370108172917
582	8483	LP3413.53	41.6862	-86.8513	1	call_rate_ge_0.90	37.675765991210938	43.575469970703125	31.574751992503902	2.3149450465423276	0.93221870212074498	0.18263878000229625	-1.1127711601711989	0.9643494220752753	0.36816670267755536	0.15303296907291575	0.45359639759157971	-0.1760370108172917
583	8699	328PNA062	42.0945	-86.3253	0.99558303886925792	call_rate_ge_0.90	4.9345765113830566	20.940933227539062	31.023635908139038	2.3192750784159988	0.93661071773366922	0.068548503459155904	-1.0072293745920264	0.82641901140385821	0.35059131747194056	-0.17787094456891536	0.36112076442914026	-0.14760207014974744
584	8723	11PNA1.14	42.0945	-86.3253	0.99646643109540634	call_rate_ge_0.90	5.0755677223205566	20.950784683227539	31.042435409142353	2.2688561226194164	1.0361655925827407	0.020168644307535791	-0.97015749019563746	0.82433191905421976	0.18244308695074338	-0.18129586422650604	0.40226387069151265	-0.18570355492075077
585	9027	RMX413.85	42.036	-86.511	0.99646643109540634	call_rate_ge_0.90	4.620384693145752	21.250656127929688	21.501002875114441	-0.12067853467524951	-2.0322037730470246	-0.40997666307511788	3.8605819354041442	-1.1158582147971463	-1.7594910808532609	0.60396659314165313	0.5209134961959061	0.053921013314251816
586	9057	Vinslöv	56.1	13.9167	0.97968197879858654	call_rate_ge_0.90	1.9092257022857666	21.102193832397461	-2.8259508981683785	0.55537952074545416	0.16620568416682402	-4.0912487681294829	0.37855960387287779	2.2980217198841899	0.56632598757625319	1.0292754376007345	-0.88211404915390135	2.2082548525762937
587	9058	Västervik	57.75	16.6333	0.99381625441696109	call_rate_ge_0.90	2.4352588653564453	19.689567565917969	-4.14872644404785	3.970949279085779	-2.0738131611749413	-2.0699152308201976	-2.8620101494845547	1.0719743360191465	0.00016462921536159988	-1.3155141712814962	-2.2726702258828855	6.9224634265602596
588	9067	Xan-3	38.6536	48.7992	0.96819787985865724	call_rate_ge_0.90	4.1493029594421387	25.358432769775391	-3.6481401820207378	-5.4756692709670025	-1.6345474031387779	3.5974135653366384	2.1065101606902301	-1.8040160648397263	13.843947993846031	-3.5777831396007698	10.143034442061435	3.6388199955746674
589	9069	Xan-5	38.6536	48.7992	0.99734982332155475	call_rate_ge_0.90	4.0966567993164062	25.312587738037109	-3.2522675969550594	-5.8691474679254814	-2.3257566561568948	2.8345706944740305	2.8276992024445895	-1.3052672920883146	15.311124076965532	-4.3246596737454368	11.305398280483663	4.8208782994080126
590	9070	Xan-6	38.6536	48.7992	0.98763250883392228	call_rate_ge_0.90	4.1281685829162598	25.431320190429688	-3.2992797651500188	-5.3387910285064208	-1.6770493688266817	3.0506631317910022	2.202505713075535	-1.4812135422738069	14.606903312927175	-3.0387460102426513	11.478627329548143	3.2430753299687582
591	9075	Lerik1-4	38.7406	48.6131	0.97349823321554774	call_rate_ge_0.90	4.0754828453063965	25.375827789306641	-4.0491501615784706	-4.5356874578020436	-0.69423086952571034	2.8386025059530167	2.9309075288055593	-2.4352944294393271	14.067803966381398	-4.0255009801140638	10.039537735264966	4.2671641103647282
592	9078	Lerik1-7	38.7406	48.6131	0.99116607773851595	call_rate_ge_0.90	4.1305975914001465	25.321821212768555	-3.5544517684370551	-5.3373575126858874	-1.7065267867110705	4.2930908530476888	2.328302413328363	-1.810305888147095	15.026766523483138	-3.4705999310620412	11.216435508370182	4.1186460594893877
593	9079	Lerik2-1	38.7833	48.5517	0.94257950530035339	call_rate_ge_0.90	4.0482816696166992	25.489276885986328	-3.7434664180711175	-6.4393399943486944	0.96059965221165888	3.446316887098245	2.8493505897385885	-2.4258648753087408	13.131117900906927	-3.5162671523453435	10.857693686369352	3.9022916005529424
594	9081	Lerik2-3	38.7833	48.5517	0.9832155477031802	call_rate_ge_0.90	4.1480245590209961	25.364137649536133	-3.1736034018135513	-6.4050950498820134	-2.6205221407853481	2.703314685334274	0.65046720473555175	-1.6645929696819171	14.044525529242055	-3.2612496558072621	10.632598833596534	4.2715663057306283
595	9084	Lerik2-6	38.7833	48.5517	0.97614840989399299	call_rate_ge_0.90	4.0594577789306641	25.44468879699707	-3.9428465736620089	-5.8390596152015455	-0.041274633848778018	3.6346315776075149	3.172972660066923	-1.7367672595404999	13.67211647739911	-4.7933457575634497	11.554001794142284	4.6985297632631626
596	9085	Lerik2-7	38.7833	48.5517	0.97349823321554774	call_rate_ge_0.90	4.1027355194091797	25.471776962280273	-4.1403416434513813	-5.9857465066301812	-0.243196414101742	3.6368130805446528	2.941072471476291	-1.4767590771347683	13.456830149234214	-4.5050421781178507	11.497011298463285	4.3734698812840245
597	9089	Nar-3	38.9522	48.925	0.98498233215547704	call_rate_ge_0.90	4.1200075149536133	25.441703796386719	-4.1201989548545646	-7.014248839257446	0.51988457697649981	3.2638144826564899	3.9231675972461852	-2.6732707567542566	13.900963247684153	-3.5926721607217602	10.725790784791723	2.4463244937118906
598	9091	Nar-5	38.9522	48.925	0.96908127208480566	call_rate_ge_0.90	4.1758022308349609	25.4434814453125	-2.9656563984401236	-5.5388863822517749	-0.45521323072310421	3.1249555139636818	2.400697592778255	-2.2587000248701017	12.861483628146022	-3.8513452530958632	9.3000240865341546	2.9319451222008022
599	9095	Istisu-5	38.9786	48.5594	0.98586572438162545	call_rate_ge_0.90	4.072880744934082	25.415168762207031	-3.6003433399300619	-5.4063048487829946	-0.80687858590578665	3.8582195784383102	1.9635298427842713	-2.7538778847594032	13.853572405242383	-3.185991947787528	9.1458392327774902	2.1818538413377309
600	9099	Istisu-9	38.9786	48.5594	0.96378091872791516	call_rate_ge_0.90	4.0497989654541016	25.299961090087891	-3.507172848832234	-5.4131632078384566	-0.17057095503068662	3.2120971579018507	2.3895091881136632	-3.3241459040669139	12.872592919526143	-3.2309458417124786	9.7559297516077237	3.2411078099083306
601	9100	Lag1-2	41.8296	46.2831	0.99204946996466437	call_rate_ge_0.90	4.2004718780517578	25.469276428222656	-3.419982277498975	-5.6491302030533879	-0.72573050596273458	3.6843073697880673	3.1668381990016039	-5.1588305065486226	14.996148607960949	-3.1268739030407993	11.162468434470609	3.2270660284330468
602	9102	Lag1-4	41.8296	46.2831	0.99293286219081267	call_rate_ge_0.90	4.0587067604064941	25.425106048583984	-4.4552152600654171	-5.8705058857813555	-0.10874072831359066	3.7825213456119555	2.8384219755026923	-3.7626322736489302	15.24669096379152	-3.5674256082228735	10.327500276163878	2.7852962598343964
603	9103	Lag1-5	41.8296	46.2831	0.99204946996466437	call_rate_ge_0.90	4.1727156639099121	25.489192962646484	-2.4380512332137791	-4.9999015162413105	0.44089558215320312	3.9513995817257066	3.9941025020650356	-2.8099901788772712	13.837736713926629	-3.9453428286903756	8.5720469094990772	0.62450218509203737
604	9104	Lag1-6	41.8296	46.2831	0.98498233215547704	call_rate_ge_0.90	4.1061921119689941	25.37237548828125	-3.0627409361194902	-5.321972692405744	-0.43577840335878659	2.9041175520639713	3.4353534386663576	-3.58198637486309	13.813261381409745	-3.2854393127757402	10.562951003365782	2.6439136842706432
605	9105	Lag1-7	41.8296	46.2831	0.97614840989399299	call_rate_ge_0.90	4.1081562042236328	25.456274032592773	-3.087329502815765	-5.6800959558143171	-0.54668063406411294	3.6209651591572225	2.9381186069518086	-5.0729726209589252	14.558504201239357	-2.764741974555025	10.656216508678259	2.9024308173414646
606	9106	Lag1-8	41.8296	46.2831	0.97261484098939932	call_rate_ge_0.90	4.1962175369262695	25.372859954833984	-3.2739923936366431	-4.7173974141336563	0.27872285845498768	3.7605074485529437	3.1331861133529935	-2.1641384036594182	13.628831481105278	-2.902135064560035	10.617207560049881	3.3306543026098643
607	9111	Lag2-4	41.8296	46.2831	0.99381625441696109	call_rate_ge_0.90	4.0213284492492676	25.580759048461914	-3.224119293556432	-5.744339303020265	0.81559594663782664	3.7443047880107372	2.7136601391595643	-3.4059738773944899	13.476547458579493	-3.2642975278962409	10.673581349078065	4.6465056066545323
608	9113	Lag2-6	41.8296	46.2831	0.9090106007067138	call_rate_ge_0.90	4.0665678977966309	25.304233551025391	-2.417863594222124	-3.9277110935168009	-0.34673132700769399	3.1105861874062102	3.2418888108423229	-3.6650430009287289	11.675806902081314	-3.2595902769468288	9.0143340371901086	3.3156191022779797
609	9114	Lag2-7	41.8296	46.2831	0.99204946996466437	call_rate_ge_0.90	4.0972614288330078	25.460521697998047	-3.1971478560515463	-4.9680906479489018	0.39752606469074353	3.822470566001769	3.2429545123452059	-1.9141704938616422	15.690319870878531	-2.8746426678821937	12.704945991537784	3.9777988975223249
610	9115	Lag2-10	41.8296	46.2831	0.95936395759717319	call_rate_ge_0.90	4.1639299392700195	25.509639739990234	-2.7827255895524807	-4.6384025613278448	0.2539974988435707	3.6837340814916515	2.6904013652616166	-2.4001806942899249	15.048467716612119	-2.2651409341132709	11.631945533300415	3.576590352007464
611	9121	Bak-5	41.7942	43.4767	0.96731448763250882	call_rate_ge_0.90	4.0763063430786133	25.484226226806641	-3.2002638127047667	-1.634589332239166	0.087932394761631463	3.4211395987663997	1.4806206387141474	-0.1453870339491003	6.2508733714398357	0.038146686769532659	2.9192573174053065	0.43032913754214042
612	9125	Geg-14	40.1408	44.8203	0.98939929328621912	call_rate_ge_0.90	3.73372483253479	30.459365844726562	-5.1907131245330502	8.3264362652020179	12.09937375493355	8.7845158795733305	6.2415311497495463	2.0936716214735065	2.7034201359515473	-1.61113013169473	-0.060289947889395214	-1.3675567072495152
613	9128	Yeg-2	39.8692	45.3622	0.98056537102473496	call_rate_ge_0.90	3.6222794055938721	30.304855346679688	-5.4370576970758391	7.0749713719184992	11.884493471417867	7.2675130322849828	4.5963076498543085	2.3574307938946331	1.0067609263716377	-2.1928743582661085	-0.17388854160822151	0.0010139832043711719
614	9130	Yeg-4	39.8692	45.3622	0.97614840989399299	call_rate_ge_0.90	3.6945705413818359	30.459901809692383	-5.4965996059795525	7.3806528424728963	12.174346831500825	7.5046734203954175	4.9742369817193079	2.5198278298473982	0.54133841729911802	-1.7330740207291517	-0.38524443639838185	0.33052849075289253
615	9131	Yeg-5	39.8692	45.3622	0.98674911660777387	call_rate_ge_0.90	3.7654664516448975	30.557382583618164	-5.9834383679431351	8.4507936418717016	12.556161274217335	7.2818910909367744	5.5636239611639926	2.093942268767524	1.6331383302897418	-1.8097597831564958	-0.56727042818246642	0.30880913243086527
616	9133	Yeg-7	39.8692	45.3622	0.98056537102473496	call_rate_ge_0.90	3.6759231090545654	30.380781173706055	-5.3646165430377684	9.2855122683418223	11.544406419683865	7.4893221917389559	6.0039942870865062	1.8525662934574485	1.2085779175256766	-2.2575594516109874	-0.53513144295838444	-0.49171645192394181
617	9134	Yeg-8	39.8692	45.3622	0.98674911660777387	call_rate_ge_0.90	3.7265267372131348	30.429407119750977	-5.2832691668663543	9.6139530234353199	12.151330993199833	7.9961910139565457	6.0198259383935957	2.3417047947727956	1.2138437907371986	-1.9870228462778299	-0.65010735238122852	-0.56265779953037143
618	9298	Edi-1	55.9681	-3.21833	0.95053003533568903	call_rate_ge_0.90	4.3135595321655273	22.376838684082031	-0.43976499683765324	-6.6189296502650814	-6.5560796613780425	-0.0074386481567852636	16.570496377872537	-5.1232957223075291	-10.166958626794269	7.0903399228535973	-0.35544349386864971	2.3793365747558544
619	9312	Ullapool-8	57.9	-5.1525	0.94434628975265023	call_rate_ge_0.90	3.8554449081420898	23.391225814819336	0.39219214199123592	-6.0323787911828282	-2.4108456795615054	0.074695510518827862	3.2013352577913183	-3.2018870782143463	0.68348660327399502	-1.1632786971036169	-1.9351939032210921	-0.37357867937385403
620	9314	Gol-2	57.9672	-3.96722	0.96996466431095407	call_rate_ge_0.90	4.1812472343444824	22.601844787597656	0.74273009816911861	-5.2158521630122614	-3.9374822909958866	0.059366466729388147	7.9633110209819176	-1.9888343786780296	-2.3335402365961153	1.8810681085590624	-0.94154431542808725	-1.565655879304773
621	9321	Ådal 1	62.8622	18.336	0.99204946996466437	call_rate_ge_0.90	2.6094505786895752	18.026628494262695	-5.3222106950549897	24.279461472861129	-11.303267906876128	-4.1706476047730243	-0.86357927984279625	-8.3703192288968289	3.0602807002837955	0.57560720734727577	-1.0484902451381704	-2.3504401965590338
622	9323	Ådal 3	62.8622	18.336	0.99116607773851595	call_rate_ge_0.90	2.7533576488494873	18.129228591918945	-5.9503120012146624	24.030259674643986	-9.7670256819471373	-4.2601694456976524	1.1451397558437826	-7.0209480881814086	4.3975582386970684	-0.39021039012388919	0.22423851164457978	-1.642215036797787
624	9336	Bön 1	62.8794	18.4473	0.97703180212014129	call_rate_ge_0.90	2.5546426773071289	19.479917526245117	-4.1611212561040958	10.322362436144186	-4.5350212125317082	-1.7714342939308176	-1.9131537641233907	-1.6257672913054222	-0.82809745704336524	-1.4579022678709035	-0.24270353868042638	3.3058022675797361
625	9339	Böt 1	57.7133	15.0689	0.96731448763250882	call_rate_ge_0.90	1.4759399890899658	20.646224975585938	-3.518980928873765	2.501176011924763	0.5153057560170593	-4.2214769281633444	-2.0404305403499254	0.35923609931478834	-2.5531591879907913	-0.24309429783577055	0.83771451185888646	3.3417583084100011
626	9343	Dju-1	57.3089	18.1512	0.99646643109540634	call_rate_ge_0.90	2.456169605255127	19.831533432006836	-4.5010645468033106	4.8189167535141459	-4.0009986530510036	-1.0610395455802872	-1.4852649200148476	-0.32264877065819397	-1.8227726505239021	0.90209210283112151	2.0298930721741333	6.7814395400536513
627	9352	Död 2	57.2608	16.3675	0.99823321554770317	call_rate_ge_0.90	1.7022850513458252	20.750307083129883	-4.5873820523705584	3.801539535549332	2.6672339568945347	-1.4238697349131506	-1.8597729549799769	-0.58412371164450461	-0.71799518046137201	-0.79084309932772867	-3.2005900906872542	6.3150179282052772
628	9353	Död 3	57.2608	16.3675	0.97614840989399299	call_rate_ge_0.90	1.6223280429840088	20.784206390380859	-4.8755095845106009	2.2607588236502787	3.0925021477398547	-1.2620348816356011	-1.9515837864538101	-0.38982401479131051	-0.82093586785255868	-0.83788660526641778	-2.5022457946278029	5.2258078108498562
629	9363	EdJ 2	62.9147	18.4045	0.93286219081272082	call_rate_ge_0.90	2.6462421417236328	18.176088333129883	-5.472179162973716	21.199076485330426	-9.7626115865209968	-3.848438719051801	2.0287839193110737	-7.7091393616685426	3.8143430771050317	0.55269285911902677	-0.49898248423974867	-3.2057612681325107
630	9369	EkS 2	57.6781	14.9986	0.95759717314487636	call_rate_ge_0.90	1.3557521104812622	20.772377014160156	-4.3155637801022495	2.2318468577451189	1.8040533967490218	-3.2798066699992736	-1.6602625871463579	0.76879748502476286	-2.64873600166796	-1.7055867320159475	-1.4246498409989237	3.3271436980695088
631	9370	EkS 3	57.6781	14.9986	0.99204946996466437	call_rate_ge_0.90	1.2999235391616821	20.952350616455078	-4.9241741349306993	3.8727530320152952	3.8781751713725514	-2.1776973798303643	-1.3481953782751586	0.47617555603900369	-3.8911488311094868	0.76744991216090952	0.19704468366952063	4.4693745046441009
632	9371	FäL 1	63.016	18.3175	0.99381625441696109	call_rate_ge_0.90	2.5400040149688721	18.397071838378906	-4.5487001702027552	18.893445195054781	-5.6506464714986162	-0.096569484657615209	0.090129440888426129	-6.8970541640476242	3.0480753267382976	-1.489159782630572	-1.1190219208309178	-2.6561354153129106
633	9380	FlyA 3	55.7488	13.3742	0.97791519434628971	call_rate_ge_0.90	-1.6910617351531982	19.187597274780273	-4.918812993310052	3.5921655760033562	-8.9100086260474658	-11.582762139514486	7.8936475353664175	18.690003933006214	1.3586684531178312	0.80708891951239881	5.1582346633834355	-7.2840489394567021
634	9381	Fri 1	55.8106	14.2091	0.98409893992932862	call_rate_ge_0.90	2.4252886772155762	20.004390716552734	-3.4724372253137226	3.7879924539122105	-3.8904945149290953	1.1543883550442191	-2.4926358123426322	0.15184716993276606	-3.1418336219342327	-2.744200747350912	-0.59348516065836954	8.6775269243736126
635	9382	Fri 2	55.8106	14.2091	0.99293286219081267	call_rate_ge_0.90	2.3725497722625732	19.92469596862793	-4.9203557124548745	4.9411500216187978	-3.8432660554726139	-0.16069598185921416	-2.9284940825697969	1.1857156563752909	-3.2607776710229954	0.023297422677373895	-1.2551081465870588	9.3152421083496932
636	9383	Fri 3	55.8106	14.2091	0.93904593639575973	call_rate_ge_0.90	2.4125180244445801	19.998157501220703	-4.3466443537684141	4.0569800228126098	-3.4268141836752353	1.1335020689728907	-2.4516961072295169	0.58543634663829536	-2.9909127089830654	-1.6075326961822154	-1.6482862825301936	8.631564727372794
637	9386	Grön 12	62.806	18.1896	0.99381625441696109	call_rate_ge_0.90	2.7104778289794922	18.587162017822266	-5.739383897293	18.201691390987044	-6.3576455552845133	-1.890892007253792	0.43291603206812473	-4.6442830164771651	1.6139403072487906	0.47031445338869754	0.32352421340351661	-0.23540584393764583
638	9388	Grön 14	62.806	18.1896	0.9832155477031802	call_rate_ge_0.90	2.8291199207305908	18.437397003173828	-5.3737941056147482	21.714474312431697	-9.8340233231719463	-2.9128311298537746	0.43269472414055954	-5.4150783973608343	3.8313409814382071	-0.6148477580209788	-1.673328962200245	-0.95604834249244053
639	9390	Hadd-1	57.3263	15.8979	0.9885159010600707	call_rate_ge_0.90	0.78512567281723022	21.818004608154297	-3.5185170184077252	1.6320791112174253	5.9132112347974308	-2.0398255409475063	-2.075613738352891	-0.49034061314532279	-0.88322079699887501	-1.03815160726211	-1.9435516407362166	2.6646053202119906
640	9391	Hadd-2	57.3263	15.8979	0.99204946996466437	call_rate_ge_0.90	0.91079902648925781	21.572782516479492	-3.3496462743044666	3.0516486007358443	4.230616575519214	-1.2835692068585076	-2.4112677949110304	-2.0380303125615291	-2.5402457033851298	-0.77173258181633064	1.3491396532882294	3.041184840930792
641	9392	Hadd-3	57.3263	15.8979	0.98144876325088337	call_rate_ge_0.90	0.80354726314544678	21.78754997253418	-3.314138050061084	1.7693580228291668	5.7625892290990546	-1.8729701343714655	-2.2186677530393122	-0.15751604671390534	-0.62813090925817239	-0.72042607091067579	-1.1465509665375746	2.9156133650605813
642	9394	Hag-2	56.5804	16.4063	0.9946996466431095	call_rate_ge_0.90	2.4693145751953125	20.180459976196289	-3.8516929052905438	3.5622823035289644	-2.8681214514962132	0.58376379664865474	-0.23026278686841087	0.40254362191932308	-2.5747589370117838	-1.125895358003447	0.66329620959742797	7.0909266748689888
643	9395	Hal-1	57.5089	15.0105	0.91166077738515905	call_rate_ge_0.90	-1.3656132221221924	19.373828887939453	-3.3273365173200076	0.40052524664536376	-4.2426285518888252	-6.1216200681922395	2.1583394046344111	6.6155310319963387	-1.5122490373082433	1.2733414522575468	1.5472956462918337	-0.16042343485740646
644	9399	Hamm-1	55.4234	13.9905	0.91784452296819785	call_rate_ge_0.90	1.7322080135345459	20.182487487792969	-1.8269785417501798	0.081462194501659591	-0.22349907855483739	-4.9458065775817159	-0.4920139179769023	1.1272053229370818	-0.25793470882362646	-1.6138657810305845	-1.6079668165156102	3.8780911131463598
645	9402	Hel-3	57.8765	14.8549	0.9946996466431095	call_rate_ge_0.90	2.0910959243774414	19.738048553466797	-3.7822908335484207	3.0052439733649488	1.3428525496144261	-1.5662815634430596	-3.4295397471216509	-0.26760031585320593	-3.1807795701635007	0.12456765234054121	0.73468817184655077	3.0454900501391813
646	9404	HolA-1 1	55.7491	13.399	0.98498233215547704	call_rate_ge_0.90	0.57877939939498901	19.510034561157227	-3.810299368115325	1.5493611417047759	-3.378788136102211	-10.44310907504954	1.575780266485894	11.789585309926059	0.12473416297023547	-3.05735262632348	1.1826457087584386	-0.16081953427865336
647	9405	HolA-1 2	55.7491	13.399	0.98144876325088337	call_rate_ge_0.90	-1.7399787902832031	19.212074279785156	-5.1558185036035322	2.2985987809579025	-7.1297048221690487	-11.378745798861381	6.4558550438814182	18.498603855252554	1.9456747081610761	-1.4892842661084638	4.955476088067913	-6.0488215358367468
648	9407	HolA-2 2	55.7491	13.399	0.95759717314487636	call_rate_ge_0.90	-1.7576010227203369	19.195539474487305	-5.4389500719180308	1.9220632862684004	-5.8548923885879072	-10.371488563024478	4.3671689242173013	14.685251185171255	1.2412902699937747	-2.7797253896844283	3.6895777708253363	-2.8223220950863754
649	9408	Kal 1	56.047	13.9519	0.98056537102473496	call_rate_ge_0.90	1.1783661842346191	20.134868621826172	-5.2130116357189085	-0.27959381518423015	1.3908294170628284	-7.589308799059026	-3.6410909862876699	3.4723014011947506	-2.2214575797390879	-0.40456376277476269	-1.2302446711223785	5.5273186750994521
650	9409	Kia 1	56.0573	14.302	0.96113074204946991	call_rate_ge_0.90	1.3860840797424316	20.933113098144531	-3.5585492401466672	-1.1667343340948204	2.0988741914278726	-4.8106995998336446	-1.0121490587596074	1.3041059978932279	-0.41967118206762072	0.86700544984654748	-0.49356999076021407	4.216287987736254
651	9412	Kor 3	57.2746	16.1494	0.9832155477031802	call_rate_ge_0.90	1.5302541255950928	20.741918563842773	-5.356294869694544	3.844665154822092	1.7463321456263257	-1.9781813716483552	-4.0063143863105788	1.2706174143776379	-3.2221583796395845	0.9828471406069007	0.79090407050381817	6.3190505676047906
652	9413	Kor 4	57.2746	16.1494	0.98763250883392228	call_rate_ge_0.90	1.6201101541519165	20.731058120727539	-5.5674521339197343	4.80176488924001	1.3321358231368314	-2.6132734743067543	-3.8886111408972979	0.56998312335123635	-3.0814511076739399	1.1724316416331584	2.0667738251752845	5.7085705593378373
653	9416	Kru-3	57.7215	18.3837	0.99646643109540634	call_rate_ge_0.90	2.3858973979949951	19.955644607543945	-3.6048804516053274	4.5726731786763741	-5.338299836317927	-0.49121556937402472	-2.6538305158036701	3.1330937578534841	-0.25348351037100053	1.073891769141563	0.8844427767354659	6.1665529313859082
654	9421	Lan 1	55.9745	14.3997	0.9946996466431095	call_rate_ge_0.90	1.4790369272232056	20.292749404907227	-4.8098759363893766	-0.0075896121636653971	2.806064593117322	-7.2133060603089296	-2.1113556151261448	1.6850625992918322	-0.98150732267241414	0.41245354523678723	-3.4622119381450913	5.0661792635688814
655	9427	Näs 2	62.8815	18.4055	0.98763250883392228	call_rate_ge_0.90	2.6740822792053223	18.099508285522461	-4.6651453889150467	21.111120013141448	-9.2718911685251868	-3.0161283906018421	1.6715207849182825	-6.0259278950338695	2.8631814939940972	0.42465509799913714	0.72285179461431492	-1.522078413087087
656	9433	Nyl 13	62.9513	18.2763	0.9946996466431095	call_rate_ge_0.90	2.8971884250640869	18.340059280395508	-6.3499608899646551	24.120771038978969	-8.9454910600465976	-1.610211736872585	2.122153445490838	-8.1207329949182832	1.981433937832487	1.1969792305340785	-2.4164679594336751	-4.1883857044890629
657	9436	Puk-1	56.1633	14.6806	0.98586572438162545	call_rate_ge_0.90	1.3787952661514282	20.927522659301758	-4.8199587829664514	0.77876969055209433	1.5933330337006548	-5.0745779010613496	-1.612697278108032	0.80716612899989504	-0.92447088051304072	-1.4809123433442384	0.1540455435449892	2.911204502651032
658	9437	Puk-2	56.1633	14.6806	0.99734982332155475	call_rate_ge_0.90	1.4891427755355835	21.080205917358398	-5.3888009952179479	1.5802954021498647	0.66668599856958766	-3.6559481640767921	-0.93485141233704128	0.23287938210992645	-0.73603275969644877	-2.0181722111470797	-1.2226102814961193	1.281344991809785
659	9442	Sim-1	55.5678	14.3398	0.99204946996466437	call_rate_ge_0.90	2.390110969543457	19.890718460083008	-3.6103462878918382	6.4035389751523102	-6.4565021943000218	1.1387547832070612	-1.9321068664975083	0.8914487830251755	-0.46908366425879572	1.7720836720795827	-1.1405528726959504	18.859454664505019
660	9450	Spro 1	57.2545	18.2109	0.9204946996466431	call_rate_ge_0.90	2.1069657802581787	20.26011848449707	-2.4890789329365082	0.86537319736335383	0.48275554285436273	-3.5146307107601995	-2.5383876878038705	0.22308422218010018	-0.56834977497361072	0.1771489452926974	1.9989538571584999	1.1102156500180942
662	9452	Spro 3	57.2545	18.2109	0.9832155477031802	call_rate_ge_0.90	2.0162861347198486	20.613012313842773	-3.6702062056738605	0.52860229929571267	0.3947360230721112	-2.5149363003319882	-0.16147215779348223	1.3758959823042587	-0.66027470001116784	-1.5673127921730317	0.46550977350365558	2.9826501986843108
663	9453	Stenk-2	57.8009	18.5162	0.98939929328621912	call_rate_ge_0.90	1.9359208345413208	20.186761856079102	-3.7527023383251623	2.5116116570223288	-0.75209234834081018	-2.9314092139804417	-1.190364922893931	1.0711412201360913	-0.42592976787890158	1.5783272727105171	-1.3520381094200915	6.9890324306162448
664	9454	Stenk-3	57.8009	18.5162	0.9832155477031802	call_rate_ge_0.90	1.5180239677429199	20.112386703491211	-3.9512682890085049	1.0502884958380463	-0.093555139281183725	-5.1524972330992407	-2.4759324815108776	1.6168928524608479	-2.6658958384889764	0.10325862166673064	-1.3845278830311663	5.2260035215854508
665	9455	Stenk-4	57.8009	18.5162	0.9946996466431095	call_rate_ge_0.90	2.0208098888397217	20.038005828857422	-2.5865301235115874	1.0398814747513607	-1.9091886307773589	-4.0361381504786422	-1.4645692303279578	3.6996913057141501	-1.3473150081769483	-0.82188283697355857	-2.2145987317076283	7.3646628798524887
666	9470	Tur-4	57.6511	14.8043	0.99204946996466437	call_rate_ge_0.90	2.3438780307769775	21.631404876708984	-3.1141924057883195	-0.0027974600617298728	-1.0021448444164762	-3.9607924784971096	0.2813411617007488	1.5192048711926536	-2.0934497438650892	-0.035892142391569543	0.28230726075674673	3.5874399000980217
667	9471	Ull-A-1	56.0648	13.9707	0.99204946996466437	call_rate_ge_0.90	-1.8347651958465576	19.124053955078125	-5.4908455617438623	2.9524340423452635	-6.2420091968298541	-12.847690427442025	5.9594503467201356	19.908439418360683	1.0988213545914074	-0.44206310618130368	5.7373841870661337	-6.690440141401675
668	9476	VårA 1	55.5796	14.3336	0.98233215547703179	call_rate_ge_0.90	2.5029928684234619	19.99127197265625	-3.5156780580566527	6.5946663671600394	-6.652546315367597	1.0520011013582664	-1.7186508260409585	1.6053845881114943	-0.16503688657489077	2.0078967025344188	-1.2905380478413644	18.204599110845066
669	9481	Yst-1	55.4242	13.8484	0.9885159010600707	call_rate_ge_0.90	1.7650299072265625	20.373157501220703	-3.5238599367110153	-0.26434559596263174	1.1785492354570344	-5.1642010742798643	-1.5316176236256935	0.79046377738067963	-0.89180243585106656	-0.3567030246262165	-1.2415302802017603	5.946585104618535
670	9503	11C1	55.8877	-3.21072	0.97968197879858654	call_rate_ge_0.90	4.2016496658325195	22.640970230102539	-1.2165116182981051	-5.2249781321587276	-4.0388850371523874	-0.78045335605822208	10.500725088810483	-3.6878375794116312	-4.4941199747260123	4.5654502438710587	-0.15722426520399937	0.11024311995910918
671	9506	IP-Alo-0	40.10969	-7.476146	0.99116607773851595	call_rate_ge_0.90	6.5429363250732422	25.417470932006836	-3.1640732526697919	-6.119687425290028	-4.3323579494733364	5.3477725724066811	1.1631336329253901	1.4154729596631919	2.2546365292242756	3.2789589675855271	-1.7078243132524309	-1.860141135081659
673	9508	IP-Mos-1	40.04	-7.11	0.97349823321554774	call_rate_ge_0.90	6.3379364013671875	24.960830688476562	-3.0484268892208446	-5.0187138373374056	-7.0351044293452834	9.2991194867003664	-3.8349547853312216	3.5436926355984362	0.86821033217016874	3.5899154700261033	-3.6358930874415676	-1.1416532902447802
674	9509	IP-Reg-0	39.29	-7.4	0.93551236749116606	call_rate_ge_0.90	4.770810604095459	25.032808303833008	-3.9887752161355916	-6.6788460034422794	-5.5081255704793017	6.9701090440799076	-2.2840635131776592	1.1060442666299264	3.9602306102084914	3.0531406165823434	0.99511521989142215	0.54526819525183534
675	9510	IP-Rei-0	38.75	-7.59	0.95936395759717319	call_rate_ge_0.90	4.8766636848449707	25.052177429199219	-2.9407662100185541	-5.9086921306631375	-4.0095669378452765	6.7023032177615569	-0.96097368395221061	0.18282968169886901	4.2096938427557511	4.2357282110081096	-0.52661815234705744	-0.77380121437779148
676	9511	IP-Vav-0	38.53	-8.02	0.98233215547703179	call_rate_ge_0.90	4.8067054748535156	25.051425933837891	-3.8868095107316449	-6.9994524754145271	-4.8704210741381875	6.0552542338388911	-0.51293274185162352	0.62406791249910754	4.6039066604217149	2.1330432466312024	2.3338089640455353	0.91808531968480589
677	9512	IP-Vid-1	38.22	-7.84	0.98056537102473496	call_rate_ge_0.90	4.7905192375183105	25.052026748657227	-3.2837148386271697	-5.9841030497011483	-4.3526373074059626	7.095246633955	-0.078529921149379456	-0.24132923915022098	4.367958541783457	2.9888439978239827	0.49153269027676816	-1.1851096682011208
678	9513	IP-Adc-5	38.77	-4.07	0.96289752650176674	call_rate_ge_0.90	5.807429313659668	25.112941741943359	-2.3271306533564924	-3.3715124128175229	-4.981843270009354	8.5877375210935778	-2.2317863394411139	3.0891763907977969	2.8077543246199173	7.0070786859388647	-1.4984906162689851	0.065553237077930621
679	9514	IP-Adm-0	39.15	-4.54	0.98144876325088337	call_rate_ge_0.90	4.7743782997131348	25.015361785888672	-3.7203856928507122	-6.9587879975225935	-3.3985687791284258	7.9748227316199953	0.03062528417713048	1.335736597610566	6.8717850639048104	3.8933794598308595	1.7757961778139066	-0.87291690844880621
680	9515	IP-Ala-0	39.72	-6.89	0.97438162544169615	call_rate_ge_0.90	4.7194647789001465	24.979169845581055	-4.2656503703037885	-8.2448916961091552	-4.6587469446594882	6.0461744068711774	-0.15600480377139547	0.5103071820696985	6.3382512677436171	2.696627558719765	0.60094977552518158	-2.7485987501813449
681	9517	IP-All-0	42.19	-7.8	0.94611307420494695	call_rate_ge_0.90	6.4380092620849609	25.411060333251953	-2.2484976370729903	-5.5746800834821695	-2.3476233640192921	4.1147987730833506	-0.23040096411650382	-0.30452755378970942	2.3519510264560402	3.3574933523722019	-0.78849600505865747	0.95670881017657661
682	9518	IP-Alm-0	39.88	-0.36	0.9885159010600707	call_rate_ge_0.90	6.1932058334350586	24.306474685668945	-3.6902814926692349	0.39775837435829431	-12.340857283201569	11.309790359345396	-10.097142429921629	5.9686176162466786	-3.5734267979253893	1.8055788689373324	-2.1868657619722893	-2.8760306223933365
683	9519	IP-Ang-0	41.94	2.64	0.98056537102473496	call_rate_ge_0.90	5.4121460914611816	23.903329849243164	-2.6528273399200946	-6.01477469411941	-4.0179079200112184	5.041868135328972	-1.0121832395409733	-0.35419042264311285	1.554871471667902	-7.3558782779860721	1.8096635373713632	-2.1735846182334462
684	9520	IP-Ara-4	41.7	-3.68	0.98763250883392228	call_rate_ge_0.90	6.7059183120727539	25.179603576660156	-2.2830903815846448	-4.9617781345791343	-4.0453536704217123	5.7399484994709535	-1.1531058943229739	-2.2891734305051963	-0.47732055646764532	-2.6257795705867322	-3.0375393514366804	2.3658943287295209
685	9521	IP-Bar-1	41.43	2.13	0.98056537102473496	call_rate_ge_0.90	6.0909223556518555	23.900087356567383	-2.6172069264029583	-3.4609617623961957	-6.8086870357161633	8.310100970283365	-3.9168125618162453	1.9827103884505064	-2.8012090268148651	-9.6247190554800763	-0.57249370087710227	-1.8867590852695177
686	9522	IP-Bea-0	36.52	-5.27	0.96643109540636041	call_rate_ge_0.90	4.7105598449707031	25.025047302246094	-3.6414237938557825	-7.4482185148231013	-2.8053093192290808	5.8316352517931129	-0.44846395478339746	0.35631551046506454	7.5749772127876138	1.6511089650578443	2.8072218272429286	-1.0827827164163739
687	9523	IP-Ben-0	38.37	-2.66	0.98498233215547704	call_rate_ge_0.90	6.1013727188110352	25.099750518798828	-2.2351951950723512	-4.9988033428082854	-3.5498273090098253	4.6020019238152097	-0.68740288301761332	-1.3761066938237601	1.3769764020452326	1.880447591225638	-1.1415358634566488	1.0190988901398506
688	9524	IP-Ber-0	42.52	-0.56	0.97968197879858654	call_rate_ge_0.90	6.3843436241149902	23.99867057800293	-2.3609904368445864	-0.4136282202290063	-9.6343658100308058	7.970423408510368	-6.1753428860258026	2.0926922374792261	-6.7596315935622222	-10.257906431992652	0.10275635541990751	-0.37700315808569823
689	9525	IP-Bis-0	42.49	0.54	0.96731448763250882	call_rate_ge_0.90	6.3831920623779297	23.970819473266602	-2.887069893135346	3.1941233082682645	-11.185704367835061	9.2405773619729583	-8.6467441611437845	4.8632746722798554	-8.3007187998882301	-11.861447063665274	-2.1968247247792232	-0.58119126011452282
690	9526	IP-Cab-3	41.54	2.39	0.98674911660777387	call_rate_ge_0.90	5.7682991027832031	23.934307098388672	-2.0451182046010694	-4.2054623175553028	-4.5523084717759961	4.680793484683365	-3.1755976984037324	0.7107271851051179	-2.1305332899989913	-9.2992321333147796	0.26340822983166157	-0.96889372892463899
691	9527	IP-Cad-0	40.37	-5.74	0.94257950530035339	call_rate_ge_0.90	6.5216164588928223	25.311189651489258	-2.5514925101481705	-4.4926266099275152	-3.3188652887003145	4.720696221084884	0.13302781308267259	0.76543810209899155	0.26474518124886159	2.4185920802242893	-0.98364386443238438	0.15442212632497798
692	9528	IP-Cal-0	40.94	-1.37	0.95848056537102477	call_rate_ge_0.90	6.0166645050048828	24.599346160888672	-5.3514443086378778	0.49539069345893239	-7.7284271041295156	11.074777482311399	-8.4171329974878404	4.0496614340748751	-3.1758756292357222	3.534237038390641	-0.09280553885881028	-1.5015709519812541
693	9529	IP-Cap-1	36.97	-3.36	0.98409893992932862	call_rate_ge_0.90	5.7202129364013672	24.242996215820312	-2.9769802555508367	-4.4591402369833038	-3.5468104666206659	2.7254292457373164	-2.4540676300088089	-0.96040936630672946	-0.55096951525679128	-1.4731637810426434	-1.3665248006187345	-0.51433143575787232
694	9530	IP-Car-1	38.25	-4.32	0.95848056537102477	call_rate_ge_0.90	5.4348740577697754	25.017156600952148	-3.1708137537186634	-2.7051626554311543	-3.7688073634890848	7.5094923411092047	-4.3326625639956386	2.616138135625421	3.3859445907499963	8.3005292662927452	-0.79977326028865814	-0.41431262962156523
695	9531	IP-Cdc-3	41.21	-4.54	0.96554770318021199	call_rate_ge_0.90	6.7493991851806641	24.959274291992188	-2.4070935231264179	-4.9646748621221217	-6.1491451477246359	6.8336200086801675	-1.6446540471698425	1.3978225352368234	-1.8471588084790653	-0.760460206483213	-1.2314202272249521	-1.7629131766355122
696	9532	IP-Cdo-0	42.23	-4.64	0.97968197879858654	call_rate_ge_0.90	6.7341899871826172	25.022899627685547	-2.9316521737651042	-6.2033992262770292	-5.8628474811277353	6.8084797964964245	-1.4741204445941007	0.09607688421716	0.9242311992479284	-0.51448149465763426	-0.3288912414556881	0.74856072956724284
697	9533	IP-Cem-0	41.15	-4.32	0.97438162544169615	call_rate_ge_0.90	5.7141022682189941	25.010440826416016	-4.6792516128967501	0.49233225404250908	-8.5943449103077114	10.362699754817639	-8.9155562355752433	5.7449921271022362	2.5955965003175776	20.580754081303606	-2.998226032426881	0.31418995685336204
698	9534	IP-Cmo-3	40.05	-4.65	0.97703180212014129	call_rate_ge_0.90	6.6588764190673828	24.840568542480469	-4.8658628757036926	-5.0238965336493644	-8.0852130644450018	9.148753187999624	-4.0076157468648947	3.9332977462877263	1.6721638218518386	-0.56745828994898218	-2.704728667785921	-0.8185933003438195
699	9535	IP-Coc-1	42.31	3.19	0.97349823321554774	call_rate_ge_0.90	6.2874398231506348	23.953075408935547	-2.8059828261066513	-0.86782735811594314	-7.6478208446594715	9.8528524734701861	-6.3286645221878519	2.304721509489454	-0.71584225104309718	-7.1018278193006701	0.38702022654000406	-1.8430527688819895
700	9536	IP-Cor-0	40.83	-2	0.97703180212014129	call_rate_ge_0.90	5.8757286071777344	24.748109817504883	-3.4904105999420754	1.702330952538621	-6.6333163244047251	6.6437354125621839	-5.4732722103787479	3.2051854037575906	-1.3826076344477485	4.2350495936724135	-2.463948870692001	0.98192174558531309
701	9537	IP-Cum-1	38.07	-6.66	0.98056537102473496	call_rate_ge_0.90	4.6981372833251953	25.038045883178711	-4.2576395726835656	-7.2129845985931587	-3.1839339725917157	6.0755662554263736	0.49814155895278445	-1.1984751803149982	5.8739886482901369	1.9013386855792818	4.0601083427702287	-1.9415794878209351
702	9539	IP-Deh-1	40.29	-6.67	0.97084805653710249	call_rate_ge_0.90	6.4782123565673828	24.748069763183594	-1.6860986378353433	-4.0857217013247835	-6.2481936207260134	6.2544070942476369	-1.6357579790348566	1.2566795086282394	0.75133786566351257	-2.3424134620859181	-1.3033249002273117	-0.6767637103909192
703	9540	IP-Elb-0	41.81	2.34	0.98586572438162545	call_rate_ge_0.90	5.8874917030334473	23.980335235595703	-3.0428966224697653	-5.2619700233297557	-3.6784130376370481	7.9320564787058441	-2.3106994361118307	0.59680538705136232	-0.20761237543177294	-8.0954454842597059	-0.2753357578461702	1.0531356960769283
704	9541	IP-Fue-2	38.26	-5.42	0.97968197879858654	call_rate_ge_0.90	4.8689398765563965	25.092252731323242	-4.0572262595533477	-5.9179447100977001	-3.2274613844581861	4.9650410138323968	-0.87186513986378011	0.81426392791525837	5.0035842899942873	2.742836520893932	-0.060325394374820547	-0.49908459718566506
705	9542	IP-Fun-0	40.79	-4.05	0.96643109540636041	call_rate_ge_0.90	5.6812500953674316	24.927078247070312	-6.2881139390378173	3.2860929884438512	-8.2755798970802879	9.3211286680412684	-7.4270368706044732	6.9121688874437712	2.5879933575986906	19.072462067397247	-2.6736473796003799	0.082656762042626994
706	9543	IP-Gra-0	36.77	-5.39	0.98498233215547704	call_rate_ge_0.90	5.7523531913757324	24.991559982299805	-5.5755023393962206	1.143060237379073	-7.2571915936739275	10.739902456511405	-6.8275389157773123	8.0790791472263557	5.215895411568745	18.248508463560309	-2.4588157359462248	-1.3904282849927039
707	9544	IP-Gua-1	39.4	-5.33	0.98409893992932862	call_rate_ge_0.90	4.6884536743164062	25.072925567626953	-2.7205205047751044	-7.2497867922441692	-2.8890190518945631	4.8534041194197943	-0.49560513489706343	-0.36226121215281987	6.6412233246419667	0.95446858882905006	1.0586636543910934	-0.67616078479791153
708	9545	IP-Her-12	39.3948	-5.782793	0.96996466431095407	call_rate_ge_0.90	5.7689714431762695	24.98280143737793	-4.5277495892405524	0.34861879656901196	-7.703789926383382	11.86866867026408	-8.9246392411395252	6.9522829703340987	3.6279965747392802	22.393782745099674	-0.92465301028906866	-2.0528622291057563
709	9546	IP-Hom-4	40.8168	-1.68601	0.95583038869257952	call_rate_ge_0.90	6.5136661529541016	24.189447402954102	-3.600326284478558	-1.9900034734836276	-8.4005878069339843	9.4615804284167542	-4.3583902666356611	3.2979124295017086	-3.4286329595040583	-3.0941710087773271	-2.2045513178342357	-0.41722926015997613
710	9547	IP-Hor-0	41.67	2.62	0.96643109540636041	call_rate_ge_0.90	5.7419872283935547	23.862997055053711	-2.1384390492303025	-4.1424601062904074	-5.3740289122478426	7.0638360097021184	-2.9735719729454773	-0.41506694578583447	-0.725833116943984	-9.7414938220538509	-0.63895577915598234	-1.3769666216566181
711	9548	IP-Hoy-0	40.4	-5	0.98939929328621912	call_rate_ge_0.90	6.5257725715637207	25.043193817138672	-3.0258362104534156	-3.4007232285350537	-6.3421945346819149	6.1975765214147591	-1.1694785196423456	-0.0038895471643980188	-0.70715833004980166	-1.5134707939988288	-2.088528460000989	-0.030864235180744489
712	9549	IP-Hum-2	42.22718	-3.688887	0.97526501766784457	call_rate_ge_0.90	5.8096885681152344	25.003942489624023	-3.9565405136349501	2.66265692570409	-6.654067281924533	9.3679329312377249	-6.4827094424798473	4.6133408959724678	2.6820807653032568	18.002092619763616	-2.142178578919185	0.20393447535482756
713	9550	IP-Iso-4	43.05	-5.37	0.98233215547703179	call_rate_ge_0.90	5.6472172737121582	24.774995803833008	-4.4976773299723138	3.2846605807230449	-3.372716862874976	4.4507355695306163	-3.5731046207787172	2.2400176469424085	-1.8701969047512488	6.5430430382789631	0.31044889921780566	1.6366522286244565
714	9551	IP-Jim-1	42.28	-5.92	0.9717314487632509	call_rate_ge_0.90	6.513331413269043	25.43638801574707	-4.109854528275199	-5.2741203461841151	-2.8486347630719484	3.2030687521249139	-0.35772222788873503	1.3223587789072602	-0.12126208109451038	4.2538131551259193	-0.89743525780162581	-0.46282542538654314
715	9552	IP-Lab-7	40.87	-4.5	0.97879858657243812	call_rate_ge_0.90	6.6861352920532227	25.1861572265625	-4.0765702187075723	-4.6740884488801147	-6.0071546741506419	7.4787861825895368	-2.2852046373927086	2.3878471340616905	-0.443466725307119	0.55176645616341335	-1.036008632542476	-1.7416781253379208
716	9553	IP-Ldd-0	41.57614	-4.70746	0.96201413427561833	call_rate_ge_0.90	6.7389812469482422	25.027477264404297	-2.5643728750992114	-4.5020788935698768	-5.388166109028127	6.6931057024067444	-0.47989978320971166	-0.075719474020936151	-1.0690245316119009	-2.3565104113357429	-4.278528644613707	1.590340838326004
717	9554	IP-Lso-0	38.86	-3.16	0.95759717314487636	call_rate_ge_0.90	5.7768568992614746	24.942913055419922	-5.768344052455725	0.63328411178942445	-7.9057800222289831	11.864742963179744	-8.9473443513620978	6.6848967524473082	3.3344237431186872	21.528852265216695	-2.3667440518277751	-0.90393795264684806
718	9555	IP-Mar-1	39.58133	-3.931648	0.95406360424028269	call_rate_ge_0.90	5.7492251396179199	24.958234786987305	-5.3756863474420964	1.764577672190885	-8.5850877813763162	11.954058406167016	-8.8648283432681598	7.528980718288615	3.6876704331662515	20.470773108075129	-2.245597382614553	-1.9969425261640366
719	9556	IP-Men-2	39.66	-4.34	0.97349823321554774	call_rate_ge_0.90	6.8236947059631348	24.800615310668945	-3.953158111877936	-5.0572134909196267	-7.5512858258596154	10.738759524372073	-5.7161932833406661	2.6903493968954972	0.55126432559783656	-1.4706906116165375	-2.797180619401376	-0.8346069089421877
720	9557	IP-Moa-0	42.46	0.7	0.9717314487632509	call_rate_ge_0.90	6.3583483695983887	23.944164276123047	-4.1213858561481231	2.4974442876535945	-11.693759125243313	10.213228946144955	-8.3059966374701908	5.8969710052228681	-7.6895883080319747	-10.649970399131167	0.80934367911652771	-0.84229584721492279
721	9558	IP-Moc-11	41.57	-5.64	0.97703180212014129	call_rate_ge_0.90	6.6392703056335449	25.462936401367188	-2.1753640847074478	-4.3229445687813577	-3.4646557479845055	3.9353093047776238	-1.0628659946200814	0.33557158236606649	1.453466707731768	3.0520252659182407	-1.6939806097493229	-0.53905088512771782
722	9559	IP-Mon-5	38.06	-4.38	0.9717314487632509	call_rate_ge_0.90	5.5362176895141602	25.150066375732422	-1.9763353879189369	-4.7270723986331502	-3.9560443610216227	5.3595768173641938	-0.50579346800122493	1.282735138440692	0.58870476854042442	5.2879205819077546	-1.1290200147638318	-0.49744663155830637
723	9560	IP-Mot-0	38.19	-6.24	0.96378091872791516	call_rate_ge_0.90	4.7966752052307129	25.04290771484375	-3.5873366897172638	-7.4182390383735743	-2.9504724338038426	5.2184546590198488	-1.5283327607052724	0.3086375704515702	6.0488067706279409	2.5307070942819818	1.194402680280727	0.63406995768050234
724	9561	IP-Mun-0	40.71	-5.04	0.9832155477031802	call_rate_ge_0.90	6.661799430847168	25.422964096069336	-1.4973037206631468	-5.0205021422961487	-2.9903187607802075	6.1799023089336833	-1.3277619142101715	0.24101859226858047	1.6318042638028651	2.804095658412761	-3.2150803710940266	0.12076936343552892
725	9562	IP-Mur-0	41.67	2	0.94964664310954061	call_rate_ge_0.90	6.2874965667724609	23.911842346191406	-2.0947153657107029	1.289808012501549	-10.784514287346857	10.305129779247794	-5.2527042838659721	3.396546200602776	-5.9684268929553683	-10.607581438423297	-0.59876741401495359	-2.7778229088073427
726	9564	IP-Nog-17	40.45	-1.6	0.95141342756183744	call_rate_ge_0.90	6.420931339263916	24.037311553955078	-4.2398759114214339	1.9543455501105524	-8.8262595004086162	9.7732847922546267	-6.0949188815247357	2.0834749312575829	-4.315538234581715	-8.14679209217433	-0.65259975871070874	-1.0065861675203092
727	9565	IP-Orb-10	42.97	-1.23	0.97703180212014129	call_rate_ge_0.90	6.217827320098877	24.404644012451172	-3.103788280835587	-3.7366106863207018	-6.042674484918539	3.0975610729145089	1.8846009178551613	-1.8011812367819817	-3.6942888301365784	-3.2476651132169536	-0.10531848370460699	2.5440201945094385
728	9567	IP-Pal-0	42.34	1.3	0.96289752650176674	call_rate_ge_0.90	6.4133949279785156	23.970693588256836	-3.3668124751855553	0.64290963887257657	-9.9581518099316995	12.182885112205172	-7.9763981201907539	5.0881455822666544	-8.6816907925367612	-10.908770289869688	0.66671063036419298	-2.5170908392127584
729	9568	IP-Pan-0	42.76	-0.23	0.97438162544169615	call_rate_ge_0.90	6.4610428810119629	23.991920471191406	-3.4234704598756323	0.98768342685972121	-9.2374716041412253	8.225150073720588	-7.9357179373816882	2.2819348697123605	-9.7506405417957787	-10.047478961500982	0.73312602334433485	-1.0648982304090679
730	9569	IP-Pds-1	42.87	-6.45	0.98233215547703179	call_rate_ge_0.90	6.4963831901550293	25.567192077636719	-1.9523436367000704	-4.9983285647359361	-1.9412150441291876	4.0116524906998823	0.77551733403229528	0.56134069120333618	2.5478164317035565	3.2260717843489353	-0.74034385264810965	0.45905071619898485
731	9571	IP-Pro-0	43.28	-6.01	0.98586572438162545	call_rate_ge_0.90	3.79111647605896	22.782489776611328	-1.6152978159227227	-2.6946291340410595	-4.6913597644395768	2.0695431113930547	4.3039073273362298	-2.4514468972504195	-1.3788291354044144	0.66278786296783332	-1.2432058486891875	1.6636657481859196
732	9573	IP-Rds-0	41.86	2.99	0.98144876325088337	call_rate_ge_0.90	5.6917757987976074	23.940286636352539	-2.3615646885769785	-4.4761860137053118	-5.6021173126524948	7.2174373794895272	-2.6784738525612468	-0.72872666388415053	0.077560405639236357	-7.9972626348405464	0.2242625541824089	-2.4030612207393869
733	9574	IP-Rel-0	38.6	-2.7	0.92667844522968201	call_rate_ge_0.90	5.8169770240783691	25.04347038269043	-3.5734350008139835	-3.4502738233331973	-5.1243487821275071	7.4385073004193654	-4.0609843831792407	2.7875537077733994	0.31751072521923629	9.1103751404565472	0.31411806410450543	-0.72680280203093695
734	9576	IP-Rev-0	40.86	-4.11	0.97791519434628971	call_rate_ge_0.90	6.6665143966674805	25.424789428710938	-3.8603949278873175	-4.4927761623179929	-4.0344090570342068	5.1137043697414963	-1.1135967280033419	-0.265125234896461	0.92466133539569906	-0.89777378376289707	-0.51254830609244206	1.2748978397988875
735	9577	IP-Ria-0	42.34	2.17	0.97968197879858654	call_rate_ge_0.90	6.4643073081970215	23.938846588134766	-3.6156967883487723	0.69515983299228523	-9.3458761074497225	11.166397636994121	-7.8786124387755629	3.1029341078075525	-8.8370285587165416	-11.788319398865006	0.78371912631536389	-1.8578021171618428
736	9578	IP-Sac-0	42.13	-6.7	0.97349823321554774	call_rate_ge_0.90	6.6113548278808594	25.50031852722168	-1.9324842916250848	-3.8902121242428707	-2.1105542546404905	2.1553645028897779	0.04337455192448704	-0.68703788278061106	0.86541480298006468	2.2926417223299014	-2.7369219037368571	0.63687641852280685
737	9579	IP-San-10	38.33	-3.51	0.98233215547703179	call_rate_ge_0.90	5.0201191902160645	24.877471923828125	-2.5290008031595379	-6.0115446823672309	-3.4986612051172181	4.567758820715957	-0.42244275352816923	-0.3945331585334737	2.1272983754057422	3.2543418181965853	1.2042336693958953	-1.4461236335944863
738	9581	IP-Sdv-3	42.84	-5.12	0.98056537102473496	call_rate_ge_0.90	6.503420352935791	25.297155380249023	-2.3430072190848605	-3.7226385863019065	-2.6851411997956864	2.5294250801249953	-0.60716812578124968	3.3754549458609855	1.433803544618091	1.0216979037229665	-1.2363694260771918	0.89978971935739327
739	9582	IP-Ses-0	41.48	-1.63	0.97261484098939932	call_rate_ge_0.90	6.3626742362976074	24.108596801757812	-3.52458757246387	-1.6203084369403775	-7.9787072607718628	8.3103232998636756	-4.2825180540891798	1.8588154264659185	-4.4720393224629014	-6.9559052139743986	-1.4132261594440472	-3.1455624232263282
740	9583	IP-Sne-0	37.09	-3.38	0.97261484098939932	call_rate_ge_0.90	5.7221183776855469	25.03321647644043	-5.6646047330693641	1.145194988984505	-5.1857760410439706	8.1460630399004099	-6.3494316315905239	5.1463546762734778	0.77805693205988757	16.063313865871205	0.87857207867888176	-0.029915443375111931
741	9584	IP-Stp-0	41.19	-3.58	0.96024734982332161	call_rate_ge_0.90	6.5499682426452637	25.034273147583008	-2.2311244940203339	-4.3293029561970418	-2.5326199272789842	3.9952308834198367	-0.70045602668721718	0.26834169422645232	-0.55650430754838254	-2.3169007365729599	-1.3634411127833639	0.30934749462926214
742	9585	IP-Svi-0	43.4	-7.39	0.9832155477031802	call_rate_ge_0.90	6.148557186126709	25.408123016357422	-0.99926440533064265	-2.8929263932090579	-2.9532414666630391	2.3053208078355061	2.1884685781274391	-0.080527818516567859	2.140463859013209	1.1148128133377935	-0.44388339804188137	1.9054153198817385
743	9586	IP-Tam-0	41.03	-3.27	0.96996466431095407	call_rate_ge_0.90	6.702446460723877	24.91307258605957	-2.0169890957383974	-3.3296138824953414	-6.7938692004102323	6.5583907074946781	-3.8051117622957209	4.1685238979758932	-4.4210108462060616	-3.7141161648987291	-0.39300863840668032	0.085725507493176603
744	9587	IP-Tdc-0	41.5	-1.88	0.9832155477031802	call_rate_ge_0.90	6.4772934913635254	24.89459228515625	-1.4836448106818994	-3.9741130636720339	-3.1618353222556537	1.6996102105251458	-1.5453687913600471	0.99130443423462866	0.25551384743264305	-2.286536134383601	-0.91233709910684202	0.046438108701966928
745	9588	IP-Tol-7	42.11	0.6	0.9832155477031802	call_rate_ge_0.90	6.4603328704833984	23.907136917114258	-2.7442071309831411	0.37264665799870095	-11.198325503481655	12.054451423271386	-7.9052094564954407	5.8874421971258064	-9.9365365310774934	-12.270245021926037	-0.51091891606450779	-1.9200541277508327
746	9589	IP-Tor-1	41.6	-2.83	0.97526501766784457	call_rate_ge_0.90	6.6781659126281738	25.215520858764648	-1.6479297700831115	-3.5391598465667222	-5.0023409630428279	4.7071373190950707	-0.26246168801809655	3.0446260011627486	-1.3545109516246063	-2.0327910679076782	-3.315844011259736	2.1412528231227901
747	9590	IP-Trs-0	43.37	-5.49	0.97261484098939932	call_rate_ge_0.90	6.2414193153381348	25.343551635742188	-0.85743008580109081	-1.8428187403371314	-3.2724735415769954	2.6200109118876407	1.5043958705889842	0.38057816557671342	-0.9087957103690506	2.7380145213023108	-0.24608090047499456	2.3896447374924805
748	9591	IP-Vad-0	42.86	-3.59	0.96819787985865724	call_rate_ge_0.90	6.4987835884094238	24.663162231445312	-0.52399308203626127	-3.7424861283073407	-4.0531586964162933	4.5618448589909848	0.031430126378380045	-0.17510634268668268	-1.3988855912750313	-2.3350247889484712	-1.335862021368613	1.0478817482981504
749	9592	IP-Vae-2	42.1	-5.44	0.98144876325088337	call_rate_ge_0.90	6.3852896690368652	25.149755477905273	-1.8651989794581114	-6.3799381634446988	-3.7804005637316624	3.6568276641936825	-1.2810968106944847	0.76552319001187963	0.057839350442147192	-0.69592570461621572	-0.28052456078864196	-0.33184303112262092
750	9593	IP-Vaz-0	42.26	-2.99	0.98939929328621912	call_rate_ge_0.90	6.4271960258483887	23.932220458984375	-3.4404740389932567	1.2728144653794597	-7.31050169348637	7.2521725767381415	-4.3082458369005998	2.7813857528867039	-4.0029761968339992	-2.0295308650219774	0.14062456367212384	1.6865329800785218
751	9594	IP-Vdm-0	42.04	1.01	0.96643109540636041	call_rate_ge_0.90	6.4174075126647949	23.915931701660156	-4.3139582829732825	1.3783522442120282	-11.546777344024722	12.144276525538586	-8.6231849991089771	4.6835338586542576	-9.0023394962914232	-12.446995193291107	0.24835487382399682	-2.0717397412710019
752	9595	IP-Vdt-0	40.89	-5.5	0.96643109540636041	call_rate_ge_0.90	6.6832976341247559	25.469345092773438	-2.765481747687434	-4.141459483881186	-2.7442674926660762	4.3595535540117902	-3.2753663455907778	1.7429309460092808	2.5294469214478537	2.3165714253762779	0.6708767012631317	0.31474178738273018
753	9596	IP-Ver-5	41.95	-7.45	0.95671378091872794	call_rate_ge_0.90	6.4586267471313477	25.558418273925781	-2.9745628018897672	-4.5769258396319561	-2.0043217933639457	5.0735497784709853	0.69494500942763249	0.079832474557871999	2.6508775076269799	3.8667303517676275	-2.097479108065242	-0.46532771515179244
754	9597	IP-Vig-1	42.31	-2.53	0.97791519434628971	call_rate_ge_0.90	6.3593320846557617	24.738468170166016	-2.0486731207165016	-4.4397079137444599	-5.8826295545515883	4.5910340997488772	-0.82636275565789186	0.018322737071176307	-2.2885596424122152	-3.6629666277486979	-1.7296401684932816	0.34745771771743311
755	9598	IP-Vim-0	41.88	-6.51	0.94434628975265023	call_rate_ge_0.90	5.7454833984375	24.922380447387695	-4.7503271811806327	1.7505644522065058	-5.6273697576081458	8.8944155403868574	-7.6875611281303948	6.9089299576899696	3.3870385028067425	19.338191813112356	-1.5710611226581515	0.35020419109714873
756	9599	IP-Vin-0	42.8	-5.77	0.97968197879858654	call_rate_ge_0.90	6.5570511817932129	25.44212532043457	-3.2324771665259742	-6.1543415100592558	-1.6398206029139106	4.0816111872625163	-0.77359417391141749	-0.20098238881286348	3.3338262200520461	2.4645004956133079	-1.8274495429695745	-0.6057602608530136
757	9600	IP-Vis-0	39.85	-6.04	0.97084805653710249	call_rate_ge_0.90	5.8849434852600098	24.878400802612305	-6.4753412734618676	2.0477988679464851	-8.8580638975050014	12.137950920861559	-9.342441103107241	8.1821454881213143	3.862906922004298	22.155247852789973	-2.1483626317808859	-1.8265628617004566
758	9601	IP-Voz-0	41.85	-1.88	0.97438162544169615	call_rate_ge_0.90	6.4058237075805664	24.546894073486328	-2.7715078835535243	-4.141447146186465	-4.9132389944502535	7.9580736029657517	0.021932429267487074	-0.16271437625673976	-5.1802841889634887	-4.0814383785408461	-2.2305209501406886	-0.81928824634822084
759	9602	IP-Vpa-1	40.5	-3.96	0.97084805653710249	call_rate_ge_0.90	6.745448112487793	24.698287963867188	-2.5652407711207923	-5.0446720448195776	-6.5536217861742605	7.8872056572917772	-4.5861134532778252	2.4260007093879108	-1.8686378807514121	-3.4785938200660707	-2.2315046922819719	-0.48203570223869502
763	9609	Adam-1	51.41	59.98	0.95229681978798586	call_rate_ge_0.90	3.8411233425140381	30.52140998840332	-5.5331616771138172	8.687030273186652	13.595348388852345	8.6130544984019259	3.9800389373846894	3.6590766849992731	-0.26063685132767678	1.1706647618091526	-0.72269194877714815	-1.1471263405750673
764	9610	Lesno-4	53.04	51.96	0.97968197879858654	call_rate_ge_0.90	3.7965841293334961	30.391777038574219	-6.2199887708549308	7.7889293991199882	15.748874921008289	8.0627819840193187	4.7885861371244287	3.4775866997922082	0.090339979164159215	-0.6177217940042089	-0.17832888968427393	-0.3870718153272017
765	9611	Lesno-1	53.04	51.9	0.97791519434628971	call_rate_ge_0.90	3.7127916812896729	30.414482116699219	-5.4180985349941935	9.3537624516925764	15.435120490468648	8.8641907992058435	4.9019517927418237	3.4901028368665927	0.098523582215560845	-1.1307240320341565	0.063836632952348191	-1.0423900596434656
766	9612	Lesno-2	53.04	51.94	0.96113074204946991	call_rate_ge_0.90	3.7952446937561035	30.374187469482422	-5.1515088150759132	6.9331796697623238	12.817608561888541	7.3065276983121485	4.4732490939441183	2.8973991713132268	-1.0053145980055644	-0.68664614926821455	-0.27337743228517214	-0.013306974302496988
767	9613	Balan-1	55.36	61.41	0.95671378091872794	call_rate_ge_0.90	4.0250668525695801	24.83833122253418	-2.3488177032304445	-3.5248425259356129	2.8349337354349471	1.8047531480116286	0.13158473102135557	-2.2830577268763075	6.0738118516676858	-0.0055791189017999265	1.5472127697759896	1.1438909974611744
768	9615	Parti-1	52.99	52.16	0.95583038869257952	call_rate_ge_0.90	3.8910763263702393	30.650842666625977	-5.1110894179715052	8.7617755347360298	13.571390636769861	7.7370682458244691	3.9694869546494886	3.5330901747683319	-1.2074152737334087	-0.66560935766118356	-0.24683996913566816	-1.3042832650235012
769	9616	Krazo-1	53.06	51.96	0.98674911660777387	call_rate_ge_0.90	3.8055617809295654	30.306205749511719	-5.917611669944753	7.9866932952777834	14.05742053880039	8.4851240973634212	4.7673317413549094	4.1872189210845479	-0.13354871280415215	-1.2612304507212622	-0.48741984289803258	-0.77902963437467532
770	9617	Karag-1	51.37	59.44	0.94787985865724378	call_rate_ge_0.90	3.9901642799377441	30.471208572387695	-6.2458808371232077	8.0952231351451349	13.169558934305453	6.7679631823673274	3.5371770178137258	3.2634674033843316	-1.8213646030119552	-0.5514892192589177	0.58743708776715775	0.37958903818654549
771	9619	Basta-1	51.84	79.48	0.96819787985865724	call_rate_ge_0.90	4.188258171081543	30.746646881103516	-5.4840415705232175	8.7011884961928168	17.498630408203251	10.649601584343548	5.738779783790096	3.9829095600895665	-3.839646474155967	0.50940345486143901	0.75457435705071052	-1.1244719173881266
772	9620	Basta-2	51.82	79.48	0.96289752650176674	call_rate_ge_0.90	4.1718482971191406	30.727636337280273	-5.4044208602587167	8.758862295022702	17.035186069589606	10.531936435862811	6.0888732740107887	3.8174867019669985	-3.9092546920317668	-0.65867455984459389	-0.26722800825322784	-1.5260482295946134
773	9621	Basta-3	51.84	79.46	0.97614840989399299	call_rate_ge_0.90	4.1447701454162598	30.714319229125977	-5.4603763610874498	9.2903293828315654	17.915857405880377	10.586500385168145	5.7956503817100993	4.4764966796884273	-4.1042397328561302	-0.3420218244895859	-0.14145328750699981	-0.82220059484425345
774	9622	Bijisk-4	52.52	85.27	0.97261484098939932	call_rate_ge_0.90	0.66216880083084106	22.219232559204102	-4.582376229717207	0.051031280027242824	6.8729050872736339	1.2375877882175987	-0.46525522620835996	1.4812196888543847	0.78283924535757654	0.81238916458629407	-0.4803138550102975	-1.3491058896394466
776	9625	Kolyv-2	51.31	82.59	0.98144876325088337	call_rate_ge_0.90	3.96087646484375	30.636032104492188	-5.9283308127834324	10.436908331835191	15.403099135186611	9.1040932035885049	6.5799098534758187	4.04226258350685	-0.89929093028837448	-0.40751511225223525	-0.97577443240896899	-0.76260480193757663
777	9626	Kolyv-3	51.36	82.59	0.95406360424028269	call_rate_ge_0.90	3.854926586151123	30.46417236328125	-4.8099903484652611	8.4514449277034451	14.837390423305781	7.2039229677994783	6.3518744844597501	3.3099530690134	0.20289072064268404	-1.3708536668027371	-0.83856224651430922	0.071801370045146279
778	9627	Kolyv-5	51.32	82.55	0.91607773851590102	call_rate_ge_0.90	3.9360275268554688	30.537368774414062	-5.046196238108867	9.6151274092987542	15.056960187598197	9.6634509512960332	4.1821665978015359	3.5236658283973705	-1.7282562377313528	0.50243222381137453	1.6776169161804362	0.14978645515982003
780	9629	K-oze-1	51.35	82.18	0.96554770318021199	call_rate_ge_0.90	3.8771553039550781	30.483697891235352	-5.3010031498536758	9.3057558703974586	15.403491210524587	9.7968139018453737	5.1967589137989787	3.651290379601245	-2.2104400955960761	-0.11078772409242704	0.48452160222547552	0.29986233975881543
781	9630	K-oze-3	51.34	82.16	0.95053003533568903	call_rate_ge_0.90	4.0264487266540527	30.611513137817383	-4.3783150481870408	9.2946583866815811	16.427782504111246	10.460187297743561	7.3233316675614439	5.3919876853828823	-1.7083449525635557	-0.85463970896703612	0.070254148948794101	-0.17377219937081101
782	9631	Lebja-1	51.65	80.79	0.96731448763250882	call_rate_ge_0.90	4.230745792388916	30.793134689331055	-4.898798736246845	9.9749594179242642	16.468157128343464	11.231382923613982	6.4110125300240286	4.4464985500926204	-3.0867111506112925	-0.90117672469151278	-0.21466730884911114	-0.42238826394588891
783	9632	Lebja-2	51.67	80.82	0.94522968197879864	call_rate_ge_0.90	4.1645073890686035	30.743556976318359	-4.9141549087379639	8.6898502813475851	16.173109943719176	10.226873097719979	5.7424797595871286	3.9980966157911024	-3.2883813695371238	-1.5670431436183496	0.13038310107143083	-1.5998190992222732
785	9634	Masl-1	54.13	81.31	0.91961130742049468	call_rate_ge_0.90	4.1829156875610352	30.80512809753418	-5.3839594580243562	8.8798605404326789	15.623723874585838	9.8033862130585447	5.7934749194557753	3.8645428177273566	-2.3580734345160561	-0.95360000461534256	-0.73154868832875997	-0.91366415749269514
786	9635	Nosov-1	51.87	80.6	0.94081272084805656	call_rate_ge_0.90	4.1625914573669434	30.680877685546875	-4.5878657446212268	8.6193011374696074	15.779495497664334	9.672582222256711	6.0542619958765398	3.9167456143599901	-3.726908920566391	-0.98698640054160358	-0.090118559259061773	-0.8082366998204259
787	9636	Noveg-1	51.75	80.82	0.98674911660777387	call_rate_ge_0.90	4.1397624015808105	30.855926513671875	-6.6173878426256598	8.2181734851496788	16.281915005406645	9.9303574028370871	6.3754561493249584	4.9972936546031619	-2.9037620421805159	-1.4777950423573774	-1.4518574739133703	-0.98413594867484866
788	9637	Noveg-2	51.77	80.85	0.95759717314487636	call_rate_ge_0.90	4.2677044868469238	30.736068725585938	-5.8104586135172953	10.484966741793011	16.330729043972163	10.621491097267048	7.2108345296491203	3.7792104689872694	-1.7609239413712245	-0.84458761672533778	-1.1212660007471613	-1.2983805339773478
789	9638	Noveg-3	51.73	80.86	0.94257950530035339	call_rate_ge_0.90	4.2664175033569336	30.790346145629883	-5.2987593464920391	8.4832078524712422	14.764500349029232	9.4837702852157317	5.8965593249700783	4.0211838477517619	-2.4425973846618119	-0.4891358397901559	-1.9786603743744493	-0.75507372212153068
790	9639	Panke-1	53.82	80.31	0.96996466431095407	call_rate_ge_0.90	4.1768093109130859	30.758764266967773	-6.6027701094439823	8.9470335579019711	15.26185008369249	10.401405789549374	6.7498656680046052	4.2635558594354412	-2.4750889016840238	-1.7348614705673835	-1.2235092704216191	-1.3912830541062868
791	9640	Rakit-1	51.87	80.06	0.97349823321554774	call_rate_ge_0.90	4.3786959648132324	30.896041870117188	-5.6685366401209185	10.049126796728066	17.134085309599961	11.047216468359901	5.2438759324287645	3.5458592169248662	-3.863923907465725	-1.0283971522098525	0.5699532707300804	-1.5332437345922993
792	9641	Rakit-2	51.9	80.06	0.95583038869257952	call_rate_ge_0.90	4.222442626953125	30.768051147460938	-5.1040907669677491	7.7086372677092019	15.123358020774278	10.16095045701096	4.6619738203607133	4.1306508035034764	-2.7558077978039726	-0.99568754005666138	-0.52009590874537481	-1.176425786928524
793	9642	Rakit-3	51.84	80.06	0.92402826855123676	call_rate_ge_0.90	4.2759866714477539	30.865594863891602	-4.6692303716222643	9.0154011348372407	15.192689066360872	9.4288438715744949	6.0861923480336957	3.7016260767727931	-2.9580285958613124	-0.86354225214489322	-0.56493340708644246	-1.2141959662836748
794	9643	Sever-1	52.1	79.31	0.96643109540636041	call_rate_ge_0.90	4.2457742691040039	30.812204360961914	-6.3857247485326054	9.395769685058637	17.365645174685032	10.654127490048003	5.9761087999621578	4.7113944994853671	-4.3656200694285188	-0.29039765605389556	-0.15159529537209851	-0.47747356759693366
795	9644	Zupan-1	45.07	18.72	0.95671378091872794	call_rate_ge_0.90	0.91509121656417847	21.728925704956055	-2.8146387592798083	-2.9200407501432264	2.1475542569935397	-1.6573594195023857	-0.58767271432898005	-1.8035920768681875	2.2040321690530842	0.5030726830794976	0.82032561717503882	0.53316597862729387
796	9645	Gradi-1	45.17	18.7	0.94699646643109536	call_rate_ge_0.90	0.48463475704193115	21.890817642211914	-2.4355709814625484	-3.1730146280902081	3.6339131100349404	-2.0012842245828777	-1.3374026964994186	-2.1395818822377981	1.8483095774288911	0.43044175087010628	1.4589871608261589	-0.85053048521057262
797	9646	Aiell-1	39.126899	16.170188	0.96643109540636041	call_rate_ge_0.90	4.5701022148132324	25.028787612915039	-2.0748799484355969	-5.8093795690081276	-0.76489243449996558	1.1136872356870051	2.8553802393879537	-2.0446107565888267	3.982040163118763	-1.1452514509426484	2.6179987096771136	0.37864823230209915
798	9647	Basen-1	40.37	16.77	0.97879858657243812	call_rate_ge_0.90	4.401942253112793	24.889068603515625	-4.1637233112429746	-5.7821878352660807	-0.59875829568123218	0.42348740426374848	0.11343167995668861	-2.2412709862875992	5.8294696460935498	-0.72296957447784571	3.1641296500609557	0.48672589495074398
800	9649	Bivio-1	39.13	16.17	0.95671378091872794	call_rate_ge_0.90	4.4232149124145508	24.811864852905273	-2.9255109525573726	-5.9649293216145338	-0.10027067847959205	1.0741153239287227	1.3394415223501077	-1.2069137030135435	4.1525603488398417	-1.8805358747206018	2.9209918607152199	0.13007459215846029
801	9651	Filet-1	40.68	14.87	0.95848056537102477	call_rate_ge_0.90	4.2768359184265137	24.922904968261719	-2.1261073720416968	-6.1468782951928409	-1.0735562896577553	0.27885891213171338	2.0735894655992868	-2.9451944033867217	4.2329705436578928	-1.2211801718675432	1.9703553241062262	1.5673948175838222
802	9653	Giffo-1	38.44	16.13	0.96908127208480566	call_rate_ge_0.90	4.424555778503418	24.934850692749023	-1.8278299417084403	-4.7917375629215204	-0.7270508971371471	1.3944772045966334	1.6657425702868982	-0.64841520637732797	4.5829968807354948	0.030362913755515683	2.5424206949399766	-0.17912362922178027
804	9656	Marti-1	40.64	17.31	0.91961130742049468	call_rate_ge_0.90	4.1134347915649414	24.921720504760742	-3.6157816812587615	-2.8139342512383791	2.8716451003898871	1.8103208729498699	1.3682547071365061	-1.1129899878022895	4.3428447841334838	0.76705617650274127	0.53850444099041028	0.24515541066523136
805	9657	Melic-1	38.45	16.04	0.96289752650176674	call_rate_ge_0.90	4.2897038459777832	25.209810256958008	-2.7362409099902374	-5.7436917769758571	-2.1040715780833934	1.2029211246717082	1.6694515275103337	-0.17182443417453486	8.9226622986597839	-2.6727972612018376	2.7957654154738556	1.9108637495983449
806	9658	Nicas-1	38.97	16.34	0.92402826855123676	call_rate_ge_0.90	4.5460004806518555	24.826093673706055	-2.0052610671468636	-6.3571828131817849	-0.29982715819575773	2.6613983973143642	1.6531311461415454	-1.2580170446158601	4.9433412125619745	-0.26302435781160499	1.8171356489372739	-0.63977899025181562
807	9659	Pigna-1	41.18	14.18	0.95318021201413428	call_rate_ge_0.90	4.3889031410217285	24.99199104309082	-2.8766266739309949	-5.8810804417863842	0.27722141845138742	1.1432677810910283	1.4969269327031556	-1.7349514226445719	5.740872971740548	0.0029632226895867082	1.4126011108134549	-0.2567547574169658
808	9660	Sarno-1	40.84	14.57	0.97879858657243812	call_rate_ge_0.90	4.4602413177490234	24.795644760131836	-2.6759709709045647	-5.4027079927053618	0.9604570914531031	0.26366652261572227	1.3889048974519613	-1.3119772102434306	5.1933245962746888	-2.4049719143854871	1.1820381646811666	0.013920581723210715
809	9661	Cimin-1	39.58	16.21	0.96643109540636041	call_rate_ge_0.90	4.2364640235900879	25.057607650756836	-2.4126552460711763	-5.4234644909491427	0.53562430703825614	1.4982783023022117	1.5968452836684683	-0.90873100252508743	5.4444812330715653	-1.9117720345912494	3.0530200418203943	-0.79165776476490013
810	9663	Teano-1	41.33	14.09	0.97968197879858654	call_rate_ge_0.90	4.2571072578430176	24.450122833251953	-1.9143926134210385	-6.2406516989389171	0.48514373646346998	-0.30645755505554839	1.6648389580503435	-2.4003513149921569	3.7064119103880078	-0.38361331927461539	-0.68152955961981165	-0.24192281455492656
811	9664	Mitterberg-1-179	46.366	11.2832	0.95141342756183744	call_rate_ge_0.90	0.33985844254493713	21.458578109741211	-4.7991191788725986	0.63599925858832562	4.742155025642373	-3.8012584906429305	-10.642163169360645	-5.3933656790970641	-11.847390281564806	3.6622112482393527	15.429038656754344	-0.86640360448531517
812	9665	Mitterberg-1-180	46.366	11.2832	0.9487632508833922	call_rate_ge_0.90	0.35333779454231262	21.502208709716797	-5.0044134731038579	1.1149441502547233	4.3255260686067736	-2.5752514704679239	-8.6335047121162347	-5.6555960121088837	-10.89327405654546	3.6593126792843278	14.660879022198023	-0.68867057566795753
813	9666	Mitterberg-1-182	46.366	11.2832	0.93639575971731448	call_rate_ge_0.90	0.2549993097782135	21.515178680419922	-5.6810735448344829	1.4529921452967163	4.3453431529643973	-3.0268158420020632	-10.56294486136852	-4.5971850972305326	-10.551083885929842	3.7983066412983382	16.047300689265519	-0.81941402121103779
814	9667	Mitterberg-1-183	46.366	11.2832	0.93639575971731448	call_rate_ge_0.90	0.29922318458557129	21.522638320922852	-5.3520316418568727	-0.26399118718513215	5.2448249811159462	-2.5949375482915635	-10.1069388706502	-5.1816791214964359	-10.827518812241314	3.185870329092821	15.922069263237066	-1.2757342150880668
816	9669	Mitterberg-2-185	46.3668	11.2837	0.96996466431095407	call_rate_ge_0.90	0.36213836073875427	21.503204345703125	-4.6937444592422519	0.77741827857887613	5.1849681907447334	-1.0028321242318599	-8.3799920998114867	-4.7478724871000848	-9.4583681534345061	3.0823537264569043	12.81170719769405	-0.36236689336562661
817	9670	Mitterberg-2-186	46.3668	11.2837	0.97349823321554774	call_rate_ge_0.90	0.2949715256690979	21.576259613037109	-6.0575330684544468	0.96357261368582114	4.7871184583647794	-3.1809010588400208	-11.119038585480546	-4.1661187119229552	-10.091373866499385	3.2873295165626564	16.194657458357142	-1.2021164126390496
818	9671	Mitterberg-3-187	46.3668	11.2837	0.9717314487632509	call_rate_ge_0.90	0.40721580386161804	21.471122741699219	-5.3663427056083526	-0.021063277819362444	5.3570604036274698	-2.2410822753618893	-8.9943351410058856	-3.001721457011127	-10.62272861209048	2.2052539241259224	13.135108673059154	0.14481386165334018
819	9672	Mitterberg-3-188	46.3668	11.2837	0.96378091872791516	call_rate_ge_0.90	0.31948250532150269	21.467716217041016	-5.5089568917836331	0.3181985275073187	5.0102531232768834	-1.8714907614614551	-8.0315665776669842	-2.6665882808679515	-10.140570484401794	2.0732787194312827	12.392269448446498	0.20009909606432127
820	9673	Mitterberg-3-189	46.3668	11.2837	0.99381625441696109	call_rate_ge_0.90	0.3000195324420929	21.377277374267578	-5.4135844676792431	0.18892658643408311	5.4621735096447592	-2.3039605888490886	-9.4335928272382201	-3.1183971190773074	-10.890239601962762	2.3670794287404235	13.314355169255814	-0.60212578448233178
821	9676	Mitterberg-4-192	46.3718	11.2866	0.95936395759717319	call_rate_ge_0.90	0.16049289703369141	21.622074127197266	-5.3855077821448951	-1.3913814723198272	4.3823068042921687	-3.1459255045187602	-9.7894074730997218	-4.0319441106598282	-7.9932427701233815	3.9522689978719558	12.575836716443959	-0.098999135119755
822	9677	Mitterberg-4-193	46.3718	11.2866	0.93816254416961131	call_rate_ge_0.90	0.1756712794303894	21.608264923095703	-5.2513239532809957	-0.49824780869236507	4.8028400041365975	-2.6313919433041475	-9.2179608651252174	-4.8505507488555653	-7.8957684786289253	3.8917410331014892	11.826218242848165	-0.40042313487565706
823	9678	Mitterberg-4-194	46.3718	11.2866	0.97703180212014129	call_rate_ge_0.90	0.22337920963764191	21.553741455078125	-5.5935911172516661	-1.0106616390217302	5.1854509465813452	-2.6909420776726529	-10.144755132805596	-4.7181289385555685	-8.3814358307428094	3.6431222094806572	11.890808468191114	-0.79489463721641673
824	9679	Castelfed-1-195	46.3378	11.2928	0.96643109540636041	call_rate_ge_0.90	0.16080427169799805	21.45707893371582	-4.6408671756560933	-1.3746801628823972	6.2551843979025339	-4.2690091521381124	-7.6812253796247942	-4.7091788522685905	-10.477700255375671	3.7560638775477764	16.371435674711638	0.36871989411271977
825	9680	Castelfed-1-196	46.3378	11.2928	0.93109540636042398	call_rate_ge_0.90	0.2913895845413208	21.496072769165039	-4.8401399928653195	-1.3627513845340531	5.7554435018313237	-4.0784198184977765	-6.6206163071911526	-4.6149443204307294	-10.071053035512824	3.7009351281880498	15.578552613386851	0.42710528722589353
826	9681	Castelfed-1-197	46.3378	11.2928	0.92756183745583043	call_rate_ge_0.90	0.23865345120429993	21.46961784362793	-4.4731242676686049	-1.1675566147108078	6.1807531596765308	-3.7209740877031776	-6.6877256126136455	-4.4766077647942284	-9.8496352335969561	3.4159081971928686	15.553977246289092	-0.18186526078450485
827	9682	Castelfed-1-198	46.3378	11.2928	0.94522968197879864	call_rate_ge_0.90	0.33150166273117065	21.435012817382812	-4.8099672555266135	-1.5470591258275379	5.7569455705673329	-4.0776053792513878	-7.2000057738366792	-4.3491053483558613	-9.5174681177741824	3.657062715914507	15.250735142901261	0.56225749430920025
828	9683	Castelfed-1-199	46.3378	11.2928	0.97968197879858654	call_rate_ge_0.90	0.24779956042766571	21.380064010620117	-4.8742565301152094	-1.4927021587899936	6.14878748281944	-4.1844458402720139	-7.2256428728867226	-4.3235222770051438	-10.440152285357753	3.7864930056170674	16.069835316398756	0.64029305866409969
829	9684	Castelfed-2-200	46.3378	11.2928	0.96908127208480566	call_rate_ge_0.90	0.29333895444869995	21.375171661376953	-4.7930068815511895	-0.10061812735485301	3.3976337529081393	-3.2431455217301814	-6.5200606093921207	-4.3532404477564288	-7.5072663873783689	3.923157816830058	11.992983206481128	-0.043554649985561661
830	9685	Castelfed-2-201	46.3378	11.2928	0.98763250883392228	call_rate_ge_0.90	0.29670634865760803	21.384288787841797	-5.3988883149090503	-0.046747819935720102	3.4365036467453653	-2.9074657845785028	-6.8167249120889419	-4.6618539049376437	-8.0135463547948262	3.881218088299049	12.289550159002477	-0.078811128539942085
831	9686	Castelfed-2-202	46.3378	11.2928	0.96201413427561833	call_rate_ge_0.90	0.27725949883460999	21.415977478027344	-5.5999530351088467	0.4549753487024123	6.2000888866609341	-1.7018777920234669	-5.6711183843770572	-4.1371794042891974	-9.0246338689214323	2.7184116518834132	12.502911715888054	-1.4990037942034633
832	9687	Castelfed-2-203	46.3378	11.2928	0.96113074204946991	call_rate_ge_0.90	0.29344755411148071	21.389808654785156	-5.3841439818797356	0.0054036304785773214	3.1595028550977444	-2.7716701407339883	-6.5459535494496466	-4.6096234110491086	-7.6973986396467016	3.6624702841820529	12.053393227755699	0.046635174931712153
833	9689	Castelfed-3-205	46.3378	11.2928	0.98498233215547704	call_rate_ge_0.90	0.39559105038642883	21.282112121582031	-4.0842271118664488	-0.37479191975463538	5.7536343530281968	-1.9818301057236203	-7.7567097940420915	-3.889513375460337	-10.055052637361795	2.7582776100605986	15.754251203368831	0.047249521974673837
834	9690	Castelfed-3-206	46.3378	11.2928	0.9717314487632509	call_rate_ge_0.90	0.41357651352882385	21.243209838867188	-3.9312910082824946	-0.49485825414819862	5.6168511865061355	-1.6366706757204006	-7.5247873960238429	-3.8191644169382233	-10.018252512143775	2.991096786754051	15.284784487199477	-0.14160992142397444
836	9692	Castelfed-3-208	46.3378	11.2928	0.98586572438162545	call_rate_ge_0.90	0.45200607180595398	21.254951477050781	-3.9237430010696763	-0.59508147788369692	5.3727209816573955	-0.99841609984424085	-7.1256786247066746	-3.9339583379554344	-8.7584180312832078	3.2294991657138792	15.145954139901347	0.3401625803884516
837	9693	Castelfed-3-209	46.3378	11.2928	0.9487632508833922	call_rate_ge_0.90	0.46982499957084656	21.240154266357422	-3.5063996527357575	-0.30852319888618329	4.8338512545823962	-2.0257241584808998	-7.2642095368645752	-3.4820730746384925	-9.1124566953325274	3.3296008423248873	14.908523110591306	0.52151065429012111
838	9694	Castelfed-4-210	46.3378	11.2928	0.98498233215547704	call_rate_ge_0.90	0.34375950694084167	21.819282531738281	-5.0728402289640853	1.554399238433537	5.5098762840292634	-1.3821842132665927	-3.6651873652193521	-3.4223814878130869	-5.8206341154846486	0.67752850485184624	9.291389248783517	-1.2398729634626917
839	9695	Castelfed-4-211	46.3378	11.2928	0.97084805653710249	call_rate_ge_0.90	0.30176955461502075	21.746282577514648	-5.0132798698261754	1.5524880936898771	5.4758972735470666	-0.94978152572996088	-3.5188838524882544	-3.3480535955648132	-5.6994799972346311	0.62176482952388379	9.1370647040870114	-1.0828926491498572
840	9696	Castelfed-4-214	46.3378	11.2928	0.96466431095406358	call_rate_ge_0.90	0.37612122297286987	21.814685821533203	-4.7078773391415352	0.94914002176630063	4.7252261797963984	-3.1834518231738271	-4.3752442232174005	-3.7300438339998041	-6.5301634679562941	2.0787605923960055	10.539408325358536	-0.54990583040909435
841	9697	Dolen-1	41.62	23.94	0.9717314487632509	call_rate_ge_0.90	3.8532345294952393	24.761600494384766	-4.1390760088217409	-1.0909827271149908	4.1747768684084967	2.8657229569913576	2.0346526461390018	-0.019138823429793225	3.4748290306336695	-0.39941648406749258	1.2289881908064859	0.93334825629994833
842	9698	Goced-1	41.57	23.85	0.95583038869257952	call_rate_ge_0.90	4.0323786735534668	24.618375778198242	-2.6059263548988154	-3.0568313758916368	2.1209278028251011	0.40587051377026517	3.1265338577425412	-1.4098999728078963	4.3119480342095624	-1.5565362995074372	-0.30331381905324473	-0.59250548836270289
843	9699	Kolar-1	41.37	23.14	0.96908127208480566	call_rate_ge_0.90	3.9645650386810303	24.699855804443359	-1.6156132374225403	-1.3221110027971268	0.44571815442048945	1.3529659820196402	0.02278253646565756	-2.13824144707303	4.6994589111978238	1.6230617433226466	1.1404138348605446	-0.19140772933836606
844	9700	Dolna-1-10	42.32	23.1	0.98056537102473496	call_rate_ge_0.90	3.9139506816864014	24.587478637695312	-3.4341626958551985	-3.1085413232085215	1.1527684539145162	-0.30763302855216551	1.8829238304514404	-2.7623343080645886	3.4964120859703454	0.16065702940364518	0.069947587962292695	0.029449628583944343
845	9701	Ivano-1	43.7	25.91	0.96466431095406358	call_rate_ge_0.90	3.5343797206878662	24.820974349975586	-4.2533923131617328	0.62708697856602802	4.6805768338960361	1.3175447041920199	0.70685768725894627	-1.4236070532404346	2.8322238603176757	1.7883950738082475	0.86596154121331981	-0.38489489666761256
846	9703	Melni-1	41.53	23.39	0.99204946996466437	call_rate_ge_0.90	3.9678106307983398	24.603279113769531	-2.7714161190363691	-1.7053033973111524	1.1923108099085453	2.1864349590932215	1.4470434632605675	-0.60487007282676708	3.8599819338344288	1.1101268474032528	0.16223486016850877	1.8244675297915887
847	9704	Melni-2	41.53	23.39	0.93904593639575973	call_rate_ge_0.90	3.8052604198455811	24.726785659790039	-3.011666254693032	-3.4907267335043084	2.1691466679061624	0.70839129286912661	1.6181436721171856	-1.4913499481335091	5.5422280546860581	0.77342751865580861	-0.177398032255844	0.86974391372871429
848	9705	Choto-1	41.5	23.33	0.99116607773851595	call_rate_ge_0.90	3.7886757850646973	24.801151275634766	-2.0652611095691147	-1.7766065701190268	2.9620889973881659	2.7463719577629049	4.2500066106260794	-2.5162565770634524	4.400314248215464	0.70016781577684584	1.9421305944461478	1.1904971087688332
849	9706	Dospa-1	41.64	24.18	0.95494699646643111	call_rate_ge_0.90	3.7436225414276123	24.888282775878906	-4.0110772154036676	-0.82986163727063311	3.6029736849736151	2.5852535038721665	2.1828245347125232	-0.54156621954904682	1.7134205509461409	-0.44614330633469684	2.5311350993422739	0.062834366562665347
850	9707	Podvi-1	41.57	24.84	0.95494699646643111	call_rate_ge_0.90	4.0336298942565918	24.922052383422852	-3.0461408189820718	-3.3764105235659372	2.0419063737641237	2.3297078455262699	0.61264436622664331	0.21399500388495035	5.2503561584409209	0.67450830981859577	0.93318021268392903	0.27575344704868088
851	9708	Kardz-1	41.62	25.35	0.98498233215547704	call_rate_ge_0.90	3.9466371536254883	24.787942886352539	-3.0283921698728724	-1.8456329509025882	0.74075234591570582	4.9138425209023806	1.5923109605881576	-1.0972849366634039	2.9738723926536657	-1.6450057186819	1.5853040727897043	0.48195825713308715
852	9709	Zerev-1-34	41.85	23.13	0.97261484098939932	call_rate_ge_0.90	4.0029287338256836	24.684215545654297	-2.407543715335835	-2.7561953238529209	3.0268182851240399	0.22734675281571623	0.91311703282610845	-1.6270017019126854	4.3085709140470874	-1.2491702145624257	0.90166871876815713	0.21723817423342492
853	9710	Zerev-1-35	41.85	23.13	0.97614840989399299	call_rate_ge_0.90	3.98443603515625	24.366388320922852	-3.9136484611341116	-4.1449133746644193	1.921423624548549	-0.15635397240904522	1.1016902264613395	-1.357899105202496	3.4529613111010331	-0.03229709442782893	0.33920603495142743	1.2429672813966472
854	9711	Dolna-1-39	42.32	23.1	0.98233215547703179	call_rate_ge_0.90	0.82424813508987427	21.956930160522461	-4.2979033379057734	-1.1344570199858166	2.8050173471577433	0.12889118212168116	0.42703441612171439	-0.62786445408123004	2.624330158585618	-0.65696420061825056	-0.3138538257747161	2.0755352063945609
855	9712	Dolna-1-40	42.32	23.1	0.95759717314487636	call_rate_ge_0.90	3.8591780662536621	24.614032745361328	-3.7801165852862537	-2.9913060798779583	1.206898494930521	-0.16693424221841313	2.3024953292925923	-3.132213973112369	3.5093871828604506	0.7529577933999948	-0.10455293554476883	0.019740629828944412
856	9713	Stara-1	42.49	25.61	0.97349823321554774	call_rate_ge_0.90	3.7132143974304199	24.691219329833984	-3.8929478171285798	-3.059955431912174	2.3990215061146385	2.4781044878751244	1.4339210194944261	-1.6734438668234153	4.04134004713318	2.1743589862390325	0.48051105567115304	-0.12199227224654001
857	9714	Grivo-1	41.84	25.75	0.97349823321554774	call_rate_ge_0.90	4.0486326217651367	24.740360260009766	-3.3253578236126482	-1.9846515589996427	1.3026313223100292	2.1284733403442089	-0.92301306440204645	-1.9457245968310235	3.788516913070592	1.9215020450003761	1.0359161620848911	0.88875502516694949
858	9716	Leska-1-44	41.54	24.98	0.94169611307420498	call_rate_ge_0.90	4.2572226524353027	24.937522888183594	-2.3781860742356433	-1.9085246887694312	1.2430048744087385	3.0090530972172642	0.82602109068599761	0.27807519337382047	4.1701388092677281	0.51538294305458565	4.0222931760512157	1.6674163911643796
859	9717	Kardz-2	41.66	25.47	0.96731448763250882	call_rate_ge_0.90	5.2900419235229492	24.934696197509766	-3.9331184311727139	-1.365220672355661	0.034491343385872605	4.6144939342407989	0.45956760153127735	0.62723773952051776	4.1005459428618707	2.940618645854483	1.0510860472058494	-0.34909126811923008
860	9718	Smolj-1	41.55	24.75	0.96378091872791516	call_rate_ge_0.90	3.9265069961547852	24.625640869140625	-2.6335767996679182	-2.3640873395479525	3.0338587672082231	1.586693123091053	2.2089851579362763	-2.0921969861757788	4.4755780417119233	-0.87641469864172539	2.2466163237979688	1.774063335296977
861	9719	Koren-1	41.83	25.69	0.93551236749116606	call_rate_ge_0.90	4.1440482139587402	24.447154998779297	-2.7437300480479778	-2.8764323983001763	2.3694214880864153	0.98858995529803484	-0.3052265752303534	-3.4842759837682666	2.8758470140273968	-0.83859163371211687	2.0740816774572139	-0.22828410692883203
862	9720	Malak-1	41.77	25.68	0.98144876325088337	call_rate_ge_0.90	4.0766348838806152	24.852787017822266	-2.1418970547015115	-3.6798993406086971	1.6653869005632584	1.2878803566624089	1.4125413904973956	0.19002601054785348	5.4722121494720959	0.56151808309057916	2.3225272107375505	-0.40845809618146173
863	9721	Schip-1	42.72	25.33	0.94081272084805656	call_rate_ge_0.90	3.9183135032653809	24.77574348449707	-2.7444527145733533	-3.5973497537396946	2.9564284296477061	1.6700274670055604	-0.44058382968300425	-1.7625340323548786	6.5974023764428642	-0.062532403596836067	1.5892993988661428	0.73592010428160914
864	9722	Groch-1	41.71	24.41	0.98939929328621912	call_rate_ge_0.90	3.9527280330657959	24.809968948364258	-3.0692648400953244	-1.1622184404429363	2.1208607701263009	2.2238794905889843	1.7265123724957603	-0.5583343119582953	4.0404927499192791	3.5069664563934628	1.4344515685311465	0.20294578532949692
865	9723	Slavi-2	41.42	23.67	0.93286219081272082	call_rate_ge_0.90	3.9728546142578125	24.752420425415039	-3.7009413701419378	-0.94528134627330973	3.3842219357424326	0.61776272287046341	2.5173433097164901	-1.1771203008357907	5.2277449061757153	-1.337480430151359	1.8049261037037765	1.3442690015227197
867	9726	Faneronemi-3	37.07	22.04	0.93992932862190814	call_rate_ge_0.90	4.1694817543029785	25.183259963989258	-2.5803153935446859	-5.2998612865534822	0.31368937690492615	1.9699604627386558	1.2664945836675487	-2.1691523130546821	6.6522867283898108	-0.3650830699564116	3.1984851745994782	1.4506371757460288
868	9727	Olympia-2	37.63	21.62	0.96554770318021199	call_rate_ge_0.90	0.20855733752250671	21.41496467590332	-5.8145977760520973	0.62081724416197503	4.7005236704088453	-3.2005614932737916	-10.893366432775915	-5.6304272749855082	-11.528526131390636	3.7290859228655791	16.78703115271518	-1.6012840225193437
869	9728	Stiav-1	48.46	18.9	0.94169611307420498	call_rate_ge_0.90	0.088070683181285858	22.054679870605469	-5.1068383234761754	-1.5893765432415821	6.3757885335502147	-3.8499405587064297	-4.337962119267857	-1.752147145618471	0.37143253509779611	1.2559398791325418	-0.92475534558750361	-2.4629566248336277
870	9729	Stiav-2	48.46	18.9	0.98498233215547704	call_rate_ge_0.90	-0.36030498147010803	22.274826049804688	-3.5416548152180711	-1.6414176663855242	5.4488198401431625	-6.190381491247658	-4.3016874530756191	-2.8581363077473676	-0.050711935560702463	0.21184069947355233	-2.5748969474262546	-1.6992786375794344
871	9730	Bela-1	48.47	18.94	0.97791519434628971	call_rate_ge_0.90	-0.28274628520011902	22.262140274047852	-4.9664160504489381	-2.5044971850270139	5.4015765166477383	-4.6746158315255482	-3.6997521100096602	-2.8337638656906243	1.9377387583368484	0.76973447417765062	-0.62237394980517158	-0.46161588853771923
872	9731	Stiav-3	48.46	18.9	0.9832155477031802	call_rate_ge_0.90	-0.20912721753120422	22.305538177490234	-4.1077669238457952	-2.9086470775627777	6.8445213717053326	-3.6680221023073134	-3.5826403287269928	-1.3736267744964914	1.0502128743286729	2.4574906980414974	-3.0720695184862792	-2.193142886667419
873	9732	Halca-1	48.47	18.96	0.99028268551236753	call_rate_ge_0.90	0.052679181098937988	22.126529693603516	-4.0697480225548155	-2.7984985691434243	6.1749269718845765	-2.8830682897803084	-2.4060232088362561	-1.6718422252117973	-0.033333991492402522	0.38816662502349564	-1.0693165958802904	-1.4961460180562292
874	9733	Bela-2	48.47	18.94	0.96289752650176674	call_rate_ge_0.90	-0.070530161261558533	22.179632186889648	-5.1092548136537834	-2.9453692633899076	6.5362943541885006	-2.1373770299791448	-4.4794260126947254	-0.72179356380278414	0.26110431273192447	-0.00062232056706336381	-0.97355922008498352	-1.2652433149365101
875	9735	Bela-4	48.47	18.94	0.98498233215547704	call_rate_ge_0.90	-0.19923977553844452	22.245258331298828	-4.1069682319800602	-0.80467173541944459	5.2896448095263295	-3.6107816899666774	-3.7705722955948473	-0.91359490212891215	-1.0333091993208057	0.828855113911662	-1.8295760983331451	-1.1284492100742527
876	9736	Teiu-2	44.69	25.17	0.94787985865724378	call_rate_ge_0.90	0.62516695261001587	22.257394790649414	-3.771265454837359	-1.1573796567591561	5.5926161196934832	-0.62789740530454452	1.193490783605327	1.1269790511490076	1.2658597115299339	-0.28840119673317743	1.8513714101675636	0.63956907367604832
877	9737	Ulies-1	45.95	22.62	0.95229681978798586	call_rate_ge_0.90	4.1676421165466309	30.643522262573242	-5.1440233654868592	10.04469839906613	17.508237387473475	9.8317765747737162	7.1423756047621385	6.4852551132975922	-1.4190435943549025	-1.1921067576032718	-0.58341257842533556	-0.75637236930196516
879	9739	Toc-1	46.01	22.33	0.91872791519434627	call_rate_ge_0.90	0.24826078116893768	22.013965606689453	-3.4368177160592079	-0.6094191518922375	5.4384682739579775	-1.0841035455092409	-1.1064225948848521	-1.83198582788736	1.1007669195655116	0.29376291760386197	-1.2470112241988582	0.15318646352717163
880	9741	Orast-1	45.84	23.16	0.94346289752650181	call_rate_ge_0.90	0.46685689687728882	22.194713592529297	-4.0977389509510562	-1.910513116685675	4.6126561727743898	-1.203619541092886	-0.51984761945148439	1.2617400692661984	0.91971143231897068	-0.34487472573263289	-0.26759753938014808	-1.0008188960458027
881	9743	Furni-1	45.14	25	0.91696113074204944	call_rate_ge_0.90	0.6046639084815979	22.360471725463867	-4.5324480329400894	-0.27686297732625553	4.5481543086668861	1.2247311957766946	-0.041652130463357251	0.2935719101134695	1.5646764232177817	-0.61910421763493362	-0.32559301375356436	-1.2570508173858153
882	9744	Iasi-1	47.16	27.59	0.93992932862190814	call_rate_ge_0.90	0.44388499855995178	22.135841369628906	-3.5432505878861047	-0.01824920459906873	6.5505995570078923	-0.018833020487454017	-1.8834528775556254	0.69215561975379414	0.76085379616224325	1.8433824979967941	-1.0970338572302261	-0.71792731578091273
883	9745	Sij 1/96	41.45	70.05	0.96554770318021199	call_rate_ge_0.90	4.0101232528686523	30.588258743286133	-5.5123365469037235	7.448157257645545	16.878888239794637	9.589599682713299	7.0737157793952719	3.5338568201733374	-1.0413294194496521	-2.6648768011510291	-0.47123411162011458	0.34339004393777933
884	9747	Zabar-1	44.38	21.22	0.96908127208480566	call_rate_ge_0.90	0.23130585253238678	22.042682647705078	-4.1258657396505773	-3.2306504326951413	5.0452399955872353	-4.1517880982839355	-3.8270772601046441	-0.92002746846396322	1.3638295907548312	1.5815125603776634	0.0039750931846088151	0.10951569321956511
886	9749	Knjas-1	43.54	22.29	0.95053003533568903	call_rate_ge_0.90	3.7646400928497314	24.898353576660156	-2.2997468363915474	-3.35473277256389	3.1464180811199292	-0.16831183594640342	0.0040482459229663733	-1.595607383773672	3.2547764987075016	-0.58238076242259817	1.9415839884146686	1.3854056751275674
887	9754	Sredn-1	44.66	21.37	0.99028268551236753	call_rate_ge_0.90	0.28500321507453918	22.168590545654297	-4.0863398681079302	-3.8012941451646478	4.2660120220209627	-3.0236368095856481	-1.6408489528813932	-1.2741620124684669	0.70271400560852848	-1.379398874128106	0.0021606988445349315	0.34181116978478931
888	9755	Vajug-1	44.56	22.56	0.98586572438162545	call_rate_ge_0.90	3.3261926174163818	24.763282775878906	-2.4748515719616591	-0.72571048149250317	4.4527105906462356	0.69558390986282226	-0.27704679423165196	0.6117603024867555	3.1950301557949548	0.83437854957305058	-0.084337660627348515	1.4552803965278251
889	9756	Staro-2	44.3	21.08	0.92314487632508835	call_rate_ge_0.90	0.60893309116363525	21.937519073486328	-2.9682975801855354	-3.3555505227959257	3.1958156144797911	-1.5705011755011284	-1.1889921369488108	-1.6361107184645991	-0.46993967950595089	-0.24627060313504426	-0.86182981841880779	-1.5227040111250532
890	9757	Staro-1	44.3	21.08	0.95848056537102477	call_rate_ge_0.90	0.8284793496131897	22.213302612304688	-2.6287058290547018	-4.3286374007208464	2.8365945328462878	-0.018700243263266768	0.020480033110705502	-2.1753521036975827	3.611780668898807	0.43124416229446905	0.50184489723353687	-0.32332582409753363
891	9758	Altai-5	47.75	88.4	0.93816254416961131	call_rate_ge_0.90	4.0911846160888672	30.611896514892578	-5.2396923204618648	6.0996914921056904	11.159040828556908	8.1895703974058129	4.2509054628138347	2.0397885294389591	-0.64843420955488795	1.5801545459445465	-0.29168715686276536	-0.21458262306941553
892	9759	Anz-0	37.47	49.47	0.95759717314487636	call_rate_ge_0.90	4.1117343902587891	25.540742874145508	-3.695142169393304	-5.1286222883331476	-1.697049114182219	4.6088282332178796	2.447070336957589	-1.4960478332248226	14.011309886738303	-4.9765473454618423	10.236805904123955	4.1670501552969466
893	9761	Bik-1	33.92	35.7	0.98586572438162545	call_rate_ge_0.90	0.10106664896011353	22.665996551513672	-4.6611068206536377	-3.3156533511689052	5.0386544413330929	-5.1972496977062725	-4.118452963317921	-2.5769416588959708	1.6136391902736473	1.2940007623339671	-3.6147992775843742	-3.8690543790091736
895	9764	Qar-8a	34.1	35.84	0.97879858657243812	call_rate_ge_0.90	5.6325712203979492	24.848485946655273	-4.1595688839549521	1.5951880246336576	-5.6413940667661953	5.8619297446926657	-3.9700140978595195	3.7448201125591187	3.4146926996893905	3.9503591711476749	1.9250896203429111	-0.87398631397988225
896	9766	Westkar-4	42.26	74.16	0.94699646643109536	call_rate_ge_0.90	4.1250457763671875	30.66111946105957	-5.2398809419311929	7.8897972244852106	14.754877061036215	10.227603227960859	5.985715396844828	3.0722548637222133	-0.75232322632424808	-1.6944871779136585	-0.4233805869763243	-0.12996329075827859
897	9768	Ru4-16	48.57	9.16	0.99293286219081267	call_rate_ge_0.90	1.3697187900543213	23.605583190917969	-3.7309948008212963	-4.7946542192131885	2.0653438736433967	-1.7312989164242469	-3.0980796418937695	-1.3464983797744228	1.550538468258748	0.58318250830276075	-4.0021869834698061	-3.333970767810845
898	9769	HE-1	48.55	8.99	0.9946996466431095	call_rate_ge_0.90	1.4979449510574341	23.832424163818359	-2.8077540590960393	-5.8417842131639848	3.8356374038970471	-3.0281450575911455	-1.4995999938328921	-3.8133514708990992	0.29513623465645838	-0.70369565894912656	-2.7530484762389174	-5.6474349896793363
899	9770	KBG2-13	48.53	9.01	0.97791519434628971	call_rate_ge_0.90	1.4726798534393311	23.907028198242188	-3.156493513202637	-5.0520243393942543	2.5973255841924945	-4.0875550939815959	-2.1736436576646394	-2.9012122267669684	1.8636313887359752	0.12861091559420121	-2.9819083915186226	-5.2092852345931124
900	9771	Pfn-N2.2-6	48.56	9.11	0.98144876325088337	call_rate_ge_0.90	1.3921903371810913	23.96586799621582	-4.3099138395420056	-5.2082131598124253	3.8191850514856234	-4.1359607503798301	-3.508281166226225	-0.90244559137338287	1.7897255732542836	-1.0119136057260012	-4.2195069177235958	-5.0842719899408655
901	9772	Hof-1	48.41	8.85	0.99028268551236753	call_rate_ge_0.90	1.4290465116500854	24.004152297973633	-4.0863974534515171	-4.9714017416401308	3.6244588735464043	-4.1148558456987985	-1.9450452918268994	-3.8273863828652921	3.8170557617342582	-1.0919202708502658	-2.9795112949483369	-3.908038929574003
902	9774	Alt-1	48.59	9.22	0.99028268551236753	call_rate_ge_0.90	1.658069372177124	23.42988395690918	-3.5377791364288376	-5.2381770201854998	4.2745182404265734	-4.9090006498277674	-3.0725086377272692	-2.7194917199467272	0.66935283189668027	-1.746523425022096	-4.6045234882986881	-3.1510840907653033
903	9775	Berg-1	48.41	8.79	0.95141342756183744	call_rate_ge_0.90	1.5365471839904785	23.834314346313477	-2.5462571635966289	-4.1173077281446728	2.2354911098165919	-4.6307850159245199	-0.54218371592778258	-3.7584901856765289	1.0036941772919001	0.50394776339126568	-2.5894827571631924	-3.9868259215722723
904	9776	Fell3-7	48.43	8.79	0.99558303886925792	call_rate_ge_0.90	1.5358291864395142	23.874141693115234	-1.3123694621519133	-5.635728696812814	3.842105546562689	-3.1186609168555086	-3.1841286462093437	-3.1052316587497901	1.0016373210239187	1.2095873643529143	-2.4586547759808681	-4.8621593965553291
905	9777	Gn-1	48.57	9.17	0.99558303886925792	call_rate_ge_0.90	1.6242763996124268	23.688236236572266	-3.628547681296622	-5.4120987416688289	4.2490969098642646	-5.0489403760969891	-1.0587436429607895	-2.4606077549076693	1.4590219606191828	0.74313886610009383	-4.4055498790055516	-2.5906857567955663
906	9778	Bach-7	48.41	8.84	0.99293286219081267	call_rate_ge_0.90	1.4035075902938843	23.850027084350586	-2.3216040533373925	-4.5516143104341946	3.2498936412158552	-2.9835953103168675	-2.2663094589368202	-2.6690438642970897	1.2327426000497488	-0.81037515543057637	-5.0486332542927119	-3.7901229855145817
907	9779	Bai-10	48.5	8.78	0.99646643109540634	call_rate_ge_0.90	1.8117620944976807	23.610292434692383	-1.4070923059550158	-6.4159506122548109	2.2052631787031225	-1.4417336916132066	-2.4766904564447785	-3.4447417879490314	0.15002343346136834	-0.68800232403199046	-2.1763516009135695	-2.4229548539678598
908	9780	Fell2-4	48.43	8.79	0.98144876325088337	call_rate_ge_0.90	1.4311314821243286	23.870389938354492	-2.9524919978133011	-5.8213350761084621	4.9592260019785419	-2.429691513000209	-1.8510514337227137	-4.0917066966273516	3.2049862187404528	-1.0667744415839975	-3.6758720080794052	-2.9126581479515541
909	9781	Kus2-2	48.52	9.11	0.97349823321554774	call_rate_ge_0.90	1.4398868083953857	23.85374641418457	-3.1465445568183825	-6.6593820881638868	4.2096437970955005	-4.6082300283029918	-1.7148419900792666	-1.9039029507397778	0.41876035670074829	-1.1899136147218605	-2.8142191643990837	-5.4624199306206211
910	9782	Lu3-30	48.53	9.09	0.99028268551236753	call_rate_ge_0.90	1.4611570835113525	23.853687286376953	-2.7401762741037876	-4.6327907369507875	5.2575696977984485	-3.8556775851302096	-4.0366543316201451	-2.5478668430864144	1.2606658344639574	-0.48098353909989955	-2.9684553017113391	-2.8035081933620787
911	9783	Tu-PK-7	48.52	9.05	0.99116607773851595	call_rate_ge_0.90	2.3569643497467041	20.562967300415039	-2.2497178175658328	3.0851531475020533	-4.9085488571742584	-2.3290916689220311	2.6858493956224967	2.096920496531173	-0.13240621300235744	0.75353580249337748	-1.131474137642243	2.7988561310952065
912	9784	Erg2-6	48.5	8.8	0.99028268551236753	call_rate_ge_0.90	1.5083397626876831	23.898523330688477	-2.9505359686905495	-5.5931373603909798	3.1557657023786652	-2.5862932377897847	-2.7625840470065715	-4.6390547128029853	1.7143915774105587	0.55489225330586855	-4.6456338552718108	-5.1259251016966578
913	9785	Ha-HBT1-2	48.54	9.02	0.99293286219081267	call_rate_ge_0.90	1.4628434181213379	23.806953430175781	-1.6672647321277949	-5.938930800831133	4.2324490975866622	-4.423895585501282	-2.934919620328905	-3.9644520172896422	0.72808437198738785	-1.1835592691797843	-1.7687357709281053	-4.1885191345508384
914	9786	Ha-P-13	48.54	9.01	0.99116607773851595	call_rate_ge_0.90	1.4201422929763794	23.779506683349609	-3.1780968691179363	-4.3186103761456645	2.4448434558471797	-4.3051154830756122	-1.282426609580086	-3.9302327439765232	0.86512610381558763	-0.51370306178889324	-1.9017556585128166	-5.0908330305414875
915	9787	HI-4	48.5	9	0.98233215547703179	call_rate_ge_0.90	1.4975388050079346	23.874458312988281	-1.5829377395873458	-3.9939076732691774	3.2955755184056001	-4.2012134012007527	-2.9003392411687883	-1.4669384734000321	-0.3630839138483698	-0.47464524954812742	-3.8971704227631925	-4.3851893234829546
916	9788	KBG1-14	48.53	9.01	0.97791519434628971	call_rate_ge_0.90	1.5877746343612671	23.812524795532227	-2.9289625701766684	-5.7068298883074275	3.6289787635564976	-3.3434671495627675	-1.8021882140332894	-4.5634723096372642	2.8545875381703514	-0.38161735949688458	-3.2977533442697173	-5.1835161822799911
917	9789	Obh-13	48.39	8.96	0.99204946996466437	call_rate_ge_0.90	1.4184730052947998	23.679292678833008	-2.1753400808911048	-5.1840766266969629	3.4329317280675751	-2.9235118743989159	-2.3950654243495757	-1.1193721849966927	2.3610600356220695	0.60629172363527728	-2.5002453847615405	-4.208575350428867
918	9790	Gn2-3	48.58	9.18	0.9885159010600707	call_rate_ge_0.90	1.7700542211532593	23.414970397949219	-3.0785431228401952	-4.9711080072374045	2.5142773915051255	-3.2449729672594407	-4.0036390994485602	-2.5094163656956967	0.67592008992636676	-0.078674221656850951	-3.8725743706057556	-2.2193984049608102
919	9791	Haes-1	48.6	9.2	0.99116607773851595	call_rate_ge_0.90	1.515602707862854	23.849725723266602	-2.8586916974649368	-5.3330300327283613	3.5909394238896986	-6.0479030332550447	-3.5242396507497715	-2.8636371754575096	2.1846232532281906	-0.18651470546442883	-5.5607122440200083	-5.0744586988454747
920	9792	Lu4-2	48.54	9.09	0.98498233215547704	call_rate_ge_0.90	1.4671013355255127	23.924459457397461	-3.2879605719850464	-4.6259573699060574	4.8628403969283296	-2.9404076310708693	-2.7965147926166369	-4.5468656679865145	2.1248404061288251	-1.1210814929752047	-2.6534632000965357	-4.7865094405536999
921	9793	Ru-N2	48.57	9.16	0.98586572438162545	call_rate_ge_0.90	1.4543439149856567	23.738653182983398	-3.2523215107372105	-6.2580580909122485	3.3157032540877678	-3.1177519872217681	-0.91588571360562021	-3.7400249806533656	0.419620365897937	0.84219647937963005	-5.325682471648201	-5.569997048785484
922	9794	Tu-B1-2	48.52	9.08	0.98586572438162545	call_rate_ge_0.90	1.2814663648605347	23.689920425415039	-2.9415004842141435	-3.682030902592293	3.1668943876869129	-2.0515557380916589	-4.3209264290321814	-0.72836915389070545	0.23195799829724742	0.62112429640063238	-1.6826127686896546	-5.120309920277089
923	9795	Wank-2	48.5	9.11	0.96996466431095407	call_rate_ge_0.90	1.3189620971679688	23.791629791259766	-2.4267957996275431	-4.1502485157818843	4.0690200194473922	-2.4270225800866996	-1.8003277659679173	-3.1729563855377769	1.4009696843527402	1.3457858175686446	-2.0842437712804593	-4.992188614380682
924	9796	Bach2-1	48.41	8.84	0.99381625441696109	call_rate_ge_0.90	1.3093435764312744	23.811801910400391	-2.6906376715582874	-4.4877252828875136	5.2283795685898156	-3.2072224154529914	-2.8497780555229637	-2.9069781758621382	0.91183213732154678	-0.66897348527554845	-3.5080323262430335	-3.9786668920041603
925	9797	Ha-HBT2-10	48.54	9.02	0.99204946996466437	call_rate_ge_0.90	1.435698390007019	24.011997222900391	-2.475326749320669	-4.2778833445506486	5.0555312366137724	-4.4977759842755622	-4.2645031381969414	-3.122017473543822	1.1403960125920134	-0.043431037407870993	-2.7588066729245457	-4.7996136084303576
926	9798	Ha-P2-1	48.54	9.01	0.99646643109540634	call_rate_ge_0.90	1.4493873119354248	24.006490707397461	-3.939001294820268	-5.7403430134479327	3.2965386089904865	-2.8732380299616826	-1.9251996523286639	-3.3086720797363105	2.5343877922116982	-0.95454266756335004	-2.4074790574501987	-6.035892269514787
927	9799	Hart-2	48.39	8.85	0.99116607773851595	call_rate_ge_0.90	1.4730979204177856	23.967489242553711	-2.1873632645929888	-4.6168301995722159	3.71668507252055	-1.4817834532873542	-1.8246312303212127	-1.9491368439466297	0.94953501490838665	-0.2923275480944092	-2.2745715942493918	-4.9838050413976314
928	9800	Ha-S-B	48.54	9.01	0.99204946996466437	call_rate_ge_0.90	1.5617632865905762	23.71583366394043	-4.2269386286954873	-6.0143248054455825	4.8568158883433581	-3.8182361335271788	-2.1561889083571097	-2.8156692563712062	1.6948119227739846	0.25530907071732495	-2.4648216006858732	-2.9904587858870295
929	9801	Ha-SP-2	48.54	9.01	0.9832155477031802	call_rate_ge_0.90	1.3358720541000366	23.884244918823242	-3.2512360532811582	-4.3113108760548826	3.3529826516832459	-3.7226261213663236	-3.1986669373245959	-2.669940478046998	0.95988736800141261	-1.5886014541060394	-3.3710584509442425	-5.4524835120225807
930	9802	Kus3-1	48.51	9.11	0.99028268551236753	call_rate_ge_0.90	1.4148660898208618	23.975013732910156	-1.823406484825419	-7.2227049896159849	3.5391035800987312	-3.8188761224256114	-3.8417001487455664	-3.8520672872501409	1.4360049202334926	0.28077244331485773	-6.7908327689274675	-6.3567685326592631
931	9803	Muh-2	48.42	8.76	0.98939929328621912	call_rate_ge_0.90	1.4336316585540771	23.951841354370117	-3.4156683252765632	-5.6328451416146326	5.1579267063348615	-3.6584832822597622	-3.2440667672763737	-3.9285758595109703	-0.24769059423886786	0.85502021542550644	-4.1360279179955821	-6.184903573579013
932	9804	Obe1-15	48.45	8.87	0.99028268551236753	call_rate_ge_0.90	1.4540976285934448	23.872753143310547	-2.0891348179204714	-4.4374110673382594	3.844731287130855	-3.5416146623551086	-1.1035290100349666	-3.0680923343429796	-0.37622216763750749	-0.62552688894099051	-0.79239461296194358	-3.9529315709201147
933	9805	Pfn-10	48.54	9.09	0.99381625441696109	call_rate_ge_0.90	1.6399229764938354	23.718360900878906	-2.7058498158607365	-5.0805052222244536	1.4342776833324375	-2.472549392858638	-2.1951682908255998	-3.1710989344038962	2.1216092031930756	-1.0347184276656431	-3.0865053356235292	-2.0702521876871871
934	9806	Ru-2	48.56	9.16	0.99116607773851595	call_rate_ge_0.90	1.6781638860702515	23.735561370849609	-2.4101690634585311	-5.4291036615794326	2.2060246769470493	-3.3483355878841365	-0.91975029429807098	-1.8643850910138793	-1.3010621695442077	-1.2117589492729417	-2.1251552148702197	-2.0973728606566326
935	9807	Schl-7	48.6	9.22	0.99028268551236753	call_rate_ge_0.90	1.7156591415405273	23.512639999389648	-3.8368683161797543	-4.0894240392907548	3.0723772038601815	-2.3869964829725285	-3.0760762173302032	-3.0495089049650881	-1.2968560321588316	0.16387575145856639	-3.3337044672426277	-2.575034382040442
936	9808	Tu-B2-3	48.52	9.08	0.98674911660777387	call_rate_ge_0.90	1.5667291879653931	24.010704040527344	-2.9676023183601012	-5.3485366653560513	3.0749188160725014	-2.7786207307398958	-2.4351130777243215	-3.4320544484124396	1.3097055736336178	-1.3180847999264187	-3.8825471760569186	-4.1104864718278735
937	9809	Tu-KB-6	48.52	9.05	0.98144876325088337	call_rate_ge_0.90	3.878800630569458	22.494033813476562	0.058765195443749099	-2.1918984852798098	-3.2675220239922043	-1.6134793656231552	5.2671797513632317	-2.0112207123835431	-0.63811105171207516	0.082180669998682815	-0.54755842292295021	-0.18587599406384933
938	9810	Tu-KS-7	48.53	9.07	0.96113074204946991	call_rate_ge_0.90	1.7289615869522095	23.59156608581543	-2.7050350634320659	-5.5549842114809964	2.5184369035890315	-3.805907792077134	-1.9691588662379054	-2.697255872570381	2.099308918507973	0.099155050551570451	-1.1197249261601854	-1.3485223792091294
941	9813	BI-4	48.4	8.77	0.94081272084805656	call_rate_ge_0.90	1.3408876657485962	23.961174011230469	-2.5457058189592288	-5.4040421578586404	3.1263609963634615	-2.187776544314088	-1.3414336410722068	-2.8810933233894929	1.8563906797083303	-0.72250229049169079	-3.9962068655462826	-3.2856114585704854
942	9814	Fell1-10	48.42	8.79	0.92756183745583043	call_rate_ge_0.90	1.4998002052307129	24.079177856445312	-2.1520146935232383	-5.0981865839639244	3.0042548084056002	-3.4398312542609211	-3.7586831001558214	-4.2348584196012489	1.4097363511858505	0.92744754218383885	-3.5422885029802575	-5.6389511288140532
943	9815	Ha-HBT3-11	48.54	9.02	0.96378091872791516	call_rate_ge_0.90	1.3278368711471558	23.906963348388672	-1.4029118903286275	-5.192274673968778	4.8569095641090447	-3.1849162819722743	-1.2991896745475944	-3.37111582025031	-0.31456137607940921	0.50073273636812932	-2.1733824250032159	-4.0397719552901989
945	9817	IP-Ace-0	39.84	-6.6	0.95318021201413428	call_rate_ge_0.90	4.8162155151367188	25.03337287902832	-3.3689383988587203	-5.8367483946611367	-4.1402686830434989	5.4576533992743714	-1.3033487744376855	-0.33271675545820634	3.5317145139857571	1.7594937115988538	2.8766325812891935	-1.5386343827764588
946	9819	IP-Amu-0	42.35	-3.03	0.94522968197879864	call_rate_ge_0.90	6.2297687530517578	24.630847930908203	-0.66675776012455723	-4.2434906614151355	-3.3803127062487022	2.4410144179459516	-1.5182428517230266	-1.4878962835134752	-0.69234661293781696	-5.354394800379267	-1.5199450854505463	0.40320152771896955
947	9820	IP-Are-0	41	-4.71	0.95583038869257952	call_rate_ge_0.90	6.6717095375061035	25.177209854125977	-3.1712226089035731	-5.6137108389220183	-4.3372810786504061	6.0052249076420035	-1.3963361635758815	-0.066056705173659899	1.0115777020490535	-0.84765000304866334	-2.4154922539915469	-1.5100521655843353
948	9821	IP-Aru-0	41.81	2.49	0.98498233215547704	call_rate_ge_0.90	5.9407196044921875	23.933296203613281	-3.3348865775986316	-3.34157536151009	-5.4489370173883538	5.3084847367192749	-1.8862438753459352	0.99272474918641751	-2.5785199325900576	-9.2338223910497863	0.42752521841629676	-1.5573066408709657
949	9822	IP-Aul-0	40.52	-4.02	0.96289752650176674	call_rate_ge_0.90	6.780362606048584	24.695985794067383	-2.6792618769854286	-4.0704038951547359	-8.0440315565681306	10.103144043371524	-5.5439845951602367	2.3405509139506684	-1.8184227061299096	-3.4713228525551316	-1.5617432639053193	-2.2468682254442229
950	9823	IP-Bae-0	43.34	-5.84	0.92844522968197885	call_rate_ge_0.90	3.6949269771575928	22.772275924682617	-0.66479173761341137	-3.1542127470419081	-3.0278478509767677	0.49809265420878002	3.6888096475447405	-1.8020464902016533	-0.084042206525896668	0.11154505143159625	1.4711654198437816	2.3809158484549005
951	9824	IP-Bes-5	42.91	-4.91	0.91077738515901063	call_rate_ge_0.90	5.9899172782897949	25.134975433349609	-2.5685050149181108	-1.5482317414215905	-3.5840787819798074	3.2166471254947497	-0.55328170792871578	2.0877840386127007	-0.16175701580394289	3.6368809575373846	-0.029368330374870744	-0.93848530569574629
952	9825	IP-Boa-0	40.4	-3.88	0.97084805653710249	call_rate_ge_0.90	6.7736315727233887	24.709255218505859	-3.4124159854343938	-5.4746861562186853	-7.790383926351292	10.205332695529213	-5.2956644722355239	4.168734855424173	-2.7362980455017163	-2.385574480965083	-0.81153605519797911	-1.8271207843650603
953	9826	IP-Bor-0	42.49	-6.71	0.96113074204946991	call_rate_ge_0.90	6.5275349617004395	25.52532958984375	-1.7601120404715631	-5.1771912172558121	-1.6941982801851057	5.124072104311459	2.7237252944255519	0.83205204749265826	2.0879609308059339	2.5116731022271588	-1.265347146851433	1.7784127903749494
954	9827	IP-Bos-0	42.78	0.69	0.97614840989399299	call_rate_ge_0.90	3.6607506275177002	23.164340972900391	-0.40007416225569103	-3.5648999410142275	-0.8356783273307844	0.98482279106389559	1.1404405312413137	-0.53956691268455292	-0.3800326241405515	-0.066264436428259563	-2.0081499300652723	-0.23901061530967405
955	9828	IP-Bra-0	42.5	-6.15	0.96908127208480566	call_rate_ge_0.90	6.5072689056396484	25.532554626464844	-3.9805085519617269	-4.6529254264132502	-2.3678831118610577	4.6284382362564456	-0.90828603156563947	0.81689429257872626	1.9720337872985758	4.2993735806161366	-0.28436924080636183	-0.27735425942226261
956	9830	IP-Bus-0	36.97	-3.28	0.96024734982332161	call_rate_ge_0.90	5.7145047187805176	24.808734893798828	-3.1798680404645019	-1.2942670599616379	-2.1674651309854669	2.6560365916034994	-2.6900378974029771	-0.21888940213983046	1.6738402170889268	1.5776110852215119	-1.9578067241454531	0.62847448460250765
957	9831	IP-Cas-0	38.53408	-3.39072	0.96024734982332161	call_rate_ge_0.90	4.9674339294433594	24.959625244140625	-2.9064472019286445	-7.9272647534263374	-4.2345029274650106	7.2733854603806032	-0.77682985369429192	-0.58668390641646329	1.9113519040386073	3.511327650214342	0.46145593656951689	-1.6559371323387861
958	9832	IP-Cat-0	40.54208	-3.68695	0.96554770318021199	call_rate_ge_0.90	5.8233146667480469	25.013467788696289	-5.2839655949422601	-0.1696705125128721	-8.1544060021062261	13.028658433608758	-8.6138457802523298	8.158922725745585	3.1096469352303338	22.160319429890333	-1.9386932954222498	-0.81220274888762578
959	9833	IP-Cha-0	40.38	-4.21	0.97438162544169615	call_rate_ge_0.90	6.7796759605407715	24.72041130065918	-2.271176484278258	-6.6748483985891607	-7.0217961156626076	8.6990164768629175	-4.1754354750934812	1.7503027705115599	-1.6285702286995283	-3.6186678576777047	-0.89349824964706648	-1.6954194229468227
960	9834	IP-Cho-0	40.51	-3.9	0.96201413427561833	call_rate_ge_0.90	6.8221559524536133	24.657546997070312	-4.5638584027181546	-3.8574198367125314	-7.7676647786326338	9.9418430334194596	-5.7532416068104482	5.2064871483280788	-1.7051128593938489	-3.4000458065137384	-1.1598648808705063	-1.3120155277183418
961	9835	IP-Cir-0	40.61	-6.57	0.98144876325088337	call_rate_ge_0.90	6.5775127410888672	25.497377395629883	-3.0307812577013218	-5.8247378688243732	-3.787182395688363	6.9719964373024848	0.24120679620571506	1.288154390744545	2.1301095019722269	3.1302923808137226	-2.4066898267895409	0.5834557913203432
962	9836	IP-Cod-0	41.25	-1.32	0.94964664310954061	call_rate_ge_0.90	6.333488941192627	23.977579116821289	-3.7584467045193235	-1.630642385441865	-8.9134055097492588	10.616273658065952	-6.8745075312054134	2.632093376968855	-4.8201058468252391	-8.9680398059081341	-0.59128426340370421	-1.718825693544431
963	9837	IP-Con-0	37.94	-5.6	0.96996466431095407	call_rate_ge_0.90	5.708188533782959	24.986961364746094	-5.6149008978668045	0.96821917165564508	-7.973762169616597	10.139979289007897	-8.074901081365871	5.246989661946877	3.9882451207327008	18.326851057397526	-0.95616670138806803	-2.8980795896339893
964	9838	IP-Cot-0	41.83	-5.38	0.96289752650176674	call_rate_ge_0.90	6.5324678421020508	25.558248519897461	-2.6837743133218122	-4.5983464601451747	-2.1468100211752166	5.0352262512044135	-0.6846986586677879	0.33706403714888428	2.1416860148387755	4.4490096488293993	-3.5673137615205368	-0.016697935146088323
965	9839	IP-Coy-0	40.44	-4.27	0.95406360424028269	call_rate_ge_0.90	6.7928328514099121	25.304315567016602	-3.4273076327986556	-6.6364960835077165	-4.5627108823166616	5.4183975478408932	0.20432452033854887	-1.1488802974454133	1.578717788768685	1.5886563567279501	-3.2226024253055705	1.6647547431578014
966	9840	IP-Dar-0	41.13	-1.43	0.97084805653710249	call_rate_ge_0.90	6.4875025749206543	24.017784118652344	-4.188046228062543	1.4880174526216718	-8.7496739772046563	11.622270512421116	-5.9185847036266024	4.5378139723959432	-4.7314557924788652	-5.4687888799635562	-0.7824332668981766	-1.8607769520394335
967	9841	IP-Ees-0	40.59	-4.15	0.98233215547703179	call_rate_ge_0.90	6.8505592346191406	24.707096099853516	-4.6803540294337429	-4.8568684455828768	-8.0000294560589271	10.789336581050678	-4.3622808431437985	4.6608675194876374	-4.0684383684674268	-7.3900535848815405	-2.2576762244145843	-0.81961453996247435
968	9843	IP-Elp-0	40.53	-3.92	0.96201413427561833	call_rate_ge_0.90	6.8691592216491699	24.756320953369141	-5.3675321407572412	-4.9462906744090027	-7.7829406791163285	10.802935345201057	-3.9831815131692818	2.4842731669074372	-2.325748355500604	-2.7321384670476085	-2.5066685916849987	-1.8083565579076009
969	9844	IP-Esn-2	42.27	0.19	0.9090106007067138	call_rate_ge_0.90	6.3965072631835938	23.947376251220703	-3.4609587331272826	-0.46576283748246855	-10.027501927291381	11.407994243491743	-7.719900128139991	5.0489544547969425	-9.6566892901936807	-11.440681677126003	-0.27718179775877771	-1.6659979744748437
970	9845	IP-Evs-0	40.47918	-3.959696	0.97261484098939932	call_rate_ge_0.90	6.8483729362487793	24.758869171142578	-3.0475880438478864	-4.5018096658877624	-7.8086535515703952	10.167774509588241	-5.5978495924522829	2.3676936967181357	-2.4884669708503346	-1.7458512956184757	-1.0544501022263841	-2.1504045071843305
971	9846	IP-Ezc-2	42.31	-3.02	0.96996466431095407	call_rate_ge_0.90	6.347862720489502	24.695642471313477	0.062769577778743965	-4.0161127795743132	-4.9784568340733353	2.3418169966590328	-0.45918400133010556	-1.7709072080102142	-1.5841041918567618	-6.8715410842946367	-2.0293699342286615	-0.39006341416828649
972	9847	IP-Fel-2	43.31	-5.7	0.96113074204946991	call_rate_ge_0.90	3.6917309761047363	22.833307266235352	-0.079183649130867229	-3.1689284705211755	-3.3741110727992121	2.0544060214615829	5.0764148479367428	-3.1704485933966287	-1.3596915927384208	0.12266520733047249	-0.3067397564791628	1.8402437889828529
973	9848	IP-Glo-1	40.11	-5.77	0.97791519434628971	call_rate_ge_0.90	6.4031777381896973	24.694015502929688	-2.8734301577723946	-5.6053945399945411	-6.5813345946788075	6.0229559141881248	-2.4199789965715186	1.5281884555566281	-0.0011218165198344416	-1.4700642296458188	-1.6464751797387329	0.60671917787747287
974	9849	IP-Gud-3	40.65	-4.11	0.96908127208480566	call_rate_ge_0.90	6.71539306640625	25.414508819580078	-3.7840048954347174	-5.2475764620202225	-4.0092870579803224	5.4326959006408728	0.58887801558656983	-1.6628185030574334	1.454178337139318	1.0022501613952763	-2.3695862666452414	0.070060813005183797
975	9850	IP-Hec-0	42.86	-0.7	0.95848056537102477	call_rate_ge_0.90	6.2957754135131836	23.990932464599609	-3.3707300940025178	-2.8954685572225949	-7.5683721962504107	7.7772700342792609	-5.0971716436949324	0.23324464781107188	-7.0826714648786107	-8.3601768588439214	0.19640521746681228	-2.0118146652019848
976	9851	IP-Hue-3	42.96	-6.1	0.96289752650176674	call_rate_ge_0.90	6.6099729537963867	25.534425735473633	-3.9595949054646762	-4.6203021437229017	-3.0018368921661631	2.0639630716297108	0.14202791017386426	0.52330368227160051	0.77155383913378461	1.3522924800000651	-0.11940288188497335	0.50955205831673911
977	9852	IP-Ini-0	40.46	-3.75	0.94964664310954061	call_rate_ge_0.90	6.8766779899597168	24.654542922973633	-3.1125183473449693	-4.5937184899929875	-7.0686427151222633	11.493666475384662	-5.3627448402070019	3.2987315069315128	-2.6216544423370172	-2.0923583120965299	-1.0544370353158385	-2.614094183143207
978	9853	IP-Lac-0	43.33	-5.91	0.96996466431095407	call_rate_ge_0.90	3.7047560214996338	22.767576217651367	-2.5832631441517617	-3.3817471263335666	-4.5796224463801805	1.8336573597273171	4.1825035220170417	-0.82773683738808901	-1.8031534955374384	0.89991596000502661	-1.2917781164859838	1.375534636900009
979	9854	IP-Laf-1	43.36	-5.88	0.97084805653710249	call_rate_ge_0.90	3.6950850486755371	22.745376586914062	-0.55741974971586039	-3.213260986024729	-5.090115254730641	2.7063109904772968	5.6518767678174626	-1.2617123551444402	-0.82746478572832138	2.9044488359407232	-0.85008961005057526	1.7511876385255882
980	9855	IP-Lam-0	40.57	-3.89	0.96996466431095407	call_rate_ge_0.90	6.8986492156982422	24.756803512573242	-3.908420593394129	-4.5783985115442416	-6.7770352201345512	8.679269224492133	-3.374986728000859	2.5326444059938313	-2.0771918903578661	-1.7055402861681759	-2.3254779155560277	-0.44444455963123852
988	9864	IP-Mat-0	41.76	2.69	0.91431095406360419	call_rate_ge_0.90	5.5378050804138184	23.936943054199219	-2.0832087088406674	-4.7027984274782719	-4.9670889344000555	4.3220421279329715	-3.0431540989041475	1.414945079899828	-0.88642072589780285	-8.6417223779228394	0.054604457499350799	-1.7316120608374488
989	9866	IP-Mdd-0	41.89	-2.79	0.93551236749116606	call_rate_ge_0.90	6.3502197265625	24.445144653320312	-1.3575792080647238	-2.1319594369746233	-3.9990013371495952	3.8632466121993314	-2.7287404614251423	1.8293214763039927	-1.5101724549697642	-3.8527418458227833	-1.4139421687205003	0.63796021726581531
990	9867	IP-Mie-1	40.94151	-3.218865	0.95848056537102477	call_rate_ge_0.90	6.7779459953308105	24.77440071105957	-1.6017372419944302	-3.3754535689769698	-6.4718588522159761	6.2596688870971207	-4.8675518879507322	2.2954667891227514	-3.6181595245725884	-2.8288967904864712	-0.78014438680301323	-0.1162533742438794
991	9868	IP-Moe-0	41.78	2.37	0.9717314487632509	call_rate_ge_0.90	6.1295533180236816	23.858400344848633	-3.4307722806068974	-2.1472489480307284	-6.5961131676987703	7.1564326933820217	-4.4509228123383311	0.99336677832173259	-3.0570875975327874	-8.4744265243596342	0.82193802681794415	-1.8332112728270318
992	9869	IP-Moj-0	36.76	-5.28	0.93462897526501765	call_rate_ge_0.90	5.7701592445373535	25.053625106811523	-4.9562422037770206	-0.12566005230878174	-5.0860085760392826	10.90987120591349	-6.0214732898993866	6.4750392260115621	3.4160167980481266	16.471535279700202	-2.3295615325326819	-2.0779396528800103
993	9870	IP-Moz-0	41.91	0.17	0.97968197879858654	call_rate_ge_0.90	6.480647087097168	24.006567001342773	-3.6148973158327569	-0.47088081234647322	-10.074215320839388	11.423247074344356	-7.1132426121014483	5.7262763760230309	-7.6815622137638915	-12.471705179483655	-2.0913248730296043	-2.4006160409174964
994	9871	IP-Nac-0	40.75	-3.99	0.97791519434628971	call_rate_ge_0.90	5.6930761337280273	25.082361221313477	-5.5528326160777892	2.0079761646344219	-6.4033086038057698	11.547697770500925	-7.3469036339789389	8.1752870254636445	2.1781918372016826	21.174090374400592	-1.9651648510563808	-0.83397813828819412
995	9873	IP-Ndc-0	37.94	-5.45	0.97349823321554774	call_rate_ge_0.90	4.6964073181152344	24.969573974609375	-4.0810413033299042	-6.4473807329551498	-2.5763719378407952	4.9984771750669497	0.083983870579913064	-0.25078232430135516	5.5042818367356183	2.3555032603030921	0.99768769442391114	-1.2040177368037928
996	9874	IP-Oja-0	42.34	-3	0.97791519434628971	call_rate_ge_0.90	6.4906291961669922	24.835039138793945	-1.2692827101182527	-5.2481899557026317	-4.4901563219275555	4.63865027479061	1.5998692201505933	-2.8820255570761226	-0.95738547307376232	-4.2596917357950872	-0.43800925879621455	-0.34884780033624785
997	9875	IP-Ovi-1	43.38	-5.87	0.96466431095406358	call_rate_ge_0.90	3.613659143447876	22.862062454223633	-1.9164342289932597	-4.1280530491202825	-4.0098700677981132	2.1123969925889114	5.0076290576236957	-1.7144803510419768	-2.6272198200456729	-1.2106449172592335	0.60336619707692762	0.90236285741141431
998	9876	IP-Pad-0	41.34	0.99	0.96996466431095407	call_rate_ge_0.90	6.4964194297790527	24.068746566772461	-3.3000065485286179	0.96461059323304343	-9.240605399925526	9.3127841891329979	-6.8536886158054857	2.0854079311216061	-5.4715061176165021	-10.033335099580022	-1.6619799653264424	-3.3286673841482597
999	9877	IP-Pdl-0	43.02	-5.6	0.94787985865724378	call_rate_ge_0.90	6.4013757705688477	25.372352600097656	-2.5701856355432251	-5.0019480232060838	-3.3358582543000592	1.8447998570704471	0.93321969301605356	0.13632366659966522	-0.080640523264316102	0.78461647461892781	0.27295635782860889	-0.24156909942516483
1000	9878	IP-Pee-0	40.78	-3.62	0.97968197879858654	call_rate_ge_0.90	6.8196134567260742	24.405143737792969	-3.9079290910176616	-4.0315211800782524	-10.491649201304472	10.250283334679864	-5.8940728041211745	2.1059810872903677	-6.0168235507044709	-4.9922002328848007	-2.8342338952209527	-3.4893554838020817
1001	9879	IP-Per-0	37.6	-1.12	0.98056537102473496	call_rate_ge_0.90	5.6403164863586426	24.98130989074707	-5.3013974478517607	0.94498499617935727	-5.5204605055436549	10.800614345388407	-7.2877729084312639	6.3921716946124185	3.8088379461524391	17.878284874011257	-2.4036827019418965	-2.1872360124493064
1002	9880	IP-Pib-1	42.72	-3.44	0.96554770318021199	call_rate_ge_0.90	6.1750354766845703	24.601873397827148	-2.2310738139983903	-1.1108462759728626	-3.7380637552845801	6.4759204022040819	-3.0366764440338838	1.0523124162588802	-0.3921374401477673	0.34298070161992822	-0.29669974513692832	-0.89790905039606206
1003	9881	IP-Pie-0	40.46	-5.32	0.96554770318021199	call_rate_ge_0.90	6.6243982315063477	25.560079574584961	-4.2189354189805446	-4.3795043233086126	-5.2766162690562286	4.6785957103023019	-0.72775115156800796	-0.19382661507656199	2.0218478618999103	5.8162009373664034	-2.7341472319552516	0.32727828846783469
1004	9882	IP-Pil-0	40.46	-4.26	0.95406360424028269	call_rate_ge_0.90	6.8645734786987305	24.761384963989258	-3.5613701954227377	-3.5937671593525593	-8.9028408498007785	11.068245758787389	-3.922125326811865	2.473059021395827	-3.5923316967354335	-2.4352152173203754	-2.8521401245284856	-2.0244255730525529
1005	9883	IP-Piq-0	42.1	-2.56	0.93992932862190814	call_rate_ge_0.90	6.6582150459289551	24.784049987792969	-1.5311558900575195	-3.3191359259560027	-5.225317431440029	3.741415810231711	0.63615520853083196	-0.33309876313460735	-2.4150619433599663	-3.789726822639861	-2.8805044657649543	0.36582910503436167
1006	9885	IP-Prd-0	41.14	-3.68	0.95671378091872794	call_rate_ge_0.90	6.940394401550293	24.889745712280273	-3.591009654299631	-3.5371014029094794	-4.9753733386953565	5.3821774451373381	-0.52053299791795182	0.03431379870313965	-3.3466605792274726	-2.3729021334944882	1.1855623508066351	-1.4424586179332877
1007	9886	IP-Pru-0	42.38	1.73	0.96201413427561833	call_rate_ge_0.90	6.3749971389770508	23.896856307983398	-3.3024005135906469	0.21643100743531588	-9.7800209288420454	9.9166256602465062	-7.8333225635779433	4.7128559020636853	-6.6854649914330277	-13.095433648066427	0.31195845883623319	-2.6887734215041679
1008	9887	IP-Pun-0	40.4	-4.77	0.97349823321554774	call_rate_ge_0.90	5.7371702194213867	25.025657653808594	-6.1155757267236206	2.3382821801654758	-6.3955633982293874	11.528713441818493	-7.6932408358036728	6.520582138861851	1.8858534683085719	21.448296969314512	-1.944054621490809	-1.5295799057938844
1009	9888	IP-Pva-1	40.93	-3.31	0.9487632508833922	call_rate_ge_0.90	6.6977362632751465	24.290214538574219	-4.0708788308603694	-4.1503485871379286	-7.977063093361731	10.206529893497059	-5.9575162499468926	3.2402964391571945	-3.221550038395478	-3.0766577850466241	-1.7976177054071614	-2.6946694698705755
1010	9890	IP-Rib-1	43.16	-5.07	0.95494699646643111	call_rate_ge_0.90	6.5045418739318848	25.244035720825195	-3.6144986599938873	-4.4655484337792979	-3.4999055332930467	4.7282954566186417	-0.7822819869841714	0.87946694320150876	1.9710305100727104	0.37629077389074439	0.17067075439936177	-0.75477080181601353
1011	9891	IP-Sal-0	41.93	2.92	0.98939929328621912	call_rate_ge_0.90	5.4662165641784668	23.881990432739258	-2.9049182244018037	-5.7907090837298538	-3.3826873406013998	4.5585375047463224	-1.3831956352371979	-2.3550159362283209	0.69258572827545439	-9.4477021044856038	-0.18368052802260557	-1.3966949365939474
1012	9892	IP-Sam-0	42.68	-6.96	0.93992932862190814	call_rate_ge_0.90	6.5685710906982422	25.532037734985352	-1.7363138365002555	-5.6564441232969003	-4.1687733959845126	5.1176031472284595	0.48184908625607847	2.3559936243446762	0.90228147510964563	3.3236991868031738	-1.0667900421660113	0.75220150098887673
1013	9894	IP-Sen-0	42.59	0.76	0.95494699646643111	call_rate_ge_0.90	2.7171280384063721	20.291278839111328	-2.5340401151932954	-0.29722733203425861	-3.9690429670812168	2.7223507818341943	-1.1137896696888876	2.0996362751792308	-1.4662076086545592	-1.0985648401105326	1.0100470866302746	0.37780808061160365
1015	9897	IP-Smt-1	40.95	-5.63	0.95848056537102477	call_rate_ge_0.90	6.1850171089172363	25.275722503662109	-1.8567996268562093	-2.9312485178458463	-4.7598645649337268	6.2583511037637916	-1.9380071511573518	1.0342604330714709	0.16459153255010417	4.1994334966159483	-1.9964321846951867	-1.7201997672182427
1016	9898	IP-Som-0	41.14	-3.58	0.98586572438162545	call_rate_ge_0.90	6.6709737777709961	24.593025207519531	-2.3192769585278663	-2.4383193298813337	-5.1541441203884188	5.6423522660492864	-3.0846051122227323	2.0071756226448367	-2.909635036708492	-2.8469858495005069	-0.48396036824797112	1.3250269542370028
1017	9899	IP-Tau-0	42.54	0.84	0.94434628975265023	call_rate_ge_0.90	6.4179201126098633	23.924222946166992	-3.959082655425878	2.0658467771350009	-10.89101136162434	9.3570648317855767	-7.1784301225559464	4.679640949400957	-7.5926551261400617	-11.416631288113184	-1.3828914419424572	-2.3938167001084198
1018	9900	IP-Tri-0	37.38	-6.01	0.97879858657243812	call_rate_ge_0.90	4.7508668899536133	25.027381896972656	-3.0324950202354208	-7.0293948487077405	-3.1436264946997139	5.1078575545948439	0.90587044007875528	0.1213274189452376	5.9435049017592103	1.4746522044314541	2.2367487415145084	-0.39023498567725357
1019	9901	IP-Urd-1	42.27	-2.98	0.98586572438162545	call_rate_ge_0.90	6.3494353294372559	24.412532806396484	-1.9925778815306556	-3.4861494453144406	-5.9690150708751197	3.1472306948748821	-0.40020925070946384	2.5020537367770963	-2.589265559324355	-3.7041394392575895	-2.0668991960429213	0.25451291654774805
1021	9903	IP-Val-0	42.31	-3.1	0.94169611307420498	call_rate_ge_0.90	6.6135172843933105	24.593633651733398	-1.8039902189553978	-5.6743511967194804	-4.341582149495756	4.7540315726328712	-0.86563037016419631	-1.6420435067788244	-1.88950655538902	-5.6536603704177129	-1.488412891222632	-0.058666303530055822
1022	9904	IP-Vas-0	40.95	-3.31	0.97438162544169615	call_rate_ge_0.90	6.6061258316040039	24.421327590942383	-2.4730777233742463	-3.8506284006015941	-6.703296927278223	8.7838221714704883	-4.4314585128200781	2.5327455379991783	-3.8420129299239676	-5.8370453412398629	-1.4839312670880449	-0.59728392492354931
1024	9906	IP-Mah-6	40	4.25	0.97791519434628971	call_rate_ge_0.90	5.1271710395812988	24.069156646728516	-2.2401939797206336	-4.2362856224822103	-4.3551596593651878	2.8514276444900135	-0.55846700126133786	-1.7919990556823175	0.54548180921144451	-5.5357722254213524	-0.11234789860947368	-0.72609662792004848
1025	9908	ESP-1-11	50.72	3.47	0.96113074204946991	call_rate_ge_0.90	4.3981475830078125	24.376914978027344	-2.0222837599185617	-6.0136417428034186	-0.93870347331128978	0.85384513237773074	1.3085222030100778	-2.8724135891636848	2.6228525755062635	-3.0943371429719724	3.1739709028851193	1.0654791042623899
1027	9910	BRI-2	50.68	3.52	0.94611307420494695	call_rate_ge_0.90	3.9846384525299072	22.657138824462891	-0.77137829085727005	-3.5600601541199688	-4.6780813808762156	-1.3609503693116198	6.8131207319048626	-1.9922593645691293	-1.1745035057438742	0.39922566874891058	-1.1673628430751415	0.8839650100339187
1028	9911	ARGE-1-15	47.16	4.28	0.98939929328621912	call_rate_ge_0.90	4.4140820503234863	24.406032562255859	-2.3836259892868266	-6.1205408509224366	-1.1312845050405802	1.3986619875801716	0.78409244532417988	-3.2088110757212029	2.5440780553370015	-3.1038147281445667	3.587165718758679	1.1228163590066882
1029	9912	CIRY-13	46.67	4.55	0.90017667844522964	call_rate_ge_0.90	3.9463694095611572	22.800252914428711	0.44930998539610023	-6.315818507095825	-2.4106689261127259	-0.78467882734777772	6.5034844233084943	-3.5736239485314263	-2.0858577226482353	0.12258541803335773	-2.0003880790061226	0.30039469288896131
1031	9915	Mar-4-16	47.45	3.94	0.97261484098939932	call_rate_ge_0.90	-0.2952626645565033	22.498476028442383	-3.3765975424347792	-2.0291754215110722	6.9768778738262522	-4.8945791973651858	-4.8504206432238481	-1.5328648906345481	1.1565445180863989	1.143323941778905	-2.3346099224283452	-5.1637079670371948
1032	9917	RAD-21	46.69	4.34	0.98233215547703179	call_rate_ge_0.90	3.8450329303741455	23.510282516479492	0.46751490285773895	-5.6498934810045851	-2.119714461586613	0.14970468614870575	3.8080577198674868	-3.0736166783945937	0.96301103151003253	-1.3384267102023804	-2.2994479277420625	-0.22029222340629526
1033	9918	SAUL-24	47.43	5.21	0.95494699646643111	call_rate_ge_0.90	4.1076898574829102	23.748085021972656	-2.0648194001487856	-6.218495132599303	-0.57038455653373588	0.069677986293672903	0.88898190636502794	-1.9207046936025847	0.4921514607270534	-2.6894330971255878	-2.0289769566063853	-1.9958477621642201
1034	9920	DIR-9	48.54	4.32	0.96466431095406358	call_rate_ge_0.90	4.4813413619995117	21.648019790649414	11.718182655492267	-3.5958339951419851	-1.6380617300935085	0.019119593956364825	3.8182267546423194	-2.4090235770323334	-1.9847452280140392	-0.70848496001014194	0.86097122894293543	0.29115473759924215
1035	9921	FOR-23	48.57	4.41	0.96554770318021199	call_rate_ge_0.90	4.1712584495544434	22.474830627441406	-0.40009322846526735	-4.2430085722248609	-3.7416232665488818	0.67839536333271389	8.1618917173676877	-3.8052900045247333	-4.4259939437931441	2.4959420613953966	-0.46582161168822184	3.4556809402438948
1036	9924	PLY-20	48.59	4.24	0.97349823321554774	call_rate_ge_0.90	2.4310996532440186	21.126819610595703	-1.0617391373501215	-0.36101135776402637	-0.75169492394402082	-3.1309327372887803	2.0853089251947745	-0.075288155483262745	-0.42458900785659109	-0.53575625552279571	-3.2017875742635051	3.8965260069551073
1037	9925	RUM-20	48.91	4.52	0.94434628975265023	call_rate_ge_0.90	3.8630771636962891	22.693717956542969	-1.7208032034388534	-3.419966016656947	-1.2150752750945211	0.82617983919452687	6.7468883519121556	-2.7116008007520964	-1.3441448691924696	-0.48645877078817479	-0.15515959798626838	1.7475822158009782
1039	9927	ARR-17	44.05	3.69	0.95053003533568903	call_rate_ge_0.90	4.0534539222717285	23.129373550415039	0.070227931473320168	-3.3714611579013565	-3.1641889384929649	-0.0056824930565552755	3.697889658253076	-2.5449219406142949	0.39996281413480306	-0.24854181285982824	0.14112748287445476	-1.0775533402441284
1040	9928	BEZ-9	44.12	3.77	0.9151943462897526	call_rate_ge_0.90	3.7255666255950928	23.209381103515625	-1.5704515962363916	-4.4840464034947987	-1.7944859027347617	-1.7225218739975297	1.9394005198743434	-2.2459065203815172	0.040234254959776498	-0.87060205783102862	-3.223748754812167	-1.0252315762108559
1041	9929	ISS-20	43.92	3.71	0.98056537102473496	call_rate_ge_0.90	4.101172924041748	23.21101188659668	-0.57500244466600492	-6.5415623860628678	-2.8720480545179252	0.55114496548244629	4.6411601528206115	-4.435735054252576	-2.0409284559961858	-2.1576945592615289	-1.0505202325989915	0.31114334752418055
1042	9930	LEC-25	43.91	4.14	0.91961130742049468	call_rate_ge_0.90	-0.35046935081481934	22.344480514526367	-4.0886846019910381	-2.6390902241428376	6.5979432734044368	-6.0157649484605074	-2.8613781257717865	-1.7877238335491801	1.2701676759446983	-1.0045499978609242	-1.9915859587408979	-3.4492415645156482
1043	9932	NOZ-6	44.12	4.33	0.90724381625441697	call_rate_ge_0.90	4.324213981628418	21.743085861206055	11.128943152473166	-2.7142253729186718	-1.2995469257398709	0.34564485284519114	4.7315040324987088	-1.7920118954762514	-1.4160977877329428	1.5107117607965026	0.52300668616343293	-0.55543688539363278
1044	9933	VED-10	43.74	3.89	0.98763250883392228	call_rate_ge_0.90	3.9049184322357178	30.258943557739258	-4.7092282111402932	3.2586185009309796	8.8234965786874255	2.6439996850967882	1.9167128797207447	1.7927416968674093	-1.5055649412146657	-1.6041492599252138	-2.6448169704762541	0.15397952688709438
1045	9935	BAU-15	50.6	2.93	0.96554770318021199	call_rate_ge_0.90	4.3651852607727051	23.963245391845703	-0.19705748454800856	-4.7794273344509328	-0.61775108595439276	-0.19601088750990237	1.4561628086733664	-0.90310531099225466	1.5676918010525425	-1.9930106874240712	1.254463462215303	0.45344556947507902
1046	9937	CATS-6	50.79	2.69	0.98939929328621912	call_rate_ge_0.90	4.3951926231384277	22.332061767578125	0.26872422472626134	-7.659040143339201	-6.7248349384978301	0.72764988382940088	14.576907432895782	-5.5341589637513371	-10.51431906733055	6.4797355692991658	-1.7343110978814618	3.1589579524589935
1047	9938	WAV-8	50.65	2.99	0.95583038869257952	call_rate_ge_0.90	4.4032964706420898	22.43988037109375	0.093890077327061353	-3.3775264459047674	-4.6571541818346978	0.23155959116595434	8.9069443495437977	-2.3285211232061389	-5.3101973669603089	1.393190042972581	-0.91911506128410703	-0.58621699855464171
1051	9943	Cdm-0	39.73	-5.74	0.9372791519434629	call_rate_ge_0.90	4.6151132583618164	24.951147079467773	-3.1329097200152516	-6.9371311738666561	-3.5778328333818257	5.5095383168808532	0.14064860455334921	-0.79993019877557581	5.9551906959345269	-0.019889824204106957	1.551324847547265	-2.1067550622541575
1056	9948	Pra-6	41.05	-3.54	0.91077738515901063	call_rate_ge_0.90	6.4833741188049316	24.462667465209961	-3.1178008733941085	-2.6330494740344057	-5.8263100841221052	6.2888226334820532	-3.4161217018496823	0.44539859706372809	-2.6302075363407464	-2.4791766244368199	-2.1882451603649038	-1.2806380709992478
1058	9950	Vie-0	42.63	0.76	0.90017667844522964	call_rate_ge_0.90	6.5233535766601562	23.897821426391602	-2.916205925091274	-0.15186801178800277	-8.5563545982279283	8.4404566051686736	-5.6659957428308187	2.7725724796910312	-6.3514705714248318	-10.31262979403404	-1.2700912748711564	-1.2502666528277764
1061	9953	Koz-2	51.33	82.19	0.93374558303886923	call_rate_ge_0.90	4.1031866073608398	30.735982894897461	-5.3340356147714862	9.9833317944693523	17.478560360655997	9.7871472123451735	7.3357665058325452	3.9931475594521717	-0.38693570739681066	-0.99200382870243464	-1.0436559497749491	0.72222002710887023
1063	9956	Stepn-1	54.06	60.48	0.90812720848056538	call_rate_ge_0.90	3.7664628028869629	30.471012115478516	-5.6577376963355315	6.5631420895811035	10.480948953386232	7.1257890425285426	2.0690297221256904	2.1082444508819722	-0.36259538587431461	0.95892421798158811	1.0550628435809677	1.2352425394689603
1065	9958	Shigu-1	53.33	49.48	0.94434628975265023	call_rate_ge_0.90	3.9872138500213623	30.534358978271484	-5.2068607314138715	7.6593559593635412	13.022371759064209	7.5474435532512336	4.9224999788855799	3.6528793252106939	-1.3298143114122118	0.28461004734559642	-0.42053502612764626	0.5312994451111771
1071	9965	Mammo-2	38.38	16.22	0.92756183745583043	call_rate_ge_0.90	4.4344296455383301	25.090879440307617	-2.4474072648839393	-5.3786719343322735	-0.30894321289247512	0.80616277807973202	2.9184420283744767	0.80626827028528525	6.6614092436436438	-2.2023703860400636	3.3936801693668333	0.65989037174667842
1076	9971	Bozen-1.1	46.513	11.331	0.93286219081272082	call_rate_ge_0.90	0.3258424699306488	21.62840461730957	-2.8664161536204142	-1.4367578139150998	3.7848684611384411	0.13419872623428508	-3.1325164101897189	-3.3839821476639025	-3.4182182889578336	2.6244788079681549	4.7196640466282656	-1.9813905843887285
1080	9975	Castelfed-4-213	46.3378	11.2928	0.91872791519434627	call_rate_ge_0.90	0.33844929933547974	21.779638290405273	-4.4161734443195808	1.2161344343901648	4.5341741005082659	-2.3968065334437361	-3.7744987917402577	-2.8750241225644566	-5.7961546117616329	1.6629805078249718	9.0854597160714174	-1.2620625170378319
1083	9979	Voeran-1	46.36	11.23	0.91961130742049468	call_rate_ge_0.90	0.19941098988056183	21.492330551147461	-3.3039338344288374	-0.99360964495692483	5.7159850633929237	-2.5264059316633523	-4.8491946023867305	-1.1025503508957122	-2.836457850717824	2.0520988065435342	5.3770586323278629	-1.4093978996572194
1086	9982	Apost-1	39.01	16.47	0.92402826855123676	call_rate_ge_0.90	4.4131608009338379	24.666444778442383	-2.0377939285900899	-4.8459904145500881	1.73503110433025	0.25070490801961265	1.4256481968682522	-1.0262958134993021	5.190705801529873	-0.91580177626431902	1.2567599480479192	-0.048341176114449352
1094	9991	Vash-1	41.2381	46.3728	0.90724381625441697	call_rate_ge_0.90	4.0182223320007324	25.309879302978516	-3.6614797417240634	-3.3314418471204252	-0.39402111188147326	2.5041307593908315	1.4588790071510853	-2.9065445157412357	10.622409135278538	-1.5821457460035866	5.0587684628755705	2.4302262849159302
1098	9997	Rue3-1-31	48.56	9.16	0.91784452296819785	call_rate_ge_0.90	1.7292559146881104	23.587535858154297	-0.73394321406633223	-4.7106986601799719	1.7883583660089726	-4.2694895973883096	-1.112396421435806	-2.8245971393347955	0.49535358869385115	-0.80299330764644206	-2.309340011192456	-4.2822383125327939
1100	9999	TueSB30-3	48.53	9.06	0.90459363957597172	call_rate_ge_0.90	1.4905577898025513	23.610960006713867	-2.0728230188098635	-5.1842491369703456	3.8479464345475947	-3.7101703427569239	-1.1796226283797098	-2.720931339948919	1.3655440549428004	0.43119560313676641	-3.5422861668495145	-3.6870544451722749
1102	10002	TueWa1-2	48.53	9.04	0.92137809187279152	call_rate_ge_0.90	4.1279902458190918	22.47181510925293	-0.27586137186455079	-6.1006629232517255	-3.7001747995876957	0.19599092188580247	7.4666594676621205	-3.0863892384440459	-3.1596053426303574	3.0913990574041028	0.073540494013287841	0.66501566834331127
1108	10010	Sij-4	41.45	70.05	0.93551236749116606	call_rate_ge_0.90	4.1102275848388672	30.628923416137695	-5.0234618241058993	7.1590802170202403	15.716604189421604	8.6314782106843424	6.2695765099030112	3.2256736122708136	-1.7647753088982452	-1.8730230386814117	-0.20366932194964585	0.48429816172362755
1115	10018	Dobra-1	44.84	20.16	0.90282685512367489	call_rate_ge_0.90	0.041707076132297516	21.97857666015625	-2.5686995897195564	-2.4828904142264467	5.027682644858479	-2.5211433740176408	-3.1893440899773138	-0.86299073233785417	0.4892220565346761	1.3203978842001833	-0.24691138662138451	-0.73296974406460957
1116	10020	Jl-2	49.17	16.5	0.95053003533568903	call_rate_ge_0.90	-0.3389776349067688	22.305788040161133	-4.4589376598230945	-1.8336638422433704	6.8852644381683552	-4.8097602065893037	-6.1401791196534878	-2.8703019064094613	-0.049676662655942033	0.97568611918987203	-0.52362536508233715	-3.6365381960808145
1118	10023	Strand-1	68.8	15.45	0.98233215547703179	call_rate_ge_0.90	2.5452840328216553	20.085611343383789	-3.3619042209398247	3.2017187805684517	-3.6083951880279206	-1.6241631504847083	-2.9040982878207728	0.32470789295864444	-0.48177426073945628	-0.23626554599974262	0.23253763222817778	1.9296310644212114
1119	10027	Uk-6	48.02838	7.765567	0.95936395759717319	call_rate_ge_0.90	2.3016951084136963	23.034645080566406	-0.51847511122260737	-4.4987881858923098	0.92216145699705687	-3.878513912974193	-1.3562944541011088	-2.3490099765587074	1.2807195199614125	-1.7533493172522925	-4.4639943021689596	-3.593238834998528
1120	14312	Kos-1	62.02	34.12	0.99293286219081267	call_rate_ge_0.90	3.7440977096557617	30.084310531616211	-5.5969806008802223	7.7480512348464137	8.1838683366909866	7.5429222497708022	3.3777342088141951	1.3596363203907949	0.15580506544339609	-0.017139559900331985	0.65188254836444182	1.1888279206458972
1121	14313	Kos-2	62.02	34.12	0.99028268551236753	call_rate_ge_0.90	3.8084471225738525	30.178670883178711	-5.5315530745967898	7.5160627846331858	8.0306688576343443	6.8458089446352686	4.0685502401140692	2.3765786475735964	0.25934879819044027	-0.042947885716525649	-0.58910553489611173	2.3569256828062657
1122	14314	Radk-1	61.59	35.11	0.99116607773851595	call_rate_ge_0.90	3.8514862060546875	30.157321929931641	-5.2420231988920305	6.7889873998926769	8.8241302259983527	7.3018825023203879	2.8504109892830995	3.6449808986202883	0.40990759090321099	-0.055509443955069938	0.7144426130774828	0.88257825799009115
1123	14315	Radk-2	61.59	35.11	0.99558303886925792	call_rate_ge_0.90	3.7648146152496338	30.168806076049805	-5.8390890835889273	6.2957540239854568	8.5998816182305262	7.5306665984522025	4.3129101278640425	2.8717766522362984	1.879447625635315	-1.055568677202803	1.5517822359859321	0.8167807474053167
1124	14318	Shu-1	61.94	34.24	0.99558303886925792	call_rate_ge_0.90	3.6370751857757568	30.327978134155273	-4.7045565006586063	4.9240244974910476	10.579823147017999	4.8869589974371666	3.4838204163405937	1.714511237479436	-0.54491515556165226	-0.70764393265807723	-1.102989506693113	1.0874724668631741
1125	14319	Shu-2	61.94	34.24	0.99558303886925792	call_rate_ge_0.90	3.6957671642303467	30.106698989868164	-7.1639121591959158	9.2423433253000304	6.5543403162854412	4.2534750504412724	2.8215544243750119	2.4097600799019134	-0.16429471495691111	-0.11645912471298343	-1.2121836683398468	0.87327104887961082
1126	15560	Valm	61.37	30.96	0.99028268551236753	call_rate_ge_0.90	3.638427734375	30.263116836547852	-7.8059304830391456	9.8943216901544062	9.4061879853704067	9.2379262821223733	3.4731212241933522	3.2098791832891926	0.48307316525991656	-0.85695684240927938	-0.25484704817067955	-0.14430641509243697
1127	15591	OOE1-1	48.3315333	14.72665	0.98233215547703179	call_rate_ge_0.90	-0.15952640771865845	22.738975524902344	-4.254754105750977	-5.7633320449919498	4.889772468968733	-4.7263196931412583	-3.645025602826403	-1.699830154013136	2.3347958739409966	1.2698993680115518	-3.4462066340943798	-5.8225345233830028
1128	15592	OOE3-1	48.3314667	14.7158667	0.93816254416961131	call_rate_ge_0.90	-0.42530688643455505	22.568092346191406	-3.7561832655021172	-2.7206042045145598	5.5857687188047302	-4.5237862062429439	-3.4412494391516857	-1.7557074219450663	1.4129600904742572	0.60594621858625619	-1.7958332118589109	-4.7283536346223096
1129	15593	OOE3-2	48.3314667	14.7158667	0.99646643109540634	call_rate_ge_0.90	-0.30112311244010925	22.586162567138672	-3.9295174620136493	-2.1419148624783717	7.9089093361601774	-3.2858116124796202	-4.5783121192529572	-2.6974963205363869	2.9052723487085861	1.6024195447966263	-2.0113208267088658	-6.179410498949113
1130	18694	Pien	60.4	32.09	0.9946996466431095	call_rate_ge_0.90	3.7064812183380127	30.29963493347168	-7.1878863997391802	9.3744591045268404	9.3856838516984666	9.8241089144779661	2.7960974599768154	3.7431918120002061	0.87526134109979292	0.1750417917983953	-0.70163435418672782	1.5353458356143777
1131	18696	Samm	61.57	30.63	0.99734982332155475	call_rate_ge_0.90	3.6474072933197021	30.27623176574707	-7.1781031097647636	9.3872775324040028	13.867617590741711	8.2946511431837973	4.7541975275502466	4.189056168496097	-0.69997011299049805	-1.5343975385440534	-0.65499780905530169	0.20121511034119258
1132	19949	OOE2-1	48.3268333	14.7181667	0.99911660777385158	call_rate_ge_0.90	-0.27545619010925293	22.720087051391602	-3.0544177801767134	-2.9864945063878561	4.920796020698079	-4.0746962539983889	-3.5372356851103524	-1.0153929626378122	3.3650401952786151	0.22020972519253834	-3.4679973041661705	-8.2794417329601213
1133	19950	OOE2-2	48.3268333	14.7181667	0.99734982332155475	call_rate_ge_0.90	-0.28312623500823975	22.748653411865234	-3.0617317048852981	-2.9771681595309452	4.9140056905990122	-4.0646817500883126	-3.5361283748291066	-1.0247521544936131	3.3546945832194264	0.21989023025044885	-3.4568010281826536	-8.2981868845826625
1134	19951	OOE23	48.3268333	14.7181667	0.99823321554770317	call_rate_ge_0.90	-0.19925999641418457	22.77277946472168	-3.0271833309282767	-2.9538869338419969	4.9557973653482392	-4.1007786919932014	-3.5218721281273186	-1.004908570133433	3.3763094608624034	0.23691096419701901	-3.4488050289745273	-8.2783751139614381
