sample_index	sample_id	name	latitude	longitude	call_rate	analysis_set	umap_1	umap_2	pc_1	pc_2	pc_3	pc_4	pc_5	pc_6	pc_7	pc_8	pc_9	pc_10
0	88	CYR	47.4	0.683333	0.82243816254416957	call_rate_ge_0.80	33.733585357666016	-23.020753860473633	1.0325672037916445	-3.0162184531130345	-1.2991000473365171	-0.46588263448001493	2.7670041410239414	-0.24814495536419018	1.4390251372563267	-0.81278701874806181	-0.60550865177928925	0.74387560263583541
1	108	LDV-18	48.5167	-4.06667	0.92491166077738518	call_rate_ge_0.80	33.760066986083984	-22.876714706420898	-0.93381611401956544	-2.9708813910036529	-1.8016825046840383	1.2098447096891425	4.1040372303872363	-1.9971264140889544	-1.5668319107825635	-1.2732759926254043	-0.19593204512651233	0.41268108711450707
2	139	LDV-46	48.5167	-4.06667	0.86925795053003529	call_rate_ge_0.80	33.824680328369141	-22.927392959594727	-0.83141043634415801	-2.944720010266173	-1.5065504960324714	1.0942934640474096	4.0349278314168826	-1.9513900086766205	-1.3696169236490279	-1.1772275381158266	-0.58258354361512543	0.38075459986513244
3	159	MAR2-3	47.35	3.93333	0.90724381625441697	call_rate_ge_0.80	33.906341552734375	-22.961400985717773	-1.6619752437158535	-4.4740316020364626	-0.23450804871188125	-0.9664072944993416	2.6641088670795003	-0.12093911494856888	0.45959825002526511	0.19838524880979333	-0.788363587300561	0.57485682231071189
4	265	PYL-6	44.65	-1.16667	0.90547703180212014	call_rate_ge_0.80	36.541839599609375	-24.367271423339844	-1.0126861118010879	4.0249020011446062	-6.421697385021683	-1.183272544555722	0.36448018910302238	1.4208204561289863	-2.003158669258934	-0.88266970772062237	0.40958626267114162	2.9188387810904852
5	350	TOU-A1-88	46.6667	4.11667	0.90194346289752647	call_rate_ge_0.80	34.111434936523438	-22.989356994628906	-0.79335683150573377	-5.4348696512769124	-0.53481379736970325	-0.63043366413445279	1.5379240256854152	-1.8763276627060148	2.1560056649829216	-3.369593508825194	-2.0329728571317891	1.0540710031933929
6	351	TOU-A1-89	46.6667	4.11667	0.91961130742049468	call_rate_ge_0.80	34.108535766601562	-22.620325088500977	-0.27021032328351302	-6.5428165939150809	-0.17004158904028674	-0.14891542477282199	2.3689574826548916	-3.1859100394417554	0.46830952960409439	-2.48576466204976	-0.68588704748914575	-0.99241604459715416
7	403	Zdarec3	49.3667	16.2667	0.91696113074204944	call_rate_ge_0.80	38.012649536132812	-20.526693344116211	-3.6291015369812607	-1.5307266220657605	6.7984059627157229	-4.0320418062743508	-3.4660326480691772	-1.3450766763916164	1.6143201492283712	1.7051495217473833	-4.6709509929797814	-2.5907639465881096
8	410	Doubravnik7	49.4211	16.3497	0.85865724381625441	call_rate_ge_0.80	37.865928649902344	-20.751293182373047	-2.8698591985266702	-2.8779747866120555	5.5706221505753204	-4.5963768319431306	-3.4257883791957187	-2.1483265166298078	0.73052531670121046	-0.47351341725357599	-2.9855372373756115	-2.280797535198011
9	424	Draha2	49.4112	16.2815	0.89045936395759717	call_rate_ge_0.80	37.986434936523438	-20.549531936645508	-3.3452816960751179	-3.8913779050247799	5.7292720855745891	-4.7234838980444209	-5.6341130845249232	-2.8957191081626696	0.91698194720871673	1.887336247012424	-3.5365362419539306	-2.9969827510858704
10	428	Borky1	49.403	16.232	0.84717314487632511	call_rate_ge_0.80	37.858497619628906	-20.812973022460938	-3.454774211700065	-1.6852129200793748	6.5735593728140032	-4.7032258213383296	-3.5131046088255733	-2.4119392713453731	-0.63918422358120863	1.9157694093704962	-2.8222356110664877	-1.5895337684839683
11	430	Gr-1	47	15.5	0.97968197879858654	call_rate_ge_0.80	37.710887908935547	-20.532358169555664	-3.6637703659584564	-3.6525428797834412	6.922562601055553	-6.3420555021300125	-4.2028514011110474	-1.5296270328739847	-0.4898931137170196	0.25258271399718213	-3.873877833303732	-2.1791467624350052
12	470	BRR4	40.8313	-87.735	0.9946996466431095	call_rate_ge_0.80	32.508129119873047	-21.056690216064453	31.96807773017413	2.4785111566999039	1.1984888158350646	0.15168243931112826	-1.1948588789694727	0.72817189285230843	0.1708483347098953	-0.23736948482167919	0.38773332144128125	-0.19343268415623849
13	476	BRR12	40.8313	-87.735	0.99646643109540634	call_rate_ge_0.80	32.494808197021484	-21.02171516418457	31.928262654791741	2.5236240278701079	1.1622078806334113	0.16724136497190387	-1.1963152177159346	0.67986962689844366	0.21808159590874007	-0.18290759824565875	0.42582873899618456	-0.19112004446837486
14	484	BRR23	40.8313	-87.735	0.99558303886925792	call_rate_ge_0.80	32.573554992675781	-21.08892822265625	31.726846476762425	2.444595832877436	1.1675105484971056	0.043146418190837546	-1.2104682798758122	0.60450422380616198	0.18560015873577509	-0.36218018438828109	0.46369631134778644	-0.1374695987630587
15	504	BRR57	40.8313	-87.735	0.99028268551236753	call_rate_ge_0.80	32.675418853759766	-21.212146759033203	31.468138106307126	2.433228996886752	1.0989962135497655	0.070069558837006357	-1.2546188962505214	0.59739363763266107	0.2301967984355093	-0.31714485745264936	0.47887276530567568	-0.10145864599591577
16	506	BRR60	40.8313	-87.735	0.99823321554770317	call_rate_ge_0.80	-17.013769149780273	12.683244705200195	32.162529719203782	2.4620514397800379	1.0588993075533986	0.26210332142123755	-1.3197598602816243	0.80488395165350102	0.36516265837327461	0.024951082946323592	0.47497532177980378	-0.22343244787961261
17	531	BRR107	40.8313	-87.735	0.90812720848056538	call_rate_ge_0.80	32.744029998779297	-21.289823532104492	25.012789351935695	1.2988894113693981	0.51534257760806546	-0.086324389008845676	-0.54059975696081786	0.43999499848045059	0.41106383551922104	-0.41358460171245148	0.26828797169053764	0.059352828876020176
18	544	LI-WP-039	40.9076	-73.2089	1	call_rate_ge_0.80	-16.876821517944336	12.383068084716797	32.402001430862811	2.4931222328005118	1.0721727349985313	0.25249265844070112	-1.3535866232066522	0.82860300216154303	0.35702368577154348	0.038720200844285305	0.47683061257625825	-0.21471498743723103
19	546	LI-WP-041	40.9076	-73.2089	0.99911660777385158	call_rate_ge_0.80	-16.978794097900391	12.792220115661621	32.189772487495745	2.4556861177286939	1.03286624206986	0.22749227170547098	-1.3375572891445451	0.80468485828186886	0.36006879240088691	0.036995421067501255	0.46947302211983744	-0.21358608325814232
20	628	LI-OF-061	40.7777	-72.9069	0.9885159010600707	call_rate_ge_0.80	33.013118743896484	-22.828960418701172	1.3142445351994887	-3.8058265777847344	-4.4838385343096769	1.0263784658117037	7.7406638701071238	-1.5219037452454807	-2.7162980962442718	2.1051074876312419	0.047872696838122515	-1.2607553110167413
21	630	LI-OF-065	40.7777	-72.9069	0.9257950530035336	call_rate_ge_0.80	33.442127227783203	-22.766119003295898	1.7791310339265045	-3.4135930199896038	-2.270839937430996	1.3303119437142215	5.4971219197709225	-1.3204656035815858	-0.54181038204663901	0.82362123000990917	-1.6012075420646963	1.6025103024256349
22	680	LI-RR-096	40.9447	-72.8615	1	call_rate_ge_0.80	-16.884353637695312	12.393330574035645	32.402001430862811	2.4931222328005118	1.0721727349985313	0.25249265844070112	-1.3535866232066522	0.82860300216154303	0.35702368577154342	0.038720200844285298	0.47683061257625847	-0.21471498743723105
23	681	LI-RR-097	40.9447	-72.8615	1	call_rate_ge_0.80	-17.027341842651367	12.401732444763184	32.402001430862811	2.4931222328005118	1.0721727349985313	0.25249265844070112	-1.3535866232066522	0.82860300216154303	0.35702368577154342	0.038720200844285298	0.47683061257625847	-0.21471498743723105
24	685	LI-EF-011	40.9064	-73.1493	1	call_rate_ge_0.80	-16.895803451538086	12.291855812072754	32.402001430862811	2.4931222328005118	1.0721727349985313	0.25249265844070112	-1.3535866232066522	0.82860300216154303	0.35702368577154342	0.038720200844285305	0.47683061257625847	-0.21471498743723111
25	687	LI-EF-018	40.9064	-73.1493	0.99734982332155475	call_rate_ge_0.80	-17.084260940551758	12.919586181640625	32.087090894818601	2.4551894626552975	0.97871796736616246	0.2015918233794379	-1.2973652498930814	0.80519240014877003	0.24696719736219483	0.02866978416511469	0.446663688961628	-0.20040627402252603
26	728	LI-SET-019	40.9352	-73.114	0.99911660777385158	call_rate_ge_0.80	-16.911081314086914	12.267928123474121	32.398882718839566	2.492249861771886	1.0852118887985054	0.25012155551173459	-1.3566381790637541	0.82802381928233504	0.3537570939332762	0.03562420873463517	0.46802591399323729	-0.22379991318481166
27	742	LI-SET-036	40.9352	-73.114	0.99734982332155475	call_rate_ge_0.80	32.454345703125	-21.007577896118164	31.994865360348083	2.4873830543381046	1.1682580026387346	0.13134057868525043	-1.2244228343069297	0.70717352127680677	0.2029779699682791	-0.21118987758985192	0.42624797238854911	-0.23226803810290866
28	763	Kar-1	42.3	74.3667	0.9885159010600707	call_rate_ge_0.80	35.058040618896484	-14.354001998901367	-4.9134880806514314	8.1155229734773098	13.151715790039733	9.1389923846254515	4.0236369302867177	2.8593096999715173	-1.1663372533193126	-2.1422231977665516	-0.2858042861654353	1.0217993044453983
29	765	Sus-1	42.19	73.41	0.9319787985865724	call_rate_ge_0.80	35.086746215820312	-14.449728012084961	-4.898109946809635	7.197955462377581	12.594806865838608	8.2836915857781968	4.5994267311041312	3.281886878499229	-2.1418133714105672	-1.3646419902652989	-1.3748752681734053	0.4155646710564424
30	766	Dja-1	42.5833	73.6333	0.95848056537102477	call_rate_ge_0.80	35.061058044433594	-14.299578666687012	-6.8665162916245821	9.6467877968249205	15.620520024584645	10.04792343818859	6.4736791878095818	6.0350981662854037	-1.1272122262333377	-1.1857482063213844	-2.3097738637765057	0.53307526483831746
31	768	Zal-1	42.8	76.35	0.95759717314487636	call_rate_ge_0.80	35.031669616699219	-14.339186668395996	-5.8975765120205637	8.9475918340805567	14.696352945409281	9.2666380701997557	6.3558728632031753	2.6708668142865095	-0.39842663459362709	-1.1262670404591884	-1.1586404320629551	-0.85605103260412196
32	772	Neo-6	37.35	72.4667	0.9832155477031802	call_rate_ge_0.80	35.007724761962891	-14.30509090423584	-6.1846438563469919	10.127643008013619	16.145521508216767	11.249838092052647	6.4931589463094141	4.097261859565684	-2.1960181156263245	-1.0083523903041964	-2.5039958524035164	-0.6130137320554474
33	801	KYC-33	37.9169	-84.4639	0.98144876325088337	call_rate_ge_0.80	34.454097747802734	-22.716056823730469	0.79627491890998892	-3.8670965520958394	-1.1520957223111228	-0.21723671972797395	3.6252123652244448	-0.36462502282679293	-0.022660393973537536	-1.0000394107907271	-0.27479436621399156	1.6964113774875853
34	853	MIA-1	41.7976	-86.6691	1	call_rate_ge_0.80	-16.981552124023438	12.276229858398438	32.402001430862811	2.4931222328005118	1.0721727349985313	0.25249265844070112	-1.3535866232066522	0.82860300216154303	0.35702368577154342	0.038720200844285298	0.47683061257625847	-0.21471498743723105
35	854	MIA-5	41.7976	-86.6691	0.99911660777385158	call_rate_ge_0.80	-17.004592895507812	12.539498329162598	32.313964896251939	2.5379035401149368	1.0944797317701422	0.24205976313293751	-1.3751600023817609	0.83750950435681726	0.38297138502125966	0.0057829060047784363	0.52227711832863655	-0.21922604794255526
36	867	MIC-20	41.8266	-86.4366	0.99823321554770317	call_rate_ge_0.80	-17.007562637329102	13.198884010314941	32.028637883399078	2.5126483901224312	1.1440920615485226	0.14915508569735719	-1.3939149806994724	0.79796327327196193	0.39203128437086088	-0.16559207663459527	0.49771069793858047	-0.18077931981172554
37	868	MIC-24	41.8266	-86.4366	1	call_rate_ge_0.80	-16.960155487060547	12.315041542053223	32.402001430862811	2.4931222328005118	1.0721727349985313	0.25249265844070112	-1.3535866232066522	0.82860300216154303	0.35702368577154342	0.038720200844285298	0.47683061257625847	-0.21471498743723105
38	870	MIC-31	41.8266	-86.4366	0.99734982332155475	call_rate_ge_0.80	32.889514923095703	-21.442785263061523	22.308019320979401	-0.042592384389165253	-0.29674692646594403	-1.0455461901104652	2.0914053307396583	0.0081514546877130972	0.25402234473307678	0.58066835919040038	0.47527409291585626	-1.2300184596606336
39	915	LIN S-5	41.8972	-71.4378	0.96643109540636041	call_rate_ge_0.80	35.3731689453125	-21.80640983581543	-1.6445928278021753	-4.500474053278106	3.0720131646028355	-2.7649693391809538	0.29168083586142035	-2.5769472269909204	1.90968628079297	-0.028259000118219173	-3.2572157489295677	-0.29898234441863741
40	932	CHA-41	42.3634	-71.1445	0.97879858657243812	call_rate_ge_0.80	33.036689758300781	-22.453723907470703	9.2270088971272131	-1.7804978560197546	-2.7857349782041014	0.49904683355809193	7.8049861526308728	-1.8017784110891202	-3.3117502813378037	1.3602361677900945	0.20661124088576205	2.1060273281774227
41	991	Ale-Stenar-41-1	55.3822641	14.0526813	0.97438162544169615	call_rate_ge_0.80	37.316207885742188	-23.439363479614258	-2.5500954144888706	-1.1025557462897941	-0.3918775656299226	-7.5083551295273292	-1.1213268537577838	4.0498329986148001	-1.0885817382831642	-0.56264152248823873	-2.0872193517359618	4.0497233711314946
42	992	Ale-Stenar-44-4	55.3822641	14.0526813	0.92491166077738518	call_rate_ge_0.80	37.312461853027344	-23.507209777832031	-2.7237656059425586	-0.76367626386540055	0.058705403076856663	-8.4290681475694917	-1.3357671680640943	3.9082321628081753	-1.2390936610546117	-1.2864771516223086	-2.5238693422118899	2.98250095787873
43	997	Ale-Stenar-56-14	55.3822641	14.0526813	0.97791519434628971	call_rate_ge_0.80	37.303272247314453	-23.453845977783203	-3.0255248797417256	1.1748667715531154	-1.3084387873103798	-7.1344414892618611	-0.68066382260249669	2.0272744721085765	-1.277318065929679	-0.2490716427584786	-0.10089008645585698	6.0681575059784949
44	1002	Ale-Stenar-64-24	55.3822641	14.0526813	0.98144876325088337	call_rate_ge_0.80	37.463714599609375	-23.526870727539062	-1.7178993724647817	-0.05692820017805645	-1.5351797240923395	-9.5984423310944376	-2.3966323705632981	3.6988587209762107	-1.3773806841268155	-0.01030556135500005	-1.0061368531293047	3.765668364317261
45	1006	Ale-Stenar-77-31	55.3822641	14.0526813	0.99558303886925792	call_rate_ge_0.80	37.2432861328125	-23.439992904663086	-2.1280555026084227	-0.13916353959078659	-0.80557747541596225	-7.588513313479452	-1.0935712998519636	2.2680020222086803	-1.2833768210104375	0.056429090044486423	-2.4809649445418729	4.4296466727980404
46	1061	Brösarp-11-135	55.7167	14.1333	0.90989399293286222	call_rate_ge_0.80	36.8851318359375	-22.969089508056641	-3.4184386755713665	1.2258191700809493	1.6295791185287731	-3.9131321510802612	-0.020043810143303246	1.0009748274163526	-1.4530746252950224	0.98184467791916874	0.36717221424527108	2.0179971216995098
47	1062	Brösarp-15-138	55.7167	14.1333	0.97968197879858654	call_rate_ge_0.80	40.019100189208984	-23.070911407470703	-5.3807529438365469	1.4260093937462635	-3.9670917077767949	-11.244031179239697	2.112365139851597	13.751787739241935	0.48256040487886404	-1.6052937244093328	3.0329575840511858	-5.6587439355378217
48	1063	Brösarp-21-140	55.7167	14.1333	0.97791519434628971	call_rate_ge_0.80	36.666763305664062	-22.61912727355957	-2.3978002393177507	-1.3130683265904675	0.45368744191772881	-4.1872161478953496	-1.6838468018686141	-0.65367830393286197	-0.75473282204928038	-0.60779309810950721	-3.1292047383935526	4.7843152790619232
49	1066	Brösarp-34-145	55.7167	14.1333	0.98498233215547704	call_rate_ge_0.80	36.749965667724609	-22.816322326660156	-3.8987445154013951	-1.2823268512414325	0.7617813823202304	-5.6758256053022684	-0.9594443572896667	1.8584014001921052	-0.89891530624258564	-0.22812113095273279	-0.70908722924199941	3.2235470304496379
50	1070	Brösarp-45-153	55.7167	14.1333	0.99028268551236753	call_rate_ge_0.80	37.180259704589844	-23.100679397583008	-2.4600164277423593	-1.3252962955104046	3.1304306599401026	-5.210218202655577	-3.8032158737701653	2.3658095747868937	-1.1243468701342487	1.5051021170878289	-1.9901742715425297	3.8007123469763107
51	1158	Aledal-6-49	56.7	16.5167	0.99646643109540634	call_rate_ge_0.80	36.648307800292969	-23.462734222412109	-3.1602053779693651	1.0367852182354778	0.92623304860083089	-2.2965682910907805	-0.10477844910897055	-0.18573425824760403	-1.9872857195748779	-0.23043454592714213	4.305135190132197	3.1849439902811283
52	1166	Aledal-14-73	56.7	16.5167	0.99911660777385158	call_rate_ge_0.80	36.685623168945312	-23.384738922119141	-2.4637153901166049	1.6813900683455565	0.96607729259686304	-2.4549746202121088	-0.16606682271211198	-1.1060789797781869	-1.8989863093910773	-0.019927051473392247	2.5381028768479883	3.2694187968061681
53	1254	Tos-82-387	59.4333	17.0167	0.98056537102473496	call_rate_ge_0.80	36.877460479736328	-24.597625732421875	-3.7369912667865712	9.3975184840862234	-4.9633736022592032	-1.9340043633981745	-2.9410859968474115	0.92658573555273838	-0.6909596980513828	0.083520194695513764	0.36535311915508961	1.7439900724475845
54	1257	Tos-95-393	59.4333	17.0167	0.93992932862190814	call_rate_ge_0.80	36.853073120117188	-24.572622299194336	-3.6844421039617661	8.3351753913342677	-3.2719705567002189	-2.3429156162515588	-2.5152635126621035	0.024607810942821908	-0.418471069005875	0.56522199222763714	-0.46786767168963161	0.88444941410564715
55	1313	Ängsö-59-422	59.5667	16.8667	0.99558303886925792	call_rate_ge_0.80	36.832015991210938	-24.56245231628418	-1.9435996338140824	9.1266268293475221	-3.3658876380651601	-1.8279333472342194	0.21725214756285277	-0.89907912874889662	1.7922300461216425	1.3342819213906396	-0.61955808404590251	4.3204659881124901
56	1317	Ängsö-74-430	59.5667	16.8667	0.99558303886925792	call_rate_ge_0.80	36.841957092285156	-24.56462287902832	-3.0985052968609859	8.1938141466497356	-4.5236523098115002	-1.9638209422401176	-1.1239439767523605	-0.30734585018448835	-0.26140994341441254	2.8310587748806664	-0.11727084159242684	2.9715113244552516
57	1552	Sku-30	63.0833	18.3667	0.96289752650176674	call_rate_ge_0.80	37.192066192626953	-25.755546569824219	-5.0572047044560504	19.537412140099846	-6.7146815040457906	-2.819550859329905	0.84249935827122624	-6.720217162602359	3.5049553907494144	0.42121893608395455	-1.075415199109198	-2.9233123317933098
58	1612	Brn-10	41.9	-86.583	0.99911660777385158	call_rate_ge_0.80	-16.913997650146484	12.344705581665039	32.3480817847406	2.4592723480333878	1.1197054203303591	0.22061913188591847	-1.3030774928926137	0.85823804222823541	0.38475793720976897	0.020239560674567569	0.3944610093449859	-0.23279551585968145
59	1622	Brn-24	41.9	-86.583	0.99911660777385158	call_rate_ge_0.80	-16.905900955200195	12.244393348693848	32.39794319333442	2.5093976845649797	1.0808888622957691	0.25392691296467629	-1.3494751582805453	0.81821788384776695	0.36026366613380345	0.038369470971451165	0.46794902015705425	-0.23037322151950743
60	1651	DuckLkSP38	43.3431	-86.4045	0.99911660777385158	call_rate_ge_0.80	-17.230707168579102	12.698296546936035	32.248255797106573	2.5305834407634555	1.1056809338222933	0.24106463645470297	-1.4871588435305034	0.86293040994213377	0.42431730321615435	-0.03325160175162218	0.48956686101723351	-0.20724641579182168
61	1652	DuckLkSP40	43.3431	-86.4045	0.99911660777385158	call_rate_ge_0.80	-17.068212509155273	12.477892875671387	32.383229487862891	2.4794164103986742	1.0757787314352172	0.2770306228108243	-1.3352784007211171	0.83602328364185308	0.33381107456564868	0.014301411764200791	0.46012746764476392	-0.18701963177146474
62	1676	Haz-2	41.879	-86.607	0.99911660777385158	call_rate_ge_0.80	-17.256702423095703	12.726312637329102	32.248255797106573	2.5305834407634555	1.1056809338222933	0.24106463645470297	-1.4871588435305034	0.86293040994213377	0.42431730321615435	-0.03325160175162218	0.48956686101723351	-0.20724641579182168
63	1684	Haz-10	41.879	-86.607	1	call_rate_ge_0.80	-16.804328918457031	12.357114791870117	32.402001430862811	2.4931222328005118	1.0721727349985313	0.25249265844070112	-1.3535866232066522	0.82860300216154303	0.35702368577154342	0.038720200844285298	0.47683061257625847	-0.21471498743723105
64	1739	KBS-Mac-68	42.405	-85.398	0.99204946996466437	call_rate_ge_0.80	32.687213897705078	-21.220193862915039	31.542576377344083	2.4924061709475498	1.1405254241870857	0.14258835143300716	-1.3566342063410042	0.68544365417072162	0.22619168273509951	-0.35022554133453238	0.49937756087535384	-0.1253195118946373
65	1741	KBS-Mac-74	42.405	-85.398	0.99381625441696109	call_rate_ge_0.80	32.678871154785156	-21.214563369750977	31.319866346082108	2.3317746005732816	1.0720790855841178	0.050594195419724666	-1.0976028321826434	0.64572796437828184	0.11743470728418644	-0.26420519952790195	0.38485062681330301	-0.17538055048313403
66	1756	Ker-4	42.184	-86.358	0.99911660777385158	call_rate_ge_0.80	-16.990392684936523	12.412440299987793	32.400076714672302	2.4876798556253594	1.0671751062276624	0.26092137671997762	-1.3596224892541218	0.82698888063745191	0.36357000484608759	0.02472864943561855	0.48579030364851095	-0.21805790957773058
67	1757	Ker-5	42.184	-86.358	1	call_rate_ge_0.80	-16.896022796630859	12.332367897033691	32.402001430862811	2.4931222328005118	1.0721727349985313	0.25249265844070112	-1.3535866232066522	0.82860300216154303	0.35702368577154342	0.038720200844285298	0.47683061257625847	-0.21471498743723105
68	1793	L-R-5	41.847	-86.67	1	call_rate_ge_0.80	-16.934474945068359	12.357481002807617	32.402001430862811	2.4931222328005118	1.0721727349985313	0.25249265844070112	-1.3535866232066522	0.82860300216154303	0.35702368577154342	0.038720200844285298	0.47683061257625847	-0.21471498743723105
69	1797	L-R-10	41.847	-86.67	0.99911660777385158	call_rate_ge_0.80	-16.981260299682617	13.149542808532715	32.182383517155344	2.4751871821594853	1.1105838627247615	0.16058310768335607	-1.2603427603756188	0.76363586549137141	0.32473766692624961	-0.093620274038688306	0.48497444949760482	-0.18824789145713469
70	1819	Lak-12	41.8	-86.67	0.99823321554770317	call_rate_ge_0.80	-17.068201065063477	12.531876564025879	32.359593796549355	2.4867068211679952	1.0307491404912572	0.2551430559643737	-1.3559569423075939	0.87398863493589618	0.42001794497477968	-0.012520768235235071	0.46074325794262333	-0.22369893106592761
71	1820	Lak-13	41.8	-86.67	0.99911660777385158	call_rate_ge_0.80	-17.251737594604492	12.701233863830566	32.248255797106573	2.5305834407634555	1.1056809338222933	0.24106463645470297	-1.4871588435305034	0.86293040994213377	0.42431730321615435	-0.03325160175162218	0.48956686101723351	-0.20724641579182168
72	1829	Mdn-1	42.051	-86.509	0.99293286219081267	call_rate_ge_0.80	32.996856689453125	-21.655933380126953	16.49766865483566	-0.57339110211022903	1.5900583144169187	-0.033310154736305823	1.1354137826217374	-1.1488422718114082	-1.9231038950426391	2.3725002351743849	1.458344256611219	-1.5007662413740608
73	1834	Mdn-8	42.051	-86.509	0.99911660777385158	call_rate_ge_0.80	-16.933347702026367	12.239141464233398	32.353803505713529	2.5143521742353578	1.0437313630479319	0.21655667693236985	-1.3737032505600975	0.83442055884140609	0.40283957345420685	0.048449361870996098	0.48769291609864751	-0.20653811039064499
74	1835	Mdn-10	42.051	-86.509	1	call_rate_ge_0.80	32.778221130371094	-21.328577041625977	31.235954744824607	2.4911624749609311	0.96164975663521979	0.38175968085680745	-0.94392025761784337	0.65305034924852368	0.44844255648201808	0.49232648936287121	0.60481847120042909	-0.34703870589634517
75	1851	MNF-Pot-10	43.595	-86.2657	1	call_rate_ge_0.80	32.747444152832031	-21.293527603149414	31.235954744824607	2.4911624749609311	0.96164975663521979	0.38175968085680745	-0.94392025761784337	0.65305034924852368	0.44844255648201808	0.49232648936287121	0.60481847120042909	-0.34703870589634517
76	1852	MNF-Pot-15	43.595	-86.2657	0.90282685512367489	call_rate_ge_0.80	32.833816528320312	-21.399185180664062	21.784827341021948	0.81422196065773311	1.5167507638012312	-0.16914896371765828	-0.48304677837737159	-0.6754851731195165	0.28176361311021281	0.015505578167153472	0.19923590682447667	-0.68649283943972039
77	1853	MNF-Pot-21	43.595	-86.2657	0.95494699646643111	call_rate_ge_0.80	32.878337860107422	-21.452369689941406	20.732408499430992	0.351815169667618	0.10240487019084658	-0.41396385446878592	2.5649530808044605	-1.2095145653392936	-2.1957864477510918	1.7204642024709471	0.80847708521307182	-0.99677715358455021
78	1872	MNF-Pot-75	43.595	-86.2657	0.98233215547703179	call_rate_ge_0.80	32.884574890136719	-21.403833389282227	20.008525568161534	0.22560149175088273	0.46722076277062241	-0.9371803123100283	-0.76400105959271059	0.35628651619654583	-0.32420337791739856	-0.030556379564351119	-0.88383364471292514	0.97999150675085822
79	1890	MNF-Riv-21	43.5139	-86.1859	0.99028268551236753	call_rate_ge_0.80	35.065689086914062	-14.598860740661621	-6.9313455571056792	8.1863465977855316	14.670010897810757	7.4192744136973721	4.5726125199264054	5.5438595113036717	-1.557808792128305	-2.6552755899241625	-0.51080002923840562	1.8933522309729645
80	1925	MNF-Che-2	43.5251	-86.1843	0.97791519434628971	call_rate_ge_0.80	33.377113342285156	-21.542322158813477	11.383909794665733	2.7155971706842066	6.305309751912592	1.3483079569773371	0.8033059784709341	0.33544483290204741	-0.70800812536553437	0.57413857522414435	1.0822383563010243	-3.5048713435037055
81	1942	MNF-Che-47	43.5251	-86.1843	0.99293286219081267	call_rate_ge_0.80	32.667552947998047	-21.19273567199707	31.417727027674474	2.4562300351758575	0.97718116407965572	-0.03556458132876196	-1.2589240737787701	0.50503418837565583	0.17278747733201263	-0.28929105925102561	0.37209823500733674	-0.1241298312375238
82	1943	MNF-Che-49	43.5251	-86.1843	0.99293286219081267	call_rate_ge_0.80	32.573287963867188	-21.141489028930664	31.728515178602862	2.4188000582551883	1.1997767522889113	0.14898564290909475	-1.2832769247988889	0.70655004381334219	0.29973338652483145	-0.26886820263359812	0.43770276309779121	-0.10182496492512091
83	1954	MNF-Jac-12	43.5187	-86.1739	0.96201413427561833	call_rate_ge_0.80	33.162826538085938	-21.63939094543457	11.856714652054691	1.634949793539711	4.6719921473073063	1.3441217922416051	1.2800422810630196	-0.82445715273822284	0.83716867943930029	0.1955341616956485	0.54299050727335096	-2.0424988860959972
84	2016	MNF-Pin-39	43.5356	-86.1788	0.96996466431095407	call_rate_ge_0.80	36.987621307373047	-21.629886627197266	-1.3224292059508018	-2.0488020690878304	5.1930729579877957	0.2474393920717721	1.6886555205999934	0.41116714051309416	-0.44997148113955737	0.094516080249424386	-1.4289776075533345	0.32904175991645584
85	2017	MNF-Pin-40	43.5356	-86.1788	1	call_rate_ge_0.80	-16.965702056884766	12.34242057800293	32.402001430862811	2.4931222328005118	1.0721727349985313	0.25249265844070112	-1.3535866232066522	0.82860300216154303	0.35702368577154342	0.038720200844285298	0.47683061257625847	-0.21471498743723105
86	2031	Map-8	42.166	-86.412	1	call_rate_ge_0.80	-16.885715484619141	12.277217864990234	32.402001430862811	2.4931222328005118	1.0721727349985313	0.25249265844070112	-1.3535866232066522	0.82860300216154303	0.35702368577154342	0.038720200844285298	0.47683061257625847	-0.21471498743723105
87	2053	Map-35	42.166	-86.412	1	call_rate_ge_0.80	-16.881807327270508	12.343249320983887	32.402001430862811	2.4931222328005118	1.0721727349985313	0.25249265844070112	-1.3535866232066522	0.82860300216154303	0.35702368577154342	0.038720200844285298	0.47683061257625847	-0.21471498743723105
88	2057	Map-42	42.166	-86.412	0.99823321554770317	call_rate_ge_0.80	32.759445190429688	-21.294977188110352	25.297369458379801	0.59606296315566887	0.39719233909041912	1.3410326718905043	0.41282145944368054	0.65008539109972929	0.4908469917429496	0.62694495294537422	-0.29294090277063861	-0.25214167323166453
89	2081	MuskSP-68	43.2483	-86.3368	0.99558303886925792	call_rate_ge_0.80	32.576873779296875	-21.111030578613281	31.6591091788776	2.4610079308940898	1.1310802443977912	0.077655372571414014	-1.2040142329339756	0.611866413631029	0.16696403150673911	-0.29150894377148545	0.44011213351468265	-0.15868851779605297
90	2091	MuskSP-83	43.2483	-86.3368	0.99381625441696109	call_rate_ge_0.80	32.590259552001953	-21.122556686401367	31.648843384237111	2.4345384087878292	1.0688246743142522	0.097048801915803271	-1.2663233774599627	0.6185512176722171	0.24840499989204418	-0.37674414050794824	0.43362035510734742	-0.11268192891089263
91	2106	MSGA-10	43.2749	-86.0891	0.99734982332155475	call_rate_ge_0.80	32.451141357421875	-21.007087707519531	31.994865360348083	2.4873830543381046	1.1682580026387346	0.13134057868525043	-1.2244228343069297	0.70717352127680677	0.2029779699682791	-0.21118987758985192	0.42624797238854911	-0.23226803810290866
92	2108	MSGA-12	43.2749	-86.0891	1	call_rate_ge_0.80	-16.886907577514648	12.235733985900879	32.402001430862811	2.4931222328005118	1.0721727349985313	0.25249265844070112	-1.3535866232066522	0.82860300216154303	0.35702368577154342	0.038720200844285298	0.47683061257625847	-0.21471498743723105
93	2141	MSGA-61	43.2749	-86.0891	0.99823321554770317	call_rate_ge_0.80	32.438869476318359	-20.992073059082031	32.047707528917698	2.495245631981645	1.1038015018037666	0.1156092018249187	-1.2138762054025518	0.75586461066877741	0.22630715839571644	-0.13498542661669824	0.41506651999575017	-0.19404491872420027
94	2159	Paw-13	42.148	-86.431	0.99646643109540634	call_rate_ge_0.80	32.501605987548828	-21.053533554077148	31.86223075566582	2.5057360438330414	1.1953695829518605	0.13442009384143211	-1.3196917301192435	0.72262904461381749	0.26519732143984825	-0.2463072252641281	0.44047586286849705	-0.20302299345513278
95	2166	Paw-20	42.148	-86.431	0.9946996466431095	call_rate_ge_0.80	32.566265106201172	-21.043247222900391	31.658320336349277	2.4652890485001708	1.04126373297432	0.18958320483866545	-1.1640002398224591	0.69481771719408436	0.21450361069588048	-0.11683360465345703	0.36802240487089111	-0.16840519091485728
96	2171	Paw-26	42.148	-86.431	0.98674911660777387	call_rate_ge_0.80	34.428615570068359	-22.153671264648438	2.7044809648400068	-3.8248389258830886	-1.2245473627883823	-1.7245029551150162	0.56658628246318932	-2.1306456624303447	0.21962135211921738	1.6059162605623398	-1.9196984887477901	1.1544200350420926
97	2191	Pent-7	43.7623	-86.3929	1	call_rate_ge_0.80	-16.830009460449219	12.310641288757324	32.402001430862811	2.4931222328005118	1.0721727349985313	0.25249265844070112	-1.3535866232066522	0.82860300216154303	0.35702368577154342	0.038720200844285298	0.47683061257625847	-0.21471498743723105
98	2202	Pent-23	43.7623	-86.3929	0.9204946996466431	call_rate_ge_0.80	37.208621978759766	-21.398014068603516	-2.9978321888740553	0.341388087095993	8.4017715783102567	-0.025931208623735755	0.46716556929006331	0.072854831166933767	0.51835709239901351	0.06629071046098603	0.65989337158296602	-0.35199264375002132
99	2212	Pent-46	43.7623	-86.3929	1	call_rate_ge_0.80	-16.981283187866211	12.282595634460449	32.402001430862811	2.4931222328005118	1.0721727349985313	0.25249265844070112	-1.3535866232066522	0.82860300216154303	0.35702368577154342	0.038720200844285298	0.47683061257625847	-0.21471498743723105
100	2239	Riv-25	42.184	-86.382	0.99911660777385158	call_rate_ge_0.80	-16.823890686035156	12.354171752929688	32.39794319333442	2.5093976845649797	1.0808888622957691	0.25392691296467629	-1.3494751582805453	0.81821788384776695	0.36026366613380345	0.038369470971451165	0.46794902015705425	-0.23037322151950743
101	2240	Riv-26	42.184	-86.382	0.99823321554770317	call_rate_ge_0.80	-16.964426040649414	13.12296199798584	32.09434698254443	2.5199684894739103	1.1328908594963722	0.15015021237559231	-1.2819161395507266	0.77254236768664519	0.35068536617596613	-0.12655756887819497	0.53042095524998345	-0.19275895196245879
102	2276	SLSP-31	43.665	-86.496	0.90636042402826855	call_rate_ge_0.80	33.037361145019531	-21.89207649230957	11.44508296136917	-4.0243699783010749	-2.289710399973885	0.87654257423148629	6.6328927063368557	-2.1715727963216955	-1.5766963557743565	2.5787400799929592	0.24393961722439286	-1.3004970410338987
103	2278	SLSP-35	43.665	-86.496	0.97703180212014129	call_rate_ge_0.80	32.976608276367188	-21.526523590087891	17.720227270583369	-1.085235400808416	-0.76878423414579955	0.99400338518794917	2.9501446641498736	-2.0944160701305758	-2.513797133993422	1.6015842551761521	1.2313352982793044	0.67437583098859311
104	2285	SLSP-69	43.665	-86.496	1	call_rate_ge_0.80	-16.942363739013672	12.276345252990723	32.402001430862811	2.4931222328005118	1.0721727349985313	0.25249265844070112	-1.3535866232066522	0.82860300216154303	0.35702368577154342	0.038720200844285298	0.47683061257625847	-0.21471498743723105
105	2286	SLSP-67	43.665	-86.496	1	call_rate_ge_0.80	-16.82758903503418	12.298324584960938	32.402001430862811	2.4931222328005118	1.0721727349985313	0.25249265844070112	-1.3535866232066522	0.82860300216154303	0.35702368577154342	0.038720200844285298	0.47683061257625847	-0.21471498743723105
106	2317	Ste-40	42.03	-86.514	0.82332155477031799	call_rate_ge_0.80	33.093925476074219	-22.62718391418457	-1.0851544056662732	-4.2886400825313364	-2.6242425712660395	-0.37342719161327592	5.1598033959903464	-5.7403813847024017	-0.39595059653887726	0.65510061620940663	-1.0708802541000142	0.61714055594257111
107	2370	Yng-4	41.865	-86.646	0.99646643109540634	call_rate_ge_0.80	32.479732513427734	-21.038436889648438	31.880269124391951	2.4671712166541524	1.1002864052616623	0.088986681165508549	-1.2511742922216569	0.68254057852739325	0.26178250951318205	-0.24322600827736521	0.40684502749070639	-0.19870273373875078
108	2412	Yng-53	41.865	-86.646	0.99646643109540634	call_rate_ge_0.80	32.469390869140625	-21.041706085205078	31.838528421286806	2.4318322200867422	1.1856735302468238	0.077521171594938931	-1.1699360078932612	0.69399845227973667	0.1532775269652496	-0.24887547209712937	0.40211162387635424	-0.22113135522852922
109	4779	UKSW06-179	50.4	-4.9	0.96819787985865724	call_rate_ge_0.80	33.476329803466797	-22.801876068115234	0.81560549857989229	-4.5366122600999415	-2.8108343855926816	0.6067025173299575	6.4516560869563602	-1.5355350335463953	-0.33021901589807728	1.1268288510584918	-1.1122286944399675	1.6120899317101676
110	4807	UKSW06-207	50.4	-4.9	0.98409893992932862	call_rate_ge_0.80	33.460922241210938	-23.015005111694336	0.60712152204579928	-4.9805576214486837	-1.9521820736278297	-0.49034787512665146	5.6423042269843213	-1.4437769233556521	-0.75331068581123994	-0.16061397209667508	-1.3620229349094324	1.0653180396912172
111	4826	UKSW06-226	50.4	-4.9	0.89664310954063609	call_rate_ge_0.80	33.140998840332031	-22.790176391601562	0.97173425774362543	-6.2051883220804864	-4.222324349285854	1.0727160951220678	7.5911024206071565	-1.0438181679448273	-3.232820837185769	2.2090420065993226	-2.0361175579710942	0.33967033886591463
112	4840	UKSW06-240	50.4	-4.9	0.99734982332155475	call_rate_ge_0.80	32.931301116943359	-22.855352401733398	1.1135642221085025	-4.2498620422317206	-5.716922147528976	0.8816110768006894	10.203203779678086	-1.6586296943598984	-3.9029301998449735	3.1680364473642553	-0.25550737736868923	1.2422305908793465
113	4857	UKSW06-257	50.3	-4.9	0.9946996466431095	call_rate_ge_0.80	32.539596557617188	-22.387123107910156	-2.2467308873022156	-9.4374697240444192	-7.4209311490572025	0.85719009115398193	16.348704988877572	-7.4192259907636924	-5.1605533469746403	4.1816389588288931	4.089991786092618	-8.7361298621775489
114	4884	UKSW06-285	50.3	-4.9	0.95671378091872794	call_rate_ge_0.80	32.995883941650391	-22.768011093139648	0.69190011554430753	-4.2085519281744439	-6.7534292030287855	0.12178588959926964	10.543279901625326	-2.1660642700538975	-5.630932553568659	3.4510996395186799	0.051253599403103881	-0.0066927964647950236
115	4900	UKSW06-302	50.3	-4.8	0.93286219081272082	call_rate_ge_0.80	32.723590850830078	-22.900699615478516	0.33282815438795693	-5.9613592168660983	-6.1744298748953552	1.4075168621461371	13.572561802609403	-2.3332546208763869	-8.1633065567931844	6.2924936887540683	-0.69031598309746312	0.72405264959064675
116	4939	UKSW06-341	50.4	-4.7	0.99734982332155475	call_rate_ge_0.80	32.769306182861328	-22.872226715087891	0.47207835325708164	-7.623829199466412	-7.710956009434967	0.86643665914122014	19.117387425764843	-3.0897187467674865	-11.345446896593096	9.5310791777572756	-0.95038751269538169	1.4827581881771281
117	4958	UKSW06-360	50.5	-4.5	0.97968197879858654	call_rate_ge_0.80	33.433963775634766	-22.889419555664062	-0.11069399051896847	-4.6549990778785277	-3.4743731096191524	0.23066162953263578	7.4324119651380611	0.22932504239894544	-1.8020699916678429	0.23495508007611829	-1.8593607432172798	1.6626364504731614
118	5023	UKSE06-118	51.3	0.5	0.87102473498233213	call_rate_ge_0.80	32.770500183105469	-22.89448356628418	0.81085128767533177	-4.0272809482681815	-5.3412585697160173	0.80874493787002	9.365116525973777	-1.3628647530404154	-4.8089716075048266	2.9763480454865197	-0.0062926365119169774	0.084110701625420933
119	5104	UKSE06-252	51.3	0.5	0.93021201413427557	call_rate_ge_0.80	35.55499267578125	-21.814455032348633	-3.5586472889362302	-1.3540232185577927	3.5190866112863208	-4.3955362561245694	-0.69480394327579442	0.9873867149808615	1.5192175464469262	1.4409414159488283	-2.3626136253567496	1.6809812528745136
120	5151	UKSE06-325	52.2	-1.7	0.96113074204946991	call_rate_ge_0.80	33.834491729736328	-22.777002334594727	1.3405930021462804	-2.4801226447935649	-1.3805704751301617	0.28030980310788634	3.3868737240698148	-1.2877127974376732	-1.1433858049474952	0.60656219003486778	-1.0174884586241693	2.3131663920582111
121	5165	UKSE06-362	51.3	0.4	0.94257950530035339	call_rate_ge_0.80	35.423137664794922	-22.856447219848633	-0.60415195981226588	-1.6734993623971011	-2.2225563962836796	-0.6851039056078444	3.8890260738888203	1.3947304136313097	1.108595067748712	1.2444082542981765	-1.1223228179498583	1.4662485582787275
122	5210	UKSE06-432	51.2	0.3	0.97703180212014129	call_rate_ge_0.80	34.062828063964844	-23.014158248901367	-0.76033914945661296	-4.3307424283849825	-1.9929002616332918	0.17073833769455851	3.7373850396281205	-0.1917720591516909	1.0837253172678261	0.60212186933586442	0.94826640150852615	2.4275611588703221
123	5236	UKSE06-470	51.2	0.4	0.9319787985865724	call_rate_ge_0.80	32.703205108642578	-22.92236328125	0.37778519996035897	-6.9210986298607731	-7.4032144172206484	0.35406837223485771	17.875256283502139	-2.7459629218838231	-10.275774694080601	9.2210667005068618	-0.78498909841984077	0.9682630326298004
124	5249	UKSE06-491	51.2	0.3	0.99558303886925792	call_rate_ge_0.80	32.563983917236328	-22.40577507019043	-2.092985253545975	-9.4749309320073625	-7.4544393478809683	0.86861811313998061	16.482277209201435	-7.453553398544277	-5.2278469644192533	4.2536107614247962	4.0772555376516442	-8.7435984338229549
126	5276	UKSE06-533	51.3	1.1	0.85070671378091878	call_rate_ge_0.80	32.705196380615234	-22.979633331298828	0.94785548846752365	-6.3629522467098996	-4.3652656580227278	0.67192898213403951	11.369300769948499	-4.5192011225689797	-7.0970290727760812	3.7803642121575112	-2.0867506707055279	0.4644362344985169
127	5279	UKSE06-541	51.3	1.1	0.99911660777385158	call_rate_ge_0.80	33.141242980957031	-22.668605804443359	2.6473892328760602	-5.360132409003179	-5.0567739188538701	-0.27676412317657212	10.098302374004607	-2.1120377466752669	-3.0010371192312775	2.3578733674948635	0.50004292253211657	-0.31057556268267772
128	5349	UKSE06-639	51.1	0.4	0.94964664310954061	call_rate_ge_0.80	33.830085754394531	-22.542726516723633	0.028070419060890649	-4.0652823343167928	-1.3533542095448277	-0.98404441304929224	5.0564920435344103	-1.9141631187180339	-0.83708831675731121	1.1511152393401607	-0.97324071172249926	2.5012569024581022
129	5353	UKNW06-003	54.5	-3	0.96731448763250882	call_rate_ge_0.80	32.609241485595703	-22.982078552246094	0.46405999271567278	-7.3227539002657824	-5.8539330801271454	-0.047941558627899498	15.152603245426096	-2.6532177799888315	-7.4544648813238066	6.8126510191273866	-1.574697189311826	0.25032247665934465
130	5395	UKNW06-102	54.4	-3	0.9946996466431095	call_rate_ge_0.80	33.07781982421875	-22.689550399780273	-2.1747111044364367	-9.2640669568153964	-7.3500068982039455	0.82953909995797981	16.376272224974443	-7.4137281805850304	-5.2103898265552901	4.1863643013373135	4.1393980122310303	-8.6811009130006163
131	5486	UKNW06-233	54.6	-3.3	0.87455830388692579	call_rate_ge_0.80	35.849174499511719	-21.954702377319336	-1.9502306739354771	-0.92379920963589157	3.1998887288087845	-3.5257669318747831	-0.22313049542904023	0.84351639722754757	1.0461826097722084	0.52852943543455355	-3.1153194754204465	0.7839895229791698
132	5577	UKNW06-403	54.7	-3.4	0.91961130742049468	call_rate_ge_0.80	32.676921844482422	-22.91242790222168	0.67059081453304281	-6.5266365626196707	-5.3308124317576793	0.80845058437639539	12.838304101270692	-3.014845448594651	-6.7048005536842501	5.2743044293304644	-1.6678526715217203	2.3926838854352672
133	5644	UKNW06-481	54.4	-2.9	0.92932862190812726	call_rate_ge_0.80	32.965930938720703	-22.971626281738281	-0.34924490191640289	-4.5114413968345035	-1.8826121442234003	-1.0139717801067492	7.2540619876775327	-2.0151623498647031	-1.6145536570309047	2.7237900161008013	-0.85225616928891856	-0.19797563312977778
134	5651	UKNW06-488	54.4	-2.9	0.99558303886925792	call_rate_ge_0.80	32.551727294921875	-22.353166580200195	-2.0209654706801961	-9.3015281647783468	-7.3835150970277068	0.84096712194397827	16.509844445298288	-7.4480555883656301	-5.2776834439998979	4.2583361039332264	4.1266617637900573	-8.6885694846460115
135	5717	Bra-1	54.6	-3.2	0.99558303886925792	call_rate_ge_0.80	32.540973663330078	-22.366912841796875	-2.0209654706801961	-9.3015281647783468	-7.3835150970277068	0.84096712194397827	16.509844445298288	-7.4480555883656301	-5.2776834439998979	4.2583361039332264	4.1266617637900573	-8.6885694846460115
136	5718	UKID11	57	-3.4	0.99381625441696109	call_rate_ge_0.80	33.026935577392578	-22.65235710144043	-2.139711998904728	-9.2685839478449559	-7.349640718610341	0.82793139643657643	16.373047798595625	-7.4173077745227927	-5.2075587858660972	4.1809152520227961	4.1396067758524389	-8.6758065075178354
137	5720	Cal-2	53.3	-1.6	0.86395759717314491	call_rate_ge_0.80	36.319160461425781	-24.145990371704102	-0.96742691434122285	3.8176939523550519	-6.3596853016431272	-0.63945926590215385	0.032589669138448255	1.4196328057437315	-1.3782937662820955	0.28271934381790487	-0.81595545762210653	3.5912995798425094
138	5726	Cnt-1	51.3	1.1	0.89929328621908122	call_rate_ge_0.80	32.709163665771484	-22.985090255737305	1.6494993979359001	-6.6146003261716118	-4.6797360590167294	-0.33995780606672577	12.10226179002024	-3.4523705070243205	-7.2057995484450901	4.7501621028459429	-1.8486531971780769	1.7671524338799667
139	5741	For-2	56.6	-4.1	0.97614840989399299	call_rate_ge_0.80	33.804878234863281	-22.783538818359375	1.0769610199234638	-3.0050510064020441	-3.767682313154268	-0.41829633286552964	3.3015232483922876	0.38500232475696244	-0.45962252313189716	0.9893384345770927	-0.5291140583112891	1.4306559005156581
140	5748	Kil-0	56	-4.4	0.8975265017667845	call_rate_ge_0.80	35.589752197265625	-22.616628646850586	-1.7891049947573654	-1.5306507599869421	1.8206964179676437	-1.8365071706766241	-0.4855467357073629	-1.9772578828719971	-1.8199273352562999	-0.22179814311345791	-1.9808380783964983	3.9941185720887673
141	5757	Mc-1	54.6	-2.3	0.87279151943462896	call_rate_ge_0.80	35.815174102783203	-22.70289421081543	-2.4998094399132507	-2.1989094900336634	1.6672603268216812	-3.0436938434722123	-0.62777780278621087	1.0531982878609232	0.86915804714428091	-2.3910205691175368	-2.6100817956292541	2.2063623843363391
142	5768	UKID63	54.1	-1.5	0.9037102473498233	call_rate_ge_0.80	34.916049957275391	-22.818447113037109	-0.17979643451579011	-1.785214440935333	-2.2956910114286733	-1.5414584061831065	3.722912181797593	-0.36775666179187222	-0.56219462747673643	0.38097296855727875	-1.1773470429388053	1.5406744968113908
143	5772	Set-1	54.1	-2.3	0.91342756183745588	call_rate_ge_0.80	35.171360015869141	-21.377676010131836	-1.5293978546752625	-4.7943915933390224	0.4086495634193027	-0.84224438716561778	0.36573715703386828	-2.7708454833778577	1.1044116973458493	-0.83768705723625925	-2.8351025830526249	-2.782339314617436
144	5776	UKID71	52.9	-1.3	0.99381625441696109	call_rate_ge_0.80	32.583042144775391	-22.378982543945312	-2.0660175361976618	-9.3994006121319185	-7.4514483007320331	0.90570822321464917	16.420673293641261	-7.4080152302264173	-5.3620474844889028	4.3144068659282979	3.9883597683118559	-8.8020321910269335
145	5779	UKID74	51	-3.1	0.91166077738515905	call_rate_ge_0.80	34.006790161132812	-22.663200378417969	0.79969046501443242	-3.6880659108635263	-3.0582754934360556	-1.0120988220167328	3.9674639549329003	-0.78593520122539207	0.54294541061483481	0.26153430583024384	-1.8547189301212346	0.46586524572273424
146	5784	Ty-1	56.4	-5.2	0.87632508833922262	call_rate_ge_0.80	36.583091735839844	-24.372961044311523	-2.4263921335303387	3.5569334754841804	-5.8174867887255326	-0.33220404473656467	0.39603072383197968	-0.073834522949920711	-2.1115188008081982	-1.2334211891796316	-0.13835105466717051	3.5186281348288428
147	5798	UKID93	53.1	-3.3	0.99734982332155475	call_rate_ge_0.80	32.689907073974609	-22.940101623535156	0.53102738996640686	-7.6303831325546625	-7.724931162438839	0.66238734700407853	19.08049816905968	-3.1145150690335144	-11.24963306691564	9.4641695288480623	-0.97944906958375555	1.4298921593539344
148	5800	UKID96	57.4	-5.5	0.92491166077738518	call_rate_ge_0.80	35.447551727294922	-22.127941131591797	-1.7562407289822803	-4.2172665083690406	1.4926129015895675	-2.4749513372358454	1.0348871034673681	-1.9134909007884806	1.6268610806038548	-1.1388114539749392	-1.9101751170768604	1.6840776370333275
149	5811	UKID107	52.9	-3.1	0.91166077738515905	call_rate_ge_0.80	34.390861511230469	-22.928985595703125	0.17105512814049517	-3.2138815745279294	-1.7765288264513457	-1.9170030970442864	3.4044169948372796	1.8701312177894032	-0.18399764607960212	0.33729199806372567	-2.5728609290927746	2.0026095923328477
150	5822	UKID116	56.7333	-5.98333	0.92844522968197885	call_rate_ge_0.80	36.725353240966797	-24.352470397949219	-1.8250542207384568	6.0491434114900651	-7.9442703365850917	-0.9859075287160266	0.41013989784693661	1.9023558188327414	-2.7902580370726922	0.18167262479273361	-0.77984035162939291	7.4842776091976919
151	5830	App1-12	56.3130014	15.9807762	0.97438162544169615	call_rate_ge_0.80	36.413932800292969	-22.624582290649414	-2.9287817538455498	-1.8077108511193694	1.7952974845888969	-3.1669133959042886	-0.023234584756770617	-1.4927213749364778	0.95826243539630429	0.015602544512250122	-1.2598226534150962	0.74740568086022752
152	5831	App1-14	56.3130014	15.9807762	0.98586572438162545	call_rate_ge_0.80	36.972450256347656	-23.551319122314453	-4.5690745621967599	0.69759938954740852	0.88280763027412101	-4.2269216844671123	-1.273328130804545	2.644462411018583	-1.0042016840085548	-0.53266842422893446	-0.76112747842655948	3.282323383516192
153	5832	App1-16	56.3130014	15.9807762	0.99646643109540634	call_rate_ge_0.80	36.516510009765625	-23.980104446411133	-2.2731713667371523	2.2632821912551999	-3.3654009096792015	-5.8544369006340755	0.98341708620596247	5.8008486395700771	-2.0128759835030894	0.48058584155612677	0.53136587765845433	1.5501283678247915
154	5836	Boo2-3	55.86	13.51	0.98586572438162545	call_rate_ge_0.80	40.089488983154297	-23.120508193969727	-6.3654763568127501	1.6721301163944198	-5.8633458697841405	-10.975097403954035	5.4089482055943003	20.839983818805248	0.90232308158459951	-0.76671160177035813	4.3398012767259084	-7.5104339342149498
155	5837	Bor-1	49.4013	16.2326	0.93639575971731448	call_rate_ge_0.80	38.088230133056641	-20.565214157104492	-4.6348236478132181	-2.3678373498695944	5.3900068845595515	-5.1292233193127217	-3.6155671194422538	-2.7632180435513152	2.6395387234563419	-0.049296638391741039	-2.2922943112696448	-2.4237086896958178
156	5856	Dör-10	63.0091989	17.4849587	0.91166077738515905	call_rate_ge_0.80	37.260593414306641	-25.886333465576172	-4.1857836911117934	21.273476389891858	-11.049515577411819	-2.196529377481093	0.55755224272374626	-8.3832391531972341	0.75699119624804223	-1.1922468101387536	-0.22833381690979507	-4.6129359063621997
157	5860	Dra-3	62.6827735	18.0141098	0.99116607773851595	call_rate_ge_0.80	36.912368774414062	-25.004920959472656	-4.1459476196134428	14.801447268887994	-4.4323208086396093	-2.8499386387183656	0.45672107794363442	-4.8050263855583193	1.7649083712223324	1.6663695261565084	0.63071919235220508	0.21340643977806131
158	5865	Dra1-4	55.7565106	14.1231006	0.99381625441696109	call_rate_ge_0.80	37.05517578125	-23.070320129394531	-4.0165080639887982	2.2532867846730689	0.14388634876060843	-5.9697047350715797	-0.5526012633558034	0.77738909078085539	0.35131608643775386	0.60236189996662626	-2.3324300133827003	6.935629840555074
159	5867	Dra2-1	55.7570661	14.1220385	0.99204946996466437	call_rate_ge_0.80	37.048244476318359	-23.133207321166992	-2.2923093340373524	1.1668411921551685	0.013446450043021696	-3.6048858085297524	-1.997365380496481	0.72090875385990771	-1.7492083654096777	-0.71126148069750728	0.069538899765980614	4.4280351098155952
160	5874	DraII-6	49.4112	16.2815	0.90106007067137805	call_rate_ge_0.80	38.180046081542969	-20.490055084228516	-3.6391823347762466	-3.5319986098190141	5.9173015727095972	-6.3598917729338522	-4.7620109829880173	-2.1791926453861481	-0.35072457416024566	0.66256082762453439	-3.3314414328413537	-3.3771551099745496
161	5890	DraIV 1-8	49.4112	16.2815	0.88604240282685509	call_rate_ge_0.80	38.090888977050781	-20.613853454589844	-3.6147175166422301	-2.9404223983894782	6.343318378719613	-5.0862689905023251	-3.5758092424127259	-1.7633729326747176	0.78058968418595143	0.69955585339319404	-2.5552335787522251	-2.3893911499510723
162	5893	DraIV 1-11	49.4112	16.2815	0.90989399293286222	call_rate_ge_0.80	38.198822021484375	-20.50090217590332	-2.9883939446287302	-3.7392502513679564	7.1907287136954237	-6.2116353238162985	-5.0885718483692575	-3.4660125301465645	-1.0956879268959492	2.7234977474655633	-2.4455029432900957	-2.2743255174098951
163	5907	DraIV 2-9	49.4112	16.2815	0.89487632508833925	call_rate_ge_0.80	37.996265411376953	-20.628877639770508	-3.1583978553185053	-3.2962377990877574	7.3804554546049292	-4.1994712963713168	-4.513804228863914	-3.9881733250196283	-1.4102260222729832	0.89590504009142657	0.35695360565950646	-3.031015388199171
164	5921	DraIV 3-7	49.4112	16.2815	0.84540636042402828	call_rate_ge_0.80	38.178485870361328	-20.413745880126953	-3.5645264149979075	-3.5054083989517442	6.7974321289621731	-4.9870695761178894	-3.829406055424057	-3.3974472178455644	1.4468639874736473	0.26266797337497355	-2.1183898594027393	-3.6068175583947646
165	5950	DraIV 5-12	49.4112	16.2815	0.94346289752650181	call_rate_ge_0.80	38.236095428466797	-20.410776138305664	-3.755840283357049	-2.1112950891312039	6.1112064497584182	-5.6222174951783526	-3.715429843993844	-1.7674324420068606	1.5578704011853846	0.93091378357171384	-2.4166819705969669	-2.8014017828157369
166	5984	DraIV 6-13	49.4112	16.2815	0.91607773851590102	call_rate_ge_0.80	38.228950500488281	-20.507209777832031	-3.9357526997860433	-3.2967363800770233	5.0681984347708617	-5.0324178372249264	-4.7292763593086384	-1.7757430025208718	-0.1825759620257898	0.90319793740961629	-3.6020203409411233	-4.9477425499795524
167	5993	DraIV 6-22	49.4112	16.2815	0.8295053003533569	call_rate_ge_0.80	38.1072998046875	-20.452768325805664	-1.9617662305222032	-2.0840192150076686	5.7328442878497761	-4.5754835439074091	-3.9530843937074782	-2.3132257603842095	0.76357013725058054	0.62222353766267846	-2.4123227485465346	-3.8620002425884463
168	6008	Duk	49.1	16.2	0.93551236749116606	call_rate_ge_0.80	38.159305572509766	-20.381999969482422	-3.3382731680960003	-3.3043132275610105	7.1038747455074835	-5.6513526752344481	-5.8062767354140679	-3.4999718581357255	0.16730403256048429	0.027038334689790181	-2.8176167674300556	-3.9010426982933937
169	6009	Eden-1	62.8759855	18.1749827	0.96643109540636041	call_rate_ge_0.80	37.280513763427734	-25.891822814941406	-4.8886112310834298	20.825299155034752	-8.6325877358235772	-3.4423942353841825	1.8302947662683839	-5.3898149347077258	1.8327358574743866	-1.1013757301262279	-0.068876853009233102	-3.9048226855774097
170	6010	Eden-5	62.8759855	18.1749827	0.99293286219081267	call_rate_ge_0.80	37.241939544677734	-25.956443786621094	-5.6204991017432402	22.989930125977363	-9.9965991786463118	-3.8830668407422446	0.83913974585826634	-7.7721887458970897	1.465638508926062	-0.012251153294279366	-0.41731214748111028	-3.5595852771904628
171	6011	Eden-6	62.8759855	18.1749827	0.98763250883392228	call_rate_ge_0.80	37.295337677001953	-25.854780197143555	-5.238318121073501	22.985357365312815	-8.2356191361849422	-2.1057982570948051	1.2472851982002802	-7.0386124004118686	2.0942346596634582	0.57021072444910248	-0.017440669954077486	-3.3465989494923059
172	6012	Eden-7	62.8759855	18.1749827	0.9885159010600707	call_rate_ge_0.80	37.257732391357422	-25.859195709228516	-5.8025439488079984	21.962719736530843	-8.9332089410286422	-2.7526828730676791	1.7799199789183624	-6.6522809493007973	1.8296435715879358	-0.53959367358009569	0.022391079914255967	-4.1277026522629399
173	6013	Eden-9	62.8759855	18.1749827	0.9885159010600707	call_rate_ge_0.80	37.286247253417969	-25.847705841064453	-5.9351329922245029	22.332694312626899	-7.441785366204857	-3.1725056206845226	0.56996686123546014	-6.4884213823100154	3.2971262478817094	-0.6729208711463085	0.12063446871100876	-5.1423882313052713
174	6016	Eds-1	62.9147	18.4045	0.9204946996466431	call_rate_ge_0.80	37.333740234375	-25.885557174682617	-5.7241778009250623	21.620696757807508	-7.1007558395081949	-1.7441495528617148	2.9500167733225102	-6.2675070325834774	1.7921912288268853	-0.50681452996800858	-0.36479150078894396	-3.8296767066838799
175	6017	Eds-9	62.9147	18.4045	0.99293286219081267	call_rate_ge_0.80	37.344310760498047	-25.936323165893555	-5.299049112712841	22.836676616761959	-8.243294348442495	-3.4848605070459446	2.7499864920089494	-6.406745449524295	2.1250081041069397	-1.1167628764291939	-0.09010397481175178	-3.1802931782431196
176	6019	Fjä1-2	56.0617671	14.2786489	0.9487632508833922	call_rate_ge_0.80	37.181140899658203	-23.240156173706055	-2.8698288211072933	0.72994709811409031	0.078023927260733747	-5.3511560366412478	-0.62671812922848202	0.18329575862949835	-2.4361551281922549	0.12072970494022482	1.3301861573869491	3.0837842695245965
177	6020	Fjä1-5	56.0617671	14.2786489	0.94346289752650181	call_rate_ge_0.80	37.154972076416016	-23.179353713989258	-2.5512531369218236	-1.0782246853641271	2.1587841678528963	-4.1621179445335894	-0.21870588944858232	1.7753051961083863	-2.350821312693482	-2.7944853036522472	-2.0474801276359118	3.5841184029329796
178	6021	Fjä2-4	56.068008	14.281492	0.98144876325088337	call_rate_ge_0.80	37.071144104003906	-23.139005661010742	-3.25726459049877	-1.7423867060518106	1.9722070162014496	-4.2292475708849242	-1.635085825018797	0.99217106713020931	-1.2576460445626487	-1.974587551273284	-1.700049813659982	4.153144247781257
179	6022	Fjä2-6	56.068008	14.281492	0.97526501766784457	call_rate_ge_0.80	37.127883911132812	-23.188013076782227	-3.9529184743113528	-1.8004590825867264	2.1236962242957569	-5.4111386416178862	-1.2180973510481172	1.3984494575263966	-1.3560813728501693	-1.7993442373620743	-1.2217735480432454	4.2165550325630123
180	6023	Fly2-1	55.7501271	13.3720798	0.98674911660777387	call_rate_ge_0.80	40.084156036376953	-22.995609283447266	-5.4102990373184143	1.9579295606026839	-5.6751867005519276	-10.468040233454641	3.1632766488655735	19.049283070132564	0.12875093475967184	-0.61077092547250478	4.974187663968598	-6.4830232174653286
181	6024	Fly2-2	55.7501271	13.3720798	0.98939929328621912	call_rate_ge_0.80	40.100612640380859	-23.038002014160156	-5.0431867678474562	2.8555587046449493	-6.7787704732177545	-12.031013017802904	4.6715215250006956	22.228551931352047	1.841276455289431	-0.84665815653004706	5.8702700536563057	-8.8488282799022162
182	6025	Gro-3	62.6381	17.7311	0.99028268551236753	call_rate_ge_0.80	36.969905853271484	-24.971338272094727	-5.1337100648151113	13.571207287217124	-6.7079071536269383	-3.1321620198679212	-1.5728590780571394	-5.5200097483771851	0.50646984236579529	-0.095985252923147676	-0.57228779009344533	-0.1695200190461664
183	6030	Grön-5	62.806	18.1896	0.83833922261484095	call_rate_ge_0.80	36.896011352539062	-24.880123138427734	-4.2705872267005267	12.089513589057276	-5.6199015167697839	-4.0130867960133036	0.51372637959113843	-2.0148186548872706	0.51091402155613463	0.72549175632050822	-1.5528705758464285	0.71431575561791716
184	6034	Hov1-7	56.0755241	13.7453108	0.99116607773851595	call_rate_ge_0.80	36.670658111572266	-22.919710159301758	-5.1063086833203224	0.89760454973668391	-1.9780775496806775	-8.1353868522973816	0.1016121941873743	9.2875669912975578	-0.42517625995704883	-0.61372565784441968	-1.211503298716859	-1.4649251079064498
185	6035	Hov1-10	56.0755241	13.7453108	0.84363957597173145	call_rate_ge_0.80	36.524204254150391	-22.714874267578125	-3.1717545016891706	0.73776206275516587	-3.1276401782005201	-5.4105425408984864	1.5072145821992591	6.795837577320099	2.2309477431274098	0.38247862590952303	0.066794297232220773	-3.3385339243670984
186	6036	Hov3-2	56.1045244	13.7249024	0.89929328621908122	call_rate_ge_0.80	36.544387817382812	-22.845212936401367	-1.2299654416942345	-1.4008650069179869	-0.88290643483916942	-5.7602934879906407	-1.1437152897606806	1.7292483625947157	-2.2152607854802562	-1.2624320731205751	-3.0069542112791581	4.6565124668239983
187	6038	Hov3-5	56.1045244	13.7249024	0.99381625441696109	call_rate_ge_0.80	36.488777160644531	-22.984367370605469	-3.8790409881012611	1.2814199828184156	-3.1924450767736716	-5.9175692365793786	-0.34495250332465477	5.3195738879587644	-1.3581886242520971	-1.1184340723151049	-1.4057316690383321	3.400636349639905
188	6039	Hovdala-2	56.1132251	13.7296953	0.89487632508833925	call_rate_ge_0.80	36.354114532470703	-22.765953063964844	-2.3914553315299765	-2.30835426288392	1.8287026287648769	-3.4782030325818178	-1.5594864378972395	-0.73866235675722192	0.91063221512490089	-1.3824096383738009	-2.6705416868672454	2.473573929418603
189	6040	Kni-1	55.66	13.4	0.97526501766784457	call_rate_ge_0.80	40.078189849853516	-23.028032302856445	-5.1256688500829313	1.8618410411531463	-8.0860984399199385	-9.8127402725380914	4.8394570452113186	20.867821630635312	1.5293763166241117	-1.7384311844995906	4.4268805145762675	-7.0044840683551826
190	6041	Lis-3	56.0089259	14.7427433	0.98939929328621912	call_rate_ge_0.80	36.314315795898438	-22.565797805786133	-3.0716657424281983	-0.071211519483816682	2.98552925907275	-3.8712727077405815	-1.3155363375932154	0.60995029639652276	0.026999019158952371	0.187559746485191	-2.1337401376372127	5.2587273468022229
191	6042	Lom1-1	56.0964877	13.8561835	0.97614840989399299	call_rate_ge_0.80	37.480602264404297	-20.985574722290039	-2.9705352633088689	-2.0077395336456711	4.0733487732336586	-4.9631905468580246	-3.8738977318866485	-1.0176591536384092	-2.1429763496660672	1.2451312574651707	-3.301208413444181	0.96168764210716573
193	6046	Löv-5	62.8003225	18.075722	0.92314487632508835	call_rate_ge_0.80	37.165946960449219	-25.595455169677734	-5.0239533617657113	14.227001046599177	-7.2110052882340616	-4.6471375868018363	-1.1325202510561319	-6.5048245428812104	0.70067605747954498	0.18759560133606268	0.51378753774418107	-0.9702338293623578
194	6064	Nyl-2	62.9513	18.2763	0.93551236749116606	call_rate_ge_0.80	37.345222473144531	-25.835735321044922	-5.5087312123470289	21.735010497804303	-8.044286975189749	-2.9552910200616935	2.4469909681134183	-6.2193491921979227	2.4615724297998569	1.1731647999016575	-1.9910117733493709	-3.235978019819183
195	6069	Nyl-7	62.95681	18.2763	0.98498233215547704	call_rate_ge_0.80	37.316074371337891	-25.911821365356445	-5.7191210942727375	23.003177698673021	-8.0015255805603136	-2.7409803416673841	3.2897548966394914	-7.1963689389085248	2.2958518664148579	1.1415875133462965	-1.595661072963557	-3.4539697958103854
196	6070	Omn-1	62.956806	18.339997	0.98674911660777387	call_rate_ge_0.80	37.378662109375	-25.960821151733398	-5.0981520925620663	23.166182544745723	-9.7272559356147728	-3.6604308565431798	1.7351162853858659	-8.8875857176560835	3.2752458730787581	-0.76620213811880789	-1.2333141971800887	-3.9708101664488971
197	6071	Omn-5	62.956806	18.339997	0.99116607773851595	call_rate_ge_0.80	37.33001708984375	-25.919954299926758	-5.3419482562959981	22.988123408043059	-10.187703868930814	-4.0754516289580556	1.2617118237978249	-10.251308630344747	2.7258750020269953	-0.63267725103964023	-0.86363288285110595	-3.2735479041551367
198	6073	ÖMö1-7	56.1460908	15.7779722	0.99646643109540634	call_rate_ge_0.80	36.494071960449219	-23.032203674316406	-2.2839466717919881	-3.1534665280478551	0.59162691388450639	-2.8746467459582461	0.55261121898058929	-0.95153235264891145	-1.7529920173345819	-1.2247372846008517	-1.5593086103184821	2.0073121615858054
199	6074	Ör-1	56.4573992	16.1301702	0.97349823321554774	call_rate_ge_0.80	36.944633483886719	-23.820459365844727	-3.6956024100628371	1.7364463164641708	-0.54555593367144639	-2.4353221999112908	-1.0800691137997371	0.9335441965230592	-1.9302153715573138	-0.87421341158060761	-0.37691363306850462	4.1869463983766186
200	6076	Rev-2	55.7170459	13.4354695	0.91342756183745588	call_rate_ge_0.80	38.024967193603516	-23.552761077880859	-2.5527820970391288	-1.3993556418710829	-0.065615087781693102	-5.5228246412234929	-1.1244368396702416	2.3325986429535743	-0.73782458930669992	0.48470135229159245	-1.7726911225503874	6.0001332745501461
201	6077	Rev-3	55.7170459	13.4354695	0.99293286219081267	call_rate_ge_0.80	40.136573791503906	-22.978822708129883	-5.0760426174242133	2.4579577809479001	-7.6999637603199869	-9.9539762305217288	5.676146738250333	21.534960506678523	1.5420639874192248	-1.7167325064397725	6.4395308844491996	-8.8050346248484725
202	6085	Sparta-1	55.709434	13.2155403	0.99293286219081267	call_rate_ge_0.80	38.136608123779297	-23.539079666137695	-4.5109689547817036	2.2120400676982461	-0.36961422515396797	-9.2524507315310238	-1.9616825092849965	3.0560622996214475	-0.8447613512744433	-3.0399827003062061	-2.5777783862565911	4.2638121347355371
203	6086	Sr:3	58.9	11.2	0.99646643109540634	call_rate_ge_0.80	36.48577880859375	-23.940143585205078	-2.9512526148811	5.2113707240021894	-7.6873650964927416	-1.947641325595258	-0.069679034548117247	1.5934679126611595	3.551859582023591	-0.075603106089189867	0.43604826203460267	1.8431116788338167
204	6087	Stu-2	56.465642	16.1302444	0.97879858657243812	call_rate_ge_0.80	37.050708770751953	-23.283782958984375	-1.8691951641185924	-1.1299262691651279	0.70791598207034001	-4.0376604682711932	-0.47033418948206512	2.0685492021812286	-0.63094133662312912	0.1597620120819544	-1.2283037857428158	2.9238379255219216
205	6088	Stu1-1	56.465642	16.1302444	0.99204946996466437	call_rate_ge_0.80	36.796840667724609	-23.219432830810547	-3.8892788660172486	-0.55189066037901802	1.0933031894345688	-3.4362399986925301	-2.1421371063395793	2.9617542648856765	-0.31874511444161818	-0.05171952431065599	-1.0258195569682078	3.7566470909628364
206	6090	T1000	55.6525	13.2197	0.99293286219081267	call_rate_ge_0.80	38.020065307617188	-23.560060501098633	-3.6699164150505887	0.2149033033833759	0.74025056496774333	-6.9622366014397548	-2.6071024932678339	1.969835464225467	-0.95557845322635471	-0.53421120614786843	-2.4993585801204525	7.0869019707814394
207	6091	T1010	55.6525	13.215	0.98763250883392228	call_rate_ge_0.80	40.174861907958984	-23.141822814941406	-5.6781297954782648	4.0809567092100316	-8.0825454823948988	-11.231823795101647	4.3260282465504787	22.863742057332686	2.0202577367651484	-1.7631920877175389	6.4267123893982179	-9.2920904099944988
208	6092	T1020	55.6514	13.2233	0.85689045936395758	call_rate_ge_0.80	37.655006408691406	-23.533479690551758	-2.4271998901772425	0.19912150717734586	-0.31376515065135524	-5.7115491490256929	0.33315265666990873	2.0870433696676498	-1.6209017326726993	-1.4452588007171072	-0.94578109461999604	3.7626840617899728
209	6094	T1040	55.6494	13.2147	0.94964664310954061	call_rate_ge_0.80	37.382457733154297	-23.525033950805664	-2.6138307344894152	0.62366636273120646	-0.18328025125714881	-5.339863854837084	-0.38114445515643092	4.2250572358557701	-0.42646089782657326	-0.090444007578876273	-0.46563264926948816	4.858920432363826
210	6095	T1050	55.6486	13.2161	0.99293286219081267	call_rate_ge_0.80	38.164497375488281	-23.613279342651367	-3.8439932819968434	-2.234492168683246	2.4578914724899565	-9.3371291244759469	-1.7083430927096717	5.5060058452804679	-1.882365433650691	-0.34581205540535542	-2.9489031636718219	4.66929831630714
211	6096	T1060	55.6472	13.2225	0.98939929328621912	call_rate_ge_0.80	38.045700073242188	-23.600654602050781	-3.734621574523918	-1.6751296566300236	-0.65259939862266625	-7.277962266884991	-2.8707707568588932	2.056380305604844	-3.2903075294528068	-1.8940578031836535	-0.88920415678560305	6.4537505016650636
212	6097	T1070	55.6481	13.2264	0.99116607773851595	call_rate_ge_0.80	38.061687469482422	-23.553045272827148	-3.714987653556137	-0.15289213590303546	0.16683647667360627	-6.9230010840637091	-1.6119471364817692	3.7331867093732756	-2.2215983389147724	-1.7543438907136892	-1.4877189427608439	5.6177638467218838
213	6098	T1080	55.6561	13.2178	0.9946996466431095	call_rate_ge_0.80	37.398765563964844	-23.434494018554688	-2.6923195183878614	-1.9101809420799516	-1.4869792811073526	-5.7118660755554478	-0.75489837463857445	1.6682449347404067	-2.3445640471330385	0.2222850751339536	-2.1746317677638571	2.6327198293447758
214	6099	T1090	55.6532394	13.2193742	0.99116607773851595	call_rate_ge_0.80	36.934268951416016	-23.569816589355469	-2.7816334857597353	-0.13511699621129852	-0.49818867075661971	-3.9351378552502285	-0.62836703086913348	4.4115620792038559	-2.3050438446861219	0.16073401847576435	-0.91994190451366942	3.8300281907944651
215	6100	T1110	55.6465188	13.2226591	0.98498233215547704	call_rate_ge_0.80	37.995353698730469	-23.607765197753906	-3.466953548776655	-0.52493356585312556	0.8225257256816243	-7.9285982487469919	-2.3053711121964211	3.804261441642558	-0.67340200677198592	-0.37145345156952797	-2.1986275387906793	2.6047569122165162
216	6101	T1120	55.6465188	13.2199068	0.99381625441696109	call_rate_ge_0.80	37.754642486572266	-23.545576095581055	-2.9956898463875987	-1.1300647765169864	-1.2886834657604318	-5.4705512467977648	1.8553747657662116	3.8751884762280273	-0.53217800267078652	-0.51124595248126448	-2.7884502177590607	1.8878733025630388
217	6102	T1130	55.6484554	13.2240307	0.97349823321554774	call_rate_ge_0.80	37.913227081298828	-23.582361221313477	-3.1348201840613354	0.18525603789939821	-0.095642460373261587	-5.0069667606995187	-1.255694448669181	3.5500716909720791	-1.3176428068640176	-0.41567986731516643	-1.2070581244361449	2.3955681973122038
218	6104	T1160	55.6995163	13.2078964	0.98939929328621912	call_rate_ge_0.80	40.100814819335938	-22.975126266479492	-5.2250630554347879	1.3806309199866573	-6.7575993664898091	-11.574123123067269	4.6250543767846146	20.131980569420939	0.78550004641220195	0.27679203573919564	4.7146537114354823	-9.0993040039825601
219	6105	T450	55.7912838	13.1166475	0.90636042402826855	call_rate_ge_0.80	37.218307495117188	-23.615018844604492	-3.1138104325803155	-0.63607335912239715	0.32602165032181274	-5.0873295390814439	-0.40109736357541032	3.7309140391319882	0.23608102504425696	-0.90880423687286782	-1.9042345210188028	3.2910215211222407
220	6106	T460	55.7892517	13.1151131	0.99204946996466437	call_rate_ge_0.80	38.074100494384766	-23.488386154174805	-5.6815623064543042	1.3885970135084766	1.2499218530805591	-9.1325588707456689	0.095887436857275812	4.7347436783387442	-1.8706062467120899	-0.82235529864260293	-3.3885498022590483	4.7930872315029625
221	6107	T470	55.789833	13.1172969	0.99116607773851595	call_rate_ge_0.80	38.157905578613281	-23.566795349121094	-4.2043873933643505	2.5001058366119335	-0.23718508238012651	-7.8587415564546443	-1.0294812771013333	5.6217130053619639	-2.4219580988889327	-1.0519793928296624	0.15373325761906034	5.1697927479843342
222	6108	T480	55.7925311	13.1162548	0.99116607773851595	call_rate_ge_0.80	33.424919128417969	-22.919382095336914	0.1869267601754791	-3.4266939874085751	-4.0052466751718567	0.56073784675833238	5.9693399224670998	-0.63016434021924173	0.45220460178201516	1.230047227436923	0.32525656009090459	0.66170340635070846
223	6109	T510	55.7895346	13.1113481	0.96819787985865724	call_rate_ge_0.80	38.085086822509766	-23.572637557983398	-4.0648393959814832	0.81434585019813588	1.7662400338337643	-10.22730980973715	-2.6775400338465563	3.7836697122179785	-1.6588845595967285	-1.859884109167774	-0.3703466289517065	5.6454157769791617
224	6111	T530	55.7928025	13.1104309	0.98409893992932862	call_rate_ge_0.80	38.012748718261719	-23.623819351196289	-5.5011359063302354	-1.638994983321431	0.43438815028834071	-5.4233341133575719	-2.951225032667713	5.0923384012511761	-2.0663216568362288	-2.7444112535726437	-3.4161498790329179	5.898751610017313
225	6112	T540	55.7908676	13.09336	0.9832155477031802	call_rate_ge_0.80	38.1553955078125	-23.628765106201172	-3.5666010717521059	-0.828811877192003	0.98412747205228557	-8.8142742081236829	-1.204343657851737	5.5425462033627317	-1.7925814230278743	-0.74357632012255537	-0.49863690281330503	3.511364249611983
226	6113	T550	55.7976997	13.0996565	0.98586572438162545	call_rate_ge_0.80	38.125656127929688	-23.624628067016602	-4.8653631308320726	-0.85766988706635161	1.4067648147256488	-6.7197250738784495	-2.6114875761441771	3.1418072873305478	-3.9270848180963567	-0.25231508669309544	-0.61283577609733308	3.5879008788401934
227	6114	T570	55.7990936	13.1296295	0.98498233215547704	call_rate_ge_0.80	38.229129791259766	-23.673650741577148	-3.5359886118911135	0.71450066272466073	1.6950170569163769	-7.8523066700726663	-2.1993702972700735	3.5724477906079795	-1.4954433157023104	-1.0523945761823823	-0.37783217466532509	5.4842103751198534
228	6115	T580	55.7932875	13.1326552	0.96289752650176674	call_rate_ge_0.80	38.097515106201172	-23.670810699462891	-5.6285902402436045	0.90364076281372452	0.75206299154825396	-7.0449435471111785	-1.9121874971010628	3.8142675076810844	-2.4599286470327737	-0.72047050874400465	-2.9857076783949288	6.4839798907535409
229	6118	T610	55.7138306	13.1745511	0.99823321554770317	call_rate_ge_0.80	40.078418731689453	-23.077470779418945	-5.1753481586556855	4.3867858575057861	-7.7573831361350125	-11.140221220948558	5.1675022153020755	22.601219819468287	1.451469719180376	-1.2967916400715691	5.7495510527118441	-7.8958565847515683
230	6119	T620	55.7034097	13.1729204	0.99823321554770317	call_rate_ge_0.80	38.150173187255859	-23.533987045288086	-3.6843913720341988	0.41710020552031773	2.4881239710420266	-6.3966006305377254	-1.6254393614038662	3.1348730006551175	-2.1621438180263004	-0.92641948820834108	-2.7779555166924488	5.218783527137778
231	6122	T670	55.8350143	13.2954193	0.94522968197879864	call_rate_ge_0.80	40.022045135498047	-23.070522308349609	-5.5357835221719949	2.3844702509286377	-4.9198862246090265	-10.437758798843294	3.1720631522461247	18.551741863184635	0.84240487330784197	-1.820565625873529	4.8332699466146263	-6.9183944510560691
232	6123	T680	55.8351287	13.2986651	0.99823321554770317	call_rate_ge_0.80	38.206581115722656	-23.661222457885742	-3.6175659415991333	0.49589107482133044	0.63907801276689646	-8.594242778890127	-2.3213461114593228	4.313971042564777	-1.1551310450895869	-1.2845984327293516	-0.42190430892206809	5.4167987817846548
233	6124	T690	55.8362185	13.2995709	0.99204946996466437	call_rate_ge_0.80	38.275119781494141	-23.59742546081543	-3.9236438259269293	0.39207018299320956	0.14763507667321649	-9.1687938125669231	-1.3794741737395362	6.382912070551181	-1.0699685426296546	0.85254795646725035	-0.88865202053833126	7.466265506930573
234	6125	T710	55.8371341	13.2984818	0.97791519434628971	call_rate_ge_0.80	40.056922912597656	-23.060564041137695	-5.2308648692951492	2.1515887924286887	-6.883513870361365	-10.523131479359204	4.2061773889171405	18.30207028297032	1.9365211770595949	-0.34036064640922931	5.2315868521342441	-7.4320679621125674
235	6126	T720	55.8379372	13.3002261	0.98674911660777387	call_rate_ge_0.80	38.152088165283203	-23.592136383056641	-5.4276784802574074	0.0016021424101390863	0.60124388880752866	-8.9989938688883484	-1.6087256087650703	3.9263154400004798	-2.5728028460446155	-1.4495507766508486	-3.725116656741708	7.6354123580150359
236	6128	T740	55.8397	13.2881	0.98939929328621912	call_rate_ge_0.80	38.144786834716797	-23.664688110351562	-4.1088284024914241	0.13430723691530663	0.91624988084599568	-8.5069149103167252	-0.84983137421054988	4.0944328304695379	-0.49735828632046236	-2.6812050787711375	-1.6310048352077433	4.6955077955603644
237	6131	T780	55.8369	13.3181	0.99558303886925792	call_rate_ge_0.80	40.019241333007812	-23.042421340942383	-4.2680960142512463	2.0336134181625551	-4.0589015979402259	-12.515848084849441	2.5341940766885886	16.318351697764928	-1.059196543825305	-2.6691217516510948	3.8915095673983848	-4.9477878906590984
238	6132	T790	55.8386	13.3186	0.99204946996466437	call_rate_ge_0.80	39.723957061767578	-23.157295227050781	-4.5402806076360926	2.4422810657502958	-3.3615472924730732	-8.0965493178144747	1.6056133980923977	10.876905952786636	-0.020197911506902269	-1.6284769778080859	0.45678749641865657	-0.61531187335686965
239	6133	T800	55.8422437	13.2995693	0.97968197879858654	call_rate_ge_0.80	40.042827606201172	-23.087032318115234	-5.9865026653435072	1.703548423651563	-4.7243754236012299	-11.294340757422662	1.4487880644878341	13.866699141396197	-0.030789678866307683	-1.556802764791978	1.4464753768346592	-3.9796228254411905
240	6134	T810	55.8383	13.2906	0.99646643109540634	call_rate_ge_0.80	38.069110870361328	-23.57551383972168	-5.7496738841953565	1.4093755201471321	0.99736199060510367	-8.5498540315996863	-1.6257558989498544	4.6235781305350976	-1.7212364266440814	-2.443627896344359	-1.1325594819157168	5.5681176737589722
241	6136	T840	55.9336	13.5519	0.97791519434628971	call_rate_ge_0.80	40.122894287109375	-22.997005462646484	-5.615657727574372	1.3087192643704575	-6.6090736921250572	-11.398758795598221	5.2477850225800386	20.60634765658099	0.65471463404649377	-1.7705470726713737	6.4532067199831191	-7.8910582127447482
242	6137	T850	55.9419	13.5603	0.91431095406360419	call_rate_ge_0.80	39.987842559814453	-23.045379638671875	-5.2720410664034354	0.07065213010975202	-2.6265194966048822	-7.9825472366388368	3.3450579443190778	13.596463390819549	0.051640294136891321	-0.34437633632332743	3.0383152751191207	-6.2016925604479889
243	6138	T860	55.9403	13.5511	0.99116607773851595	call_rate_ge_0.80	39.986324310302734	-23.099225997924805	-3.147025505761003	1.2452678601215843	-2.9520126561954196	-7.9639077871789405	0.33258402896426681	14.425703077368281	-2.9720832605927994	-1.3837705912738771	0.45004128148796302	-2.7249605993978094
244	6140	T880	55.9392	13.5539	0.97879858657243812	call_rate_ge_0.80	40.061676025390625	-23.049098968505859	-3.701878345098967	1.3878029476212532	-6.0183686715964138	-8.6729275229856917	3.4393327414211936	16.781152462641259	0.96062895399587556	-2.691705366255233	3.1162644979530012	-3.8971994561286154
245	6141	T890	55.9414	13.5542	0.99204946996466437	call_rate_ge_0.80	38.295581817626953	-23.583992004394531	-3.6484187032454458	0.038035453087409486	-0.045913156218955829	-9.6495346325683258	-2.0338244047617131	4.5505395567448819	-1.0926868520523936	-0.48259652809284048	-0.93670470346459767	6.7374533913740056
246	6142	T900	55.9428	13.5558	0.99204946996466437	call_rate_ge_0.80	40.094520568847656	-23.064687728881836	-5.0018904270889673	1.0859739227454441	-5.9047595628573415	-9.4048416064058209	5.1760183054636641	18.261432581228014	0.7073702432828981	-0.25653928280761468	3.7078536690008401	-7.6810045779108203
247	6145	T930	55.9497	13.5533	0.9885159010600707	call_rate_ge_0.80	40.074699401855469	-23.054775238037109	-5.37626807326492	0.74334780556907798	-6.7833499234570986	-9.7793547589109622	4.9602161686507422	20.462673238264962	0.61593822729093162	-1.2363938490248509	5.9036356162065973	-6.7326765182609334
248	6148	T960	55.9319	13.5508	0.9832155477031802	call_rate_ge_0.80	39.996562957763672	-22.987628936767578	-5.9247016669713721	0.96983957371829765	-3.9939232369035249	-8.8934675080375367	3.3628613780820542	14.537317016510922	-0.46669740654245523	-1.9557947119627126	1.0166394574822544	-2.0867605288212863
249	6149	T970	55.9281	13.5481	0.9372791519434629	call_rate_ge_0.80	39.949905395507812	-22.965173721313477	-3.8805643773423535	0.57270696611797567	-4.7370671145336232	-8.0119473334355273	2.9139950205124676	15.31830373094545	1.0618656618858819	-0.63466604713351404	2.916254842176893	-3.7861057685912285
250	6150	T980	55.9261	13.5319	0.99028268551236753	call_rate_ge_0.80	40.013225555419922	-23.12333869934082	-6.0646084177061601	1.5901369321623229	-5.5515800897624219	-10.502768120122443	4.3836449692730968	17.336998572544264	2.9045656614157238	-2.158148863817567	5.6065550280017789	-7.7924506896825383
251	6151	T990	55.6528	13.2244	0.99293286219081267	call_rate_ge_0.80	36.342140197753906	-23.467334747314453	-0.33935537086950518	0.94817549191947059	-1.2683808439669171	-4.1394599743949927	-0.11831273487826484	3.1266424183591615	1.2859015368658511	-0.38746939297363203	0.15917349675526982	2.5465848913098892
252	6153	TAA 03	62.6381	17.7311	0.97879858657243812	call_rate_ge_0.80	36.889671325683594	-24.853145599365234	-5.5198548254584976	13.226971223321501	-6.7740402373461359	-3.6640236987837724	-0.30384620804620893	-5.0566489588177035	0.63495940648634475	-0.46735127453066838	-0.54802553095139939	-0.0647773405875752
253	6154	TAA 04	62.6381	17.7311	0.98056537102473496	call_rate_ge_0.80	36.941513061523438	-24.885229110717773	-5.6383147676830854	13.02576084575149	-6.852404908759083	-3.3126902263089582	-0.91032472429946043	-5.0171506116100177	-0.086794007314458896	-0.031232317326934024	-0.56369047310999854	0.26105041463899609
254	6163	TAA 14	62.6381	17.7311	0.99028268551236753	call_rate_ge_0.80	36.907257080078125	-24.914995193481445	-5.3500848472788647	14.059675766764082	-7.2129367316791386	-3.4601039831962863	-1.433855199800971	-5.4815704969167944	0.51972059632171419	-0.28063027972997912	-0.51381019695393959	0.034799582186282103
255	6166	TAA 17	62.6381	17.7311	0.99028268551236753	call_rate_ge_0.80	36.894287109375	-24.888818740844727	-5.4091224989569167	12.770843943625739	-6.4410953621620557	-4.1328029054858719	-0.60838747946718452	-4.868503238527679	0.44611318081635909	-0.13470905928511423	-1.0771778131947423	-0.09598471509651213
256	6169	TÅD 01	62.8622	18.336	0.9885159010600707	call_rate_ge_0.80	37.233249664306641	-25.856039047241211	-4.8772018319018109	22.38663895404504	-10.626538317076704	-6.1048364073927299	0.59568501957815778	-4.6930245981650476	3.5464167655613292	-0.368716973285038	-0.31435849030801838	-0.52307572662133317
257	6172	TÅD 04	62.8622	18.336	0.98409893992932862	call_rate_ge_0.80	37.248916625976562	-25.976190567016602	-5.2449093382147849	21.887530919107768	-8.3517959857818322	-5.4998899821858949	2.0921664338911103	-6.9808859637594951	2.1119324709846965	0.0010933050225319894	-0.18142472113575461	-2.1104666298181147
258	6173	TÅD 05	62.8622	18.336	0.99293286219081267	call_rate_ge_0.80	37.327388763427734	-25.833023071289062	-5.1455547103774739	24.053929647159475	-8.8103931165515075	-5.4773874454381302	1.5815368560411094	-6.7033484688527984	4.2519534588836692	0.42979495127680012	-0.18359095251679611	-1.8380822134736721
259	6174	TÅD 06	62.6252	17.6771	0.98939929328621912	call_rate_ge_0.80	37.307598114013672	-25.873348236083984	-4.9429945015050309	21.861994597861042	-8.9331238175191992	-5.6476917652442822	0.62809678893794341	-6.4504337184143905	2.3419760339394999	0.14680883240944909	-0.30902621401442176	-1.7661061430876424
260	6177	TÄL 03	62.6252	17.6771	0.9885159010600707	call_rate_ge_0.80	37.064369201660156	-25.280729293823242	-5.5610813820989371	16.698066659270371	-4.7815578507603425	-2.9916078206815877	1.108726908894011	-4.0956019845199982	1.6456357761800777	-0.19335991173004941	1.3114996848473686	-0.78157021268193194
261	6180	TÄL 07	62.6252	17.6771	0.98586572438162545	call_rate_ge_0.80	35.353736877441406	-21.89375114440918	-2.3324547804534994	-2.7435869342520753	3.13225378966135	-4.6239024740185508	0.37610168737436123	-1.0765831598468509	0.14536582496167097	0.62530357969180272	-4.6078066814597562	-0.25712856817969443
262	6184	TBÖ 01	62.8794	18.4473	0.99381625441696109	call_rate_ge_0.80	36.897960662841797	-24.969352722167969	-4.9613863302159755	14.223258421567454	-5.326253008132559	-2.7328321864654952	1.0116444204852229	-3.857988959441832	2.7143367413082879	1.0554948889275408	0.56400008490512632	0.45569008599514743
263	6188	TDr-1	55.758856	14.1328223	0.95848056537102477	call_rate_ge_0.80	36.6162109375	-22.676429748535156	-3.6795285334235217	-2.3088004052541553	2.2058336516263433	-4.7666126546946828	-2.8012523311425142	-1.2739129696281604	0.97840495196683896	1.8399523625670147	-3.2933122590355288	1.3223254954327606
264	6189	TDr-2	55.758856	14.1328223	0.9885159010600707	call_rate_ge_0.80	36.489456176757812	-22.70985221862793	-2.8113076919180671	-0.96577651016752242	1.5317156596657096	-4.8844337759953307	-1.9967129771236816	-0.6239618428094067	-1.523087379077336	-0.64516635199829697	-0.56756533381301799	3.1998626484728785
265	6191	TDr-4	55.758856	14.1328223	0.93992932862190814	call_rate_ge_0.80	36.431678771972656	-22.729663848876953	-3.1918182333212832	-2.5327273478107055	3.2241041929218532	-3.9371651273370523	-1.7971553339060058	0.3877027416201102	-0.93543590406934041	0.81847927414145794	-2.1645941782418059	2.0889537037655015
266	6192	TDr-5	55.758856	14.1328223	0.95848056537102477	call_rate_ge_0.80	36.459373474121094	-22.684282302856445	-2.555556754111088	-1.5191384815515898	1.1912157981475231	-3.9085415519889195	-1.979131979547577	-1.0737497152742137	-1.1347772060428531	0.42335984322643472	-1.732991520375426	1.9944370099095672
267	6193	TDr-7	55.758856	14.1328223	0.98939929328621912	call_rate_ge_0.80	36.499839782714844	-22.656747817993164	-3.2257112621965609	-2.8176340658153327	0.60091774145753574	-5.0134499576489349	-1.9652004665921374	-1.0023530103600606	0.35644752100702798	0.65621437111470771	-1.6499929451251167	2.1649614146335203
268	6194	TDr-8	55.758856	14.1328223	0.99646643109540634	call_rate_ge_0.80	36.794708251953125	-22.855123519897461	-3.1203997959500058	1.5287550746063272	-0.050460027023853937	-6.1476682820065855	-0.043929144399486357	2.0976854049292011	-1.4172167232818194	0.070237926140498494	-0.48644285234600088	2.92307948993786
269	6195	TDr-9	55.758856	14.1328223	0.98763250883392228	call_rate_ge_0.80	36.8060302734375	-22.705535888671875	-3.92980473980833	-1.6303943678738424	1.904429838632494	-6.0018538227896743	-2.7829322721610712	0.36816407997437034	-0.11671596380708948	1.4286248387473308	-0.81406223230262764	2.5225297079951541
270	6198	TDr-13	55.7567793	14.1225226	0.99204946996466437	call_rate_ge_0.80	36.408546447753906	-22.644828796386719	-2.5300869777934367	-1.2716198092246436	1.223860365224644	-4.3429254392686865	-1.7266999029352008	-1.7663673546422276	1.6945011220599109	0.61108553558381251	-2.3855953478149998	2.6689503027362718
271	6201	TDr-16	55.7567793	14.1225226	0.9885159010600707	call_rate_ge_0.80	37.173854827880859	-23.307390213012695	-3.118003850363805	0.58991910638665856	-0.25160145765828074	-4.4883801905044711	-3.2682370200824304	0.74622935612458086	-0.93338669338388758	-0.76815239398055446	-0.4533242624297566	3.192588560153871
272	6202	TDr-17	55.7567793	14.1225226	0.98939929328621912	call_rate_ge_0.80	37.072311401367188	-23.14691162109375	-2.172893159441458	0.54514793682991713	0.55770628413871781	-4.9839794714914625	-1.4046465426727546	1.7028732337567354	-0.96518541652382861	-0.60406347595286825	-0.37102567574537865	2.6333361602984762
273	6203	TDr-18	55.7567793	14.1225226	0.94611307420494695	call_rate_ge_0.80	36.725650787353516	-23.031309127807617	-3.4779364541688573	0.37433071591812828	-0.48077985784222271	-4.2819102721448843	-0.62914010157843092	-0.045727260597260906	-1.8139693925381617	1.187081123965412	-1.4257656948163424	5.965697408714048
274	6209	TEDEN 02	62.8759855	18.1749827	0.99293286219081267	call_rate_ge_0.80	37.234794616699219	-25.881572723388672	-5.8273947264733295	21.638046585261048	-9.1064931627857639	-2.6256446052757809	0.52166481355455241	-6.4144150575829348	1.7561940789425103	-1.2402935950724832	-0.027633656170749057	-3.5723832509432936
275	6210	TEDEN 03	62.8759855	18.1749827	0.98586572438162545	call_rate_ge_0.80	37.202785491943359	-25.974237442016602	-6.1102480238284675	22.957422559029226	-7.8948990850009109	-2.0155550085310985	1.1149162054030202	-5.2037570149293506	2.6646855436776593	0.27781633857814941	-0.60329765224985066	-4.3347278009552701
276	6214	TFÄ 04	63.0165	18.3174	0.99293286219081267	call_rate_ge_0.80	37.271800994873047	-25.83027458190918	-4.522873433379516	20.584140814596722	-7.8326091739348174	-2.9169508012584782	1.1058436622157397	-8.8784807577494327	4.7275702942583679	-1.2130856158023087	-1.8118443436555212	-3.7343504129659451
277	6216	TFÄ 06	63.0165	18.3174	0.98939929328621912	call_rate_ge_0.80	37.185207366943359	-25.898532867431641	-3.8778647354133065	20.875834832716961	-7.2575237568506425	-2.485528940577848	0.84125320651643776	-8.7075920162949689	4.8023002923886304	-1.1539992648163162	-1.7338017113536532	-2.9017326050880548
278	6217	TFÄ 07	63.0165	18.3174	0.98939929328621912	call_rate_ge_0.80	37.187290191650391	-25.913606643676758	-4.8490186754882512	21.154878499320965	-6.8004928481336799	-2.6123483907329232	1.6607937975309264	-8.2324394857100174	4.312460377509753	-1.1341428481939904	-1.4250389895316393	-4.0422944117742379
279	6218	TFÄ 08	63.0165	18.3174	0.99116607773851595	call_rate_ge_0.80	37.066665649414062	-25.780061721801758	-3.7083896500529563	18.952576247992997	-6.9390519046348	-1.0979182654576443	-0.16486098164293964	-7.2942616178281376	3.590991768170654	-1.7800475664870921	-1.4819477844197242	-1.9218655809628993
280	6220	TGR 01	62.806	18.1896	0.97438162544169615	call_rate_ge_0.80	36.919654846191406	-24.859060287475586	-5.6672854402837771	13.917379224893349	-6.362239869783596	-3.8357218369188817	1.1118334841459387	-2.4334019010781027	2.40665836119841	-0.66006415679256947	-2.2019391785659419	2.1210032171801751
281	6221	TGR 02	62.806	18.1896	0.97261484098939932	call_rate_ge_0.80	37.238857269287109	-26.012554168701172	-4.9866938802425	22.80378675140194	-9.9650607340943278	-4.4531003398765465	1.1510860308571811	-5.5101690488158823	4.3732755471760987	-0.42395004915945206	-1.1753079974611187	-1.9323399675750681
282	6231	TNY 04	62.9513	18.2763	0.94081272084805656	call_rate_ge_0.80	37.324317932128906	-25.914291381835938	-5.2825879255364931	21.469495364418076	-7.1737340495684263	-2.557969670421592	2.2872473825106674	-6.9725373181193104	1.8910128562424253	0.98690581632417573	-1.9242221632931842	-3.2107989226631113
283	6235	TOM 01	62.956806	18.339997	0.98763250883392228	call_rate_ge_0.80	37.386333465576172	-25.910709381103516	-5.6839947899863645	25.023256350933693	-10.25648646129334	-4.0296193449713957	1.5828689522253405	-9.4064939009485879	3.1636927245138069	-1.413994417587888	-0.45431432528278259	-5.0240578704002026
284	6237	TOM 03	62.956806	18.339997	0.93551236749116606	call_rate_ge_0.80	37.402122497558594	-25.954627990722656	-4.8255630718044724	22.528907685986034	-8.9272175307132553	-3.3093143739712869	0.81502068024311047	-7.8819376312333	2.3929918148493718	-1.6957514828701843	-0.94997998713455611	-3.3496469305648957
285	6238	TOM 04	62.956806	18.339997	0.98939929328621912	call_rate_ge_0.80	37.40362548828125	-25.966428756713867	-5.5774125116474886	23.275757921320327	-10.656989937041653	-2.4343356250177099	0.68429148117447425	-9.2878357159694787	1.9120430156033423	-1.6040688717904552	-1.4871621270510698	-5.5305210288804094
286	6240	TOM 06	62.956806	18.339997	0.95318021201413428	call_rate_ge_0.80	37.434486389160156	-25.983659744262695	-5.7066369328769664	22.045987537509856	-9.2915535248507268	-2.413714720024386	1.2637316410303272	-8.7147643386721683	2.7715351364374303	-1.4117453880635844	-1.662134308749833	-4.9865751550894144
287	6241	TOM 07	62.956806	18.339997	0.87102473498233213	call_rate_ge_0.80	37.421421051025391	-26.009265899658203	-4.6894876789855102	19.873942920177761	-8.4828443815700059	-3.0660627441362087	1.3550774829688745	-7.8585612846023514	2.1625031165796114	-0.59658414361848588	-1.0848352571842779	-4.086706566932504
288	6242	Tomegap-2	55.7060213	13.1960732	0.96201413427561833	call_rate_ge_0.80	38.189731597900391	-23.517791748046875	-1.166744366154163	-1.2119142798223701	0.71825057481521826	-5.5294751502342834	-1.2186439408709282	2.6864624867198157	-0.19660664904771477	-1.1611070724383328	-3.1455688464051992	4.0669410047755532
289	6243	Tottarp-2	55.95	13.85	0.97261484098939932	call_rate_ge_0.80	37.260612487792969	-20.717863082885742	-2.5992108743659794	-1.399034034411079	7.7904353352776576	-3.5434521684830669	-4.484695249513047	-2.9230087560733535	0.61250633891837458	-0.058072406395932287	-1.4837437918800123	-3.60059312644663
290	6244	TRÄ 01	62.9169	18.4728	0.95936395759717319	call_rate_ge_0.80	37.44970703125	-26.032419204711914	-5.3484687209900814	21.558957863070979	-9.6788243478971712	-4.5384470489637847	2.5937935779669061	-7.9231540164012975	3.3205861754633155	0.13460740147882899	-0.18888961677664481	-2.7126249262395064
291	6252	TV-4	55.5796	14.3336	0.98674911660777387	call_rate_ge_0.80	36.823387145996094	-24.282768249511719	-2.7626436778172399	6.4764154912508234	-6.3612541535244871	0.50021147190203863	-1.0745438837152157	1.899593424314665	-0.38015940022750455	1.6739566149553782	0.0024294889134179303	19.261582480645519
292	6255	TV-7	55.5796	14.3336	0.91607773851590102	call_rate_ge_0.80	36.823707580566406	-24.270393371582031	-2.633211596597048	5.8414214379720351	-5.8637997639816684	-0.26902483838218921	-1.1009751609834093	1.191492594729787	0.077209351307982801	1.0877340954183463	-0.40872581135292341	17.844718422690693
293	6258	TV-10	55.5796	14.3336	0.98586572438162545	call_rate_ge_0.80	36.941215515136719	-23.919998168945312	-3.4207939878813578	0.80001478829567674	-2.0228560805271734	-4.1634706493903906	-0.57030328891507398	3.5073294500609045	-1.6176441888224122	-0.49816964828697596	-2.4754095782904013	7.8932683006653317
294	6268	TV-22	55.5796	14.3336	0.99646643109540634	call_rate_ge_0.80	36.841457366943359	-24.259954452514648	-3.1958381675719503	6.431652066358363	-6.9100950943689359	0.3516064779692844	-1.728232423613409	1.9664324834908684	0.072974843946599741	2.3351195021428164	-0.541670705325345	19.935191336865312
295	6276	TV-30	55.5796	14.3336	0.98939929328621912	call_rate_ge_0.80	36.943527221679688	-24.345857620239258	-2.7648178117095794	6.1582656712526145	-7.0216676188638312	-0.014623264274993055	-1.5306802507313142	1.2097219782435225	-0.30560270744260665	1.9865578370913541	-0.3340226828661465	20.492950113726014
296	6284	TV-38	55.5796	14.3336	0.99116607773851595	call_rate_ge_0.80	37.405246734619141	-23.430511474609375	-2.89958610479197	-1.3355602595149254	1.3892709300210779	-4.0133231844181054	-0.30375313470127296	3.9055543975516991	-2.122918864050662	0.1744087215094185	-2.1890819314666459	4.3146252772345584
297	6296	UduI 1-11	49.2771	16.6314	0.85865724381625441	call_rate_ge_0.80	37.999477386474609	-20.649084091186523	-2.8522198520014093	-3.2201958448354313	5.7663385307672161	-4.8334187001743834	-3.0503062097696572	-2.9087418553774111	0.63799730209015215	1.4246433835972359	-1.6517499415792449	-2.2856416444557537
298	6390	UduI 3-36	49.2771	16.6314	0.86042402826855124	call_rate_ge_0.80	38.078933715820312	-20.685102462768555	-2.5498450999917992	-1.8671510565925171	5.8563215481992819	-4.3027326407574611	-4.2833274215431985	-1.377160749207311	0.83485205044189625	2.6467946259111814	-1.4665597596200124	-0.94230154088745499
299	6396	UduI 4-9	49.2771	16.6314	0.84275618374558303	call_rate_ge_0.80	37.937259674072266	-20.642831802368164	-3.8627397317196799	-3.9430432893885534	6.1070208134269537	-4.4240189218758523	-2.9169246725196838	-3.8410019294586553	0.81655536849522392	-0.64446362658940193	-2.5665152564321834	-1.695513412329237
300	6413	Ull3-4	56.0630848	13.9583592	0.91254416961130747	call_rate_ge_0.80	37.142002105712891	-23.211105346679688	-3.4024765520736762	-0.068039577281895344	1.1384882479734435	-3.6385524338454522	-0.063271588032006693	0.051879849699963503	-0.1063445430549793	-2.2066120600846162	0.06868387462983927	2.4984768224734211
301	6424	ZdrI 1-23	49.3853	16.2544	0.89575971731448767	call_rate_ge_0.80	38.001865386962891	-20.561956405639648	-4.6548619135540594	-3.1085730218051579	5.1611720415193858	-4.14691151342572	-4.7852320863586666	-1.8807074087601534	0.71335591591119352	1.8254328634611494	-2.8900795854844237	-3.2512227246579566
302	6434	ZdrI 2-9	49.3853	16.2544	0.89575971731448767	call_rate_ge_0.80	36.649112701416016	-21.817106246948242	-3.1446953846701748	-0.038198309974073044	4.6091615091638314	-3.6826384476081677	-0.87415632094252826	-0.29516416585147331	0.08922249628288427	0.44893703617044667	-1.4110412728629871	0.38426362967904021
303	6445	ZdrI 2-21	49.3853	16.2544	0.82685512367491165	call_rate_ge_0.80	38.164710998535156	-20.489961624145508	-2.4986025888749062	-3.5835536986247822	6.1106355784816646	-5.2610493794447146	-2.847238721764636	-2.5537910883616051	1.5333663506249871	0.86296732366538176	-3.7599428144205795	-1.4583441639382202
304	6680	ANH-1	51.85	6.4333	0.96554770318021199	call_rate_ge_0.80	34.311622619628906	-22.366765975952148	-1.7285536455857973	-5.3942313666048802	-0.062286130515198046	-0.56311261197371265	-0.13291014265763879	-1.7869407625116771	1.5460069857606844	-2.4657248977294546	-0.30888533209582308	-2.4521429868196734
305	6739	CSHL-15	40.8585	-73.4675	1	call_rate_ge_0.80	-16.812435150146484	12.335204124450684	32.402001430862811	2.4931222328005118	1.0721727349985313	0.25249265844070112	-1.3535866232066522	0.82860300216154303	0.35702368577154342	0.038720200844285298	0.47683061257625847	-0.21471498743723105
306	6740	CSHL-17	40.8585	-73.4675	1	call_rate_ge_0.80	-16.947710037231445	12.381963729858398	32.402001430862811	2.4931222328005118	1.0721727349985313	0.25249265844070112	-1.3535866232066522	0.82860300216154303	0.35702368577154342	0.038720200844285298	0.47683061257625847	-0.21471498743723105
307	6744	CSHL-5	40.8585	-73.4675	0.81007067137809186	call_rate_ge_0.80	33.650306701660156	-22.489982604980469	5.7985670516124346	-1.6041092428191726	-0.31880425447792149	-0.7915096980008598	3.2558475520642776	-1.0102663887665218	-0.26744807541320259	-0.68810050158158242	-0.83186911121812934	0.14212126060288591
308	6749	FM-10	42.4489	-76.5072	1	call_rate_ge_0.80	-16.89276123046875	12.265021324157715	32.402001430862811	2.4931222328005118	1.0721727349985313	0.25249265844070112	-1.3535866232066522	0.82860300216154303	0.35702368577154342	0.038720200844285298	0.47683061257625847	-0.21471498743723105
309	6750	FM-11	42.4489	-76.5072	1	call_rate_ge_0.80	-16.846281051635742	12.356109619140625	32.402001430862811	2.4931222328005118	1.0721727349985313	0.25249265844070112	-1.3535866232066522	0.82860300216154303	0.35702368577154342	0.038720200844285298	0.47683061257625847	-0.21471498743723105
310	6805	HS-12	42.373	-71.0627	1	call_rate_ge_0.80	-16.862024307250977	12.26120662689209	32.402001430862811	2.4931222328005118	1.0721727349985313	0.25249265844070112	-1.3535866232066522	0.82860300216154303	0.35702368577154342	0.038720200844285298	0.47683061257625847	-0.21471498743723105
311	6806	HS-17	42.373	-71.0627	1	call_rate_ge_0.80	-16.818977355957031	12.200798034667969	32.402001430862811	2.4931222328005118	1.0721727349985313	0.25249265844070112	-1.3535866232066522	0.82860300216154303	0.35702368577154342	0.038720200844285298	0.47683061257625847	-0.21471498743723105
312	6814	KNO-15	41.2816	-86.621	0.99911660777385158	call_rate_ge_0.80	-16.886402130126953	12.281106948852539	32.396772116842996	2.4858121720900144	1.0693472502696246	0.23692268231123775	-1.3539633601451349	0.85022738577770018	0.35774892224183635	0.036474211266409907	0.48435253487666635	-0.22596401137736002
313	6830	Kz-13	49.5	73.1	0.84363957597173145	call_rate_ge_0.80	36.705966949462891	-21.702556610107422	-4.2723591559541907	3.8067870180317609	7.1752406862686557	1.1858984554266156	1.0665002975105145	0.66576677572267562	0.1040625476626952	1.2779201225424688	-1.7576206035081021	0.25818292500295387
314	6897	Ag-0	45	1.3	0.96201413427561833	call_rate_ge_0.80	33.660770416259766	-23.510255813598633	-1.6704185395729778	-5.679128449485904	-1.4439240729730565	-0.92043471390873566	3.8594171406837963	0.01088296121393831	0.08225662174309234	-0.85450209854628778	1.3172179784330857	-1.7353338408902359
315	6898	An-1	51.2167	4.4	0.95494699646643111	call_rate_ge_0.80	34.070827484130859	-23.107715606689453	-2.0493379334697046	-3.2008621487326021	-2.0109272954656285	-0.47424273604963885	3.5514078898704478	-1.8248822906399829	0.93356966943651709	0.76591353759081249	-0.40961743928603278	0.77852245906643014
316	6900	Bil-5	63.322186	18.4840729	0.83745583038869253	call_rate_ge_0.80	36.866275787353516	-24.92694091796875	-4.0726515272328552	10.88933029038065	-5.3118906741962197	-2.0976680619210808	-0.80482639510345333	-2.9643217973916056	0.29669464631193909	0.56200664167313197	0.19610739285999376	2.3972238990924888
317	6901	Bil-7	63.322186	18.4840729	0.94169611307420498	call_rate_ge_0.80	36.915531158447266	-24.897283554077148	-4.5107331898767846	11.857712593200649	-4.9852512761874657	-2.2674215567376907	-0.94482542441384654	-3.0483519094651994	0.034055626750892548	0.57101602596697276	0.64916630005015619	1.9315867933756552
318	6903	Bor-4	49.4013	16.2326	0.99028268551236753	call_rate_ge_0.80	38.072105407714844	-20.464818954467773	-4.2891093554383852	-2.1401983647962601	7.6763795501610081	-5.6991673071040081	-6.1966132755109715	-3.0675974386935687	0.15389894961423461	0.17296757235853952	-1.6878856244610667	-3.3128336910635197
319	6904	Br-0	49.2	16.6166	0.99734982332155475	call_rate_ge_0.80	33.923076629638672	-24.371828079223633	-2.8841653871591095	-8.4495532769989996	0.92190538163969282	-0.23015036136987896	2.3510733377456723	-2.4673954370248006	3.9367023666501719	-1.4162103699118571	1.201967286758	-0.20191984401728996
320	6907	CIBC-17	51.4083	-0.6383	0.97084805653710249	call_rate_ge_0.80	35.221420288085938	-22.870216369628906	0.65289727991470237	-2.9025535299941918	0.4493568342856103	-0.2549897930127849	2.8764597852276017	-0.18724973184487403	-0.39823813412589698	-0.23912294683339066	-1.9753372867917667	2.045319116074273
321	6908	CIBC-5	51.4083	-0.6383	0.99646643109540634	call_rate_ge_0.80	32.97760009765625	-22.782150268554688	-0.12529477465420116	-4.7536139773351609	-3.9699656585264815	0.61501145767068177	9.2885062974109882	-2.9049776769734845	-4.0738481646373153	3.7380282612132332	0.086474847771785768	3.9390309517987183
322	6909	Col-0	38.3	-92.3	0.96289752650176674	call_rate_ge_0.80	35.281623840332031	-21.923528671264648	-0.99157864668367723	-3.6363916653118165	1.6917681983875614	-4.3748970928501425	0.35771495118254987	-0.41407463113506687	1.5547962814678691	0.57404353219974158	-5.4758673731103995	0.73661320347857784
323	6911	Cvi-0	15.1111	-23.6167	0.97084805653710249	call_rate_ge_0.80	33.023628234863281	-25.829458236694336	-5.0838149385827665	1.8361934399761297	-5.5334490690521099	7.2141290800711539	-6.9084806150944269	3.5840612377742445	0.11043515170319095	7.8254680634648182	-0.48955062423453383	-1.1590235309722758
324	6913	Eden-2	62.8759855	18.1749827	0.96908127208480566	call_rate_ge_0.80	37.257488250732422	-25.849954605102539	-4.8322929131474588	20.880378943066024	-7.7492249784841265	-4.3215473625502971	1.4733811036798659	-7.3091641446367852	2.0280212008358065	-0.68902333042782848	-0.52647035798134856	-3.5933516923033211
325	6915	Ei-2	50.3	6.3	0.98409893992932862	call_rate_ge_0.80	35.087963104248047	-22.020868301391602	-2.1194267135772384	-3.2361760426287813	-0.50609018555247942	-0.70903248521373163	0.045132173161233434	-1.2655732412937934	1.0829820687373444	-0.85368949826140417	-3.8556774343601128	-0.33568565634982939
326	6917	Fäb-2	63.0165	18.3174	0.83657243816254412	call_rate_ge_0.80	37.093574523925781	-25.476997375488281	-3.4831069989059036	16.841554436198294	-3.3885856490999875	-0.69282365675906987	0.79304852902322542	-4.9902591547973634	3.4654064958792699	0.5959256847645642	-0.76937232109902176	-0.66031149154441415
327	6918	Fäb-4	63.0165	18.3174	0.94346289752650181	call_rate_ge_0.80	37.152641296386719	-25.704896926879883	-4.2236989794716386	18.008164882813332	-6.7856733494204589	-1.6248196116626221	0.72930259830565292	-7.1546893124866706	3.6579891049623248	-1.7395158763344485	-1.7945750234662454	-2.2827718692717545
328	6919	Ga-0	50.3	8	0.96378091872791516	call_rate_ge_0.80	36.888832092285156	-20.730806350708008	-3.2318405488230391	-3.3825411772400895	5.4619492746167557	-1.6969276283896215	-2.8360028591970297	-2.6224549340932644	0.15781816258413939	1.2640544210112128	-3.2458415203633311	-2.4904983362312358
329	6920	Got-22	51.5338	9.9355	0.99116607773851595	call_rate_ge_0.80	35.38494873046875	-22.995326995849609	-1.4398683975295326	-1.2713614410527214	-6.6901793715829765	-0.4398863620688877	2.2142863099057628	3.2290411453961023	0.95794578832575294	2.1019137647015511	0.055710023272865332	3.6831001304567925
330	6922	Gu-0	50.3	8	0.95053003533568903	call_rate_ge_0.80	35.378215789794922	-21.83942985534668	-0.78178530041795291	-3.5585389796356064	0.6406023346448001	-4.2007238335236305	-1.1766808334690686	-1.4780506605796837	1.2304893712170581	-0.37924291921305708	-2.0366063759868642	1.4415847407192528
331	6923	HR-10	51.4083	-0.6383	0.96731448763250882	call_rate_ge_0.80	32.664203643798828	-22.95115852355957	0.51353166211858481	-6.9800131897410722	-5.3158584315150588	-0.07136605871238326	15.865487477764896	-3.059439671822934	-8.6687068120330792	6.6896922022765226	-0.25219237264553895	0.078002686255785852
332	6924	HR-5	51.4083	-0.6383	0.95406360424028269	call_rate_ge_0.80	32.890644073486328	-22.824617385864258	0.69106929301910214	-3.8767333479747874	-5.0832975568898711	0.89175150045057083	9.7056907770359881	-1.8754261519344286	-3.3801455100682385	3.0340607821095014	-0.38733105588771949	1.2908038856042745
333	6926	Kin-0	44.46	-85.37	0.95671378091872794	call_rate_ge_0.80	33.172767639160156	-22.963876724243164	0.53768062030927555	-5.2667784686137384	-4.1643500281379424	0.25306875399582274	9.5141685279567678	-3.8875449452612427	-3.5150410028809209	0.91830277533382176	0.58588656938625894	-1.5596185674414167
334	6927	KNO-10	41.2816	-86.621	0.99823321554770317	call_rate_ge_0.80	-17.442602157592773	12.957075119018555	32.091918858045304	2.4750326065120927	1.1230964614303827	0.18724522936439134	-1.4326720171168343	0.84975534094506355	0.37461686021312501	-0.070937196258899382	0.46543051250503847	-0.19610973291744241
335	6929	Kondara	38.48	68.49	0.9717314487632509	call_rate_ge_0.80	34.915798187255859	-14.186911582946777	-5.0924432485369149	10.20615501071874	16.805454550474312	11.858742468967701	7.7253951290843439	5.0470068256778111	-1.820203385716209	-2.208324553963581	-1.0749609162563691	-0.39342913766352344
336	6931	Kz-9	49.5	73.1	0.96819787985865724	call_rate_ge_0.80	35.061450958251953	-14.613605499267578	-5.6412183167427674	8.8682884994130387	13.050866867678719	9.1693290968317793	3.6154210509399332	2.6216480460424427	-0.89124337728176695	1.313007718203842	0.013480183540216449	0.39186805325956547
337	6932	Ler-1	52.7325	15.2369	0.99381625441696109	call_rate_ge_0.80	36.635169982910156	-21.809122085571289	-4.1479838652983094	0.41742736881523684	5.3664008195524175	-4.5584275771408995	-1.1618203275169472	-0.39372773100235514	-0.37077263015828005	0.63061977302173433	-1.2077776055995995	0.82289318872519068
338	6933	LL-0	41.59	2.49	0.9885159010600707	call_rate_ge_0.80	31.746252059936523	-24.891363143920898	-1.753855988122816	-5.8791873664227019	-5.0729515487958485	5.6639904649895234	-2.7305258768030867	-0.42291931332854188	1.0121028444359932	-9.919650387074892	-0.84425027586857948	-1.6002353048856206
339	6938	Ms-0	55.7522	37.6322	0.95583038869257952	call_rate_ge_0.80	35.141101837158203	-14.981683731079102	-4.250072869545499	2.7860874569568739	10.979127402629207	3.136588658412736	0.52244344242255958	2.0350050274942624	-0.24806411696674729	-0.33936694789849187	-2.8823653145063339	-0.54757266698057638
340	6940	Mz-0	50.3	8.3	0.96643109540636041	call_rate_ge_0.80	35.314586639404297	-21.862773895263672	-2.5666969979760594	-2.9645903942475442	2.089791237540199	-4.1642816239950351	0.8500282578818209	-2.5461121107102125	-1.3751244898779533	0.93379350417804619	-3.884274652862977	0.46349893560252325
341	6943	NFA-10	51.4083	-0.6383	0.99204946996466437	call_rate_ge_0.80	32.764244079589844	-22.941465377807617	0.1748695020173725	-3.7391866419344728	-5.1430487366054729	0.57817182588235527	10.818353134882457	-0.88950775827248829	-7.4797807707455659	4.1107651195693586	-1.1887011692805514	0.34098949543567003
342	6944	NFA-8	51.4083	-0.6383	0.98674911660777387	call_rate_ge_0.80	32.801872253417969	-22.887287139892578	0.8561627996572686	-4.3196194130713739	-5.6846375280949868	-0.18352742109528447	13.860201166980357	-3.3149474506223275	-8.813481279938939	5.9891139062385976	0.026372232651628323	-0.14569363659658127
343	6945	Nok-3	52.24	4.45	0.98409893992932862	call_rate_ge_0.80	35.458152770996094	-22.760286331176758	-0.95411481167745138	-1.9342065010311429	-0.6935000196403116	-1.8815805948828845	1.3828804590186061	1.0688762811302439	0.22591502877135308	-1.0108160302678886	-3.1809747884767705	2.7975392621951016
344	6951	Pu2-23	49.42	16.36	0.96996466431095407	call_rate_ge_0.80	38.192905426025391	-20.790796279907227	-4.4655374976223525	-1.5974527812204966	7.0436901072872811	-5.5560135792514034	-5.7682763865056943	-2.150412579194191	-1.4523891803348199	1.8990748019548092	-0.52338072143536429	-2.1049554404811026
345	6956	Pu2-7	49.42	16.36	0.96996466431095407	call_rate_ge_0.80	38.131057739257812	-20.563339233398438	-3.8796434231264367	-1.544757790090117	6.4349978742538827	-4.7766026573896445	-3.6766645174874664	-2.3087826798497737	-0.70142045195212244	1.6999200851351393	-3.6989312663894891	-0.80869083785349849
346	6957	Pu2-8	49.42	16.36	0.81360424028268552	call_rate_ge_0.80	38.203903198242188	-20.628181457519531	-2.7697033869876586	-0.99856153516775648	5.3637553903153128	-4.7880028045253606	-4.4320084418121333	-2.5687063181033323	0.25866511277035242	0.88143660927696454	-3.1755065477135145	-0.96657267238509947
347	6958	Ra-0	46	3.3	0.98233215547703179	call_rate_ge_0.80	34.002979278564453	-23.13587760925293	-1.1240924779416921	-5.9411683896253136	-3.0630162387639346	-0.37782352133961455	2.2556331061908446	0.85424214404147147	-1.3226513144151839	-0.1354449620603364	-1.6647256353846505	-1.0118764321393032
348	6959	Rennes-1	48.5	-1.41	0.97438162544169615	call_rate_ge_0.80	33.677074432373047	-22.784780502319336	0.21774713537555204	-4.3359089546943972	-3.1756866426859989	0.021961153196524502	4.0515946563717575	-1.0309585660165073	-0.0050424307934862174	1.2176425625265457	-0.82529381157034543	0.6911991919037076
349	6960	Rennes-11	48.5	-1.41	0.94434628975265023	call_rate_ge_0.80	33.457668304443359	-22.829154968261719	-1.5987262016682333	-3.5283311576000482	-4.5724072521707875	0.95058306287272964	5.5191322661155668	-1.3815409239384009	-0.73981111600767324	0.37280575985981662	0.18299203021320912	-0.044688543871702235
350	6961	Se-0	38.3333	-3.53333	0.90724381625441697	call_rate_ge_0.80	31.788822174072266	-24.818544387817383	-1.5994996793071621	-4.7338409206818808	-1.5029430128912546	3.5251010246770247	-2.0858306743993347	-1.635936691248842	1.0300786730172373	-7.5713827694377835	0.62443729531279435	-0.54928468531282215
351	6963	Sorbo	38.35	68.48	0.96466431095406358	call_rate_ge_0.80	35.137683868408203	-14.345351219177246	-4.8247019271885447	9.5627889710276399	15.153293644063044	8.7727657967831938	6.1030891695604081	3.725556295900883	-1.5426805525519649	-2.3405227202745227	-2.0936207532701112	1.4116074495331257
352	6966	Sq-1	51.4083	-0.6383	0.92491166077738518	call_rate_ge_0.80	32.834506988525391	-22.832065582275391	0.13552732202442	-4.6156331658795686	-4.7449807710406802	-1.0379857163713957	10.366917620739716	-3.0723994508162495	-4.8342375154427231	4.1855207562720871	-0.18697025060319095	0.47181756918206519
353	6967	Sq-8	51.4083	-0.6383	0.98498233215547704	call_rate_ge_0.80	35.085300445556641	-22.879251480102539	-1.56751959301426	-3.3433586509764011	-1.2151996117964188	-1.2845223675202253	6.2154088092613211	0.62884549217972752	-1.8868925678894377	0.66798414139384543	-1.3039091798957583	1.5614894275963016
354	6968	Tamm-2	60	23.5	0.82243816254416957	call_rate_ge_0.80	36.895603179931641	-24.789670944213867	-4.5674496018270805	10.603963543937741	-4.6100063300436638	-0.90726738105289773	0.39705661738330478	-3.0203406942047204	0.20005889551348149	-1.5495263079951831	-0.31787696716086133	2.2570830602550642
355	6969	Tamm-27	60	23.5	0.96466431095406358	call_rate_ge_0.80	36.709465026855469	-24.846532821655273	-5.5427994266973899	12.971512720791326	-5.0832526639902333	-0.50594064945619355	0.43594550157859668	-3.8156764124341134	-0.46980224294428941	-1.0796621745746535	-0.034140363983301669	2.6929857847568948
356	6970	Ts-1	41.7194	2.93056	0.91077738515901063	call_rate_ge_0.80	31.697944641113281	-24.855112075805664	-2.1421516452537026	-3.960494434479608	-3.9917938436375611	4.5651900080370149	-2.3533369650298916	-2.3391264277341968	-0.33175219810038337	-9.3744709346344575	-0.6882498809258607	-3.5141016197293968
357	6971	Ts-5	41.7194	2.93056	0.95671378091872794	call_rate_ge_0.80	31.58922004699707	-24.996679306030273	-3.7751499863489291	-4.6186931356051169	-4.7465286007359291	5.2049229542388797	-3.6368842286707355	-0.6043604286476173	-1.5735742988247319	-9.1341146536664759	0.14725826846607348	-1.5546640354538575
358	6973	Ull2-3	56.0648	13.9707	0.99558303886925792	call_rate_ge_0.80	35.539249420166016	-22.748456954956055	-2.3098496341684616	-1.3889321116548454	0.28968950427714485	-1.9013516971038169	2.5842657141593839	1.8786026227735886	0.60859155772163531	-0.11214893925249397	-1.0056014564210469	3.2153576668132171
359	6974	Ull2-5	56.0648	13.9707	0.95583038869257952	call_rate_ge_0.80	37.321498870849609	-23.426397323608398	-5.4645570903976841	1.5671487850014139	0.2828034940659942	-6.1670261117619285	-1.0011634833503629	4.0191590776565613	-1.692298653348757	0.052595389788136729	-0.99572043205865568	4.634164213080008
360	6975	Uod-1	48.3	14.45	0.97438162544169615	call_rate_ge_0.80	37.718502044677734	-20.416013717651367	-2.5099936140265449	-4.1970787919360069	5.4385699361898077	-4.507694942410251	-4.5649931166994575	-2.2831801363984958	0.31418835501151593	1.5348070554083466	-2.144493853942556	-4.4905846597523036
361	6976	Uod-7	48.3	14.45	0.98144876325088337	call_rate_ge_0.80	37.5850830078125	-20.515926361083984	-4.404277355594103	-3.7383553760110328	7.4783794115469115	-2.5734719158118939	-4.2807155902076488	-2.3497513217444008	1.4806962183018939	0.3387948750415008	-2.4008844978254591	-3.5794433821325256
362	6979	Wei-0	47.25	8.26	0.96466431095406358	call_rate_ge_0.80	35.470317840576172	-21.028421401977539	-0.91733813321948554	-4.4640718641608945	2.325665149790789	-0.71218759138532783	-0.69922833451431632	-3.2435270169275263	0.5334473929374054	-0.13073564786715891	-2.618191424347688	-1.6580593459289059
363	6981	Ws-2	52.3	30	0.9717314487632509	call_rate_ge_0.80	35.951137542724609	-22.143764495849609	-3.0567757002565354	-1.4734669049497793	5.350161333998817	-3.2855957333303953	-1.9905621085241234	-0.39508428002128093	-1.0422165122190989	-1.016776416035382	-2.1848755843670982	0.76404797402290436
364	6982	Wt-5	52.3	9.3	0.892226148409894	call_rate_ge_0.80	35.076175689697266	-22.080389022827148	-0.25155054405692229	-4.1859712621636413	0.85623379075832784	-0.56045377963202447	0.53799904207145688	-2.4096457142389829	0.69567579795905921	-1.7403325898556745	-1.4835324849331126	2.9123437260757084
365	6984	Zdr-1	49.3853	16.2544	0.9151943462897526	call_rate_ge_0.80	38.056549072265625	-20.346837997436523	-3.8964052544770418	-1.7758826514269761	6.3776016347364468	-4.3526619985470596	-6.3523588921111509	-2.2673254983288254	2.5653960074469149	2.1522582317095962	-3.5619488947626499	-6.0778343662378251
366	6986	Abd-0	57.1539	-2.2207	0.98144876325088337	call_rate_ge_0.80	32.551998138427734	-22.841753005981445	-0.30722895243125253	-7.4310540205937627	-6.5306696149422736	0.31617721841835655	18.212262543395735	-3.7027802600371982	-10.373577159425906	8.9257590879428008	-0.16553734163361072	0.08055002291700078
367	6987	Ak-1	48.0683	7.62551	0.94522968197879864	call_rate_ge_0.80	35.326930999755859	-21.438545227050781	-0.66578229694212832	-4.0232080583069072	1.4810278495574749	-3.3537129692924297	-0.53252116532743654	-0.7359756462871494	-0.39423630016967298	-1.7911610547530552	-3.1708110716946512	-2.178914219867004
368	6989	Alst-1	54.8	-2.4333	0.96201413427561833	call_rate_ge_0.80	32.612483978271484	-22.879453659057617	-0.44483222064797939	-5.8973017260968046	-4.7937421098290587	1.237187043427554	9.6166550915724827	-3.7093929430538455	-4.9851479523133984	4.5742480736324014	-1.6123088163769674	3.2499795488204453
369	6990	Amel-1	53.448	5.73	0.98144876325088337	call_rate_ge_0.80	36.951358795166016	-22.618059158325195	-3.3811415107926805	-2.6416147488245514	3.8925432087970933	-3.3176241217899514	-2.3643428158551472	-1.7168116966225688	-1.2931422357477345	1.4338715498598402	-1.085818277991198	2.2236182924398462
370	6992	Ang-0	50.3	5.3	0.97791519434628971	call_rate_ge_0.80	34.530052185058594	-22.010482788085938	-1.1429611404021547	-6.6983693240209998	-0.65306534886054668	0.074732700023991738	0.91482845306545746	-2.3394831705210026	0.77309709688828265	-2.0720361932584406	-2.5505230532123035	-2.1309765556042932
371	6997	Appt-1	51.8333	5.5833	0.95848056537102477	call_rate_ge_0.80	35.378715515136719	-22.734899520874023	-2.4287675052479503	-2.4610509394685063	-1.4878317702930648	-0.95831747352102603	2.6225548480306498	-0.63637737466585953	0.28834800756524853	-0.66897229055888396	-1.4655094435507456	2.638314366858538
372	7000	Aa-0	50.9167	9.57073	0.96819787985865724	call_rate_ge_0.80	35.521995544433594	-22.07574462890625	-0.71457753484947839	-2.9895658445183844	2.7821038545066421	-1.8327832625451428	0.36645388238753207	-1.7641523196233375	1.294030865713526	0.037176162736669675	-0.86331056296059183	2.8340532151077276
373	7002	Baa-1	51.3333	6.1	0.99293286219081267	call_rate_ge_0.80	35.158756256103516	-22.99620246887207	-1.565753758901606	-1.6492477600646269	-1.5898281517678197	-1.4227009120514322	-0.26961849058130227	-1.0429238188102654	-0.98274949634813213	-0.02887518940426426	-1.4333093936608838	2.1277136197425528
374	7003	Bs-1	47.5	7.5	0.96996466431095407	call_rate_ge_0.80	35.408054351806641	-21.182638168334961	-1.3823874114069483	-4.5055125044877515	1.4465300716036338	-1.7422454865978596	-0.10492542787977999	-2.7973933091917997	-0.1988594656849049	-2.2188879064541061	-4.0992081042771504	-1.8899773438161509
375	7008	Benk-1	52	5.675	0.97084805653710249	call_rate_ge_0.80	35.116031646728516	-22.394502639770508	-1.7179808688902711	-3.5760154903779822	-0.50481524218469376	-2.8845710143481664	2.1964416078569498	-1.3114009187670099	-0.74647902856688619	0.73757231300644877	-3.100254812303608	2.1702904231419908
376	7013	Bd-0	52.4584	13.287	0.96819787985865724	call_rate_ge_0.80	36.568744659423828	-22.390674591064453	-4.0755774278899475	-2.6512385181899183	2.9960939089081835	-4.2748953240899077	-2.6705215464586187	-1.352644062268221	-0.79930866814404655	-0.54937765168040564	-1.4994486690816609	2.2048328233431231
377	7014	Ba-1	56.5459	-4.79821	0.93551236749116606	call_rate_ge_0.80	35.190536499023438	-21.793489456176758	0.61882600067635918	-5.3293054350596343	1.0901035509219092	-2.8472036579125142	0.50269747784818519	-1.3662749269574812	0.50890767296782558	-1.6814739137780679	-2.5688020959723064	-0.3118796009679129
378	7025	Bl-1	44.5041	11.3396	0.97261484098939932	call_rate_ge_0.80	37.203132629394531	-20.779233932495117	-2.7324402490756663	-3.1214640050492992	4.5875953016992099	-3.2730533294605193	-1.5772321602711938	-3.7120040839695476	2.9727221271002637	-0.78973067738195368	0.39066200895442765	-2.3731524719090307
379	7026	Boot-1	54.4	-3.2667	0.90282685512367489	call_rate_ge_0.80	33.549942016601562	-22.775856018066406	-0.44794682509517575	-5.4050454146223244	-1.2915168579103222	-1.1741947175031315	4.7071997561649805	-1.6723064100424245	0.24220738467819897	-0.63406459042781826	-1.1502930436778158	-0.73581183028723507
380	7028	Bch-1	49.5166	9.3166	0.96731448763250882	call_rate_ge_0.80	35.859691619873047	-22.595046997070312	-1.4552154130664094	-1.5750187224968619	0.30416374843276184	-1.6041736986392252	1.5207750476590867	-1.6040799908017469	2.2514481546485499	-1.254328296520933	-1.7608374457134994	1.5205099609174952
381	7031	Bsch-0	50.0167	8.6667	0.96024734982332161	call_rate_ge_0.80	35.556304931640625	-22.26530647277832	-1.7947781264161047	-2.6767332547177358	2.4877776647081915	-4.7725981566702353	0.23034845541943258	-1.4840862866464379	0.94073569583351246	0.34856001955680366	-4.1116130859275728	0.15764283476960717
382	7033	Buckhorn Pass	41.3599	-122.755	0.91342756183745588	call_rate_ge_0.80	32.894844055175781	-21.405326843261719	28.540143851538044	2.0123687932052352	0.79670353477039968	0.038846882618537922	-1.0496655690779928	0.66082222408514757	0.23105078305006724	-0.20324560579508741	0.29539820510687598	0.072941471315281656
383	7036	Bu-0	50.5	9.5	0.99204946996466437	call_rate_ge_0.80	35.377887725830078	-22.065959930419922	-1.8271391199520248	-2.0883956056972952	-0.2027449004022179	-3.668596290281565	-0.77752400022774826	0.38673392365802334	0.94142553065853052	2.4744527730432666	-2.4881400224364745	1.6252711123795436
384	7058	Bur-0	53.87	-9.0755556	0.9832155477031802	call_rate_ge_0.80	36.399154663085938	-24.256998062133789	-1.2294965276534304	6.4088816643693294	-7.8129208903277263	-0.14029785540296147	0.16703078696553145	2.0254425158908043	-1.7409729905494846	0.45509614775055657	-0.32274417915384113	3.63717710514265
385	7061	Cal-0	53.2699	-1.64293	0.9832155477031802	call_rate_ge_0.80	36.368736267089844	-24.239635467529297	-1.1920678692692712	6.2793808095244268	-7.7922664202822007	-0.46815628880995175	0.54798821287353483	1.4242386669585287	-2.0482136660844859	0.57882673969361564	-0.23217436687960152	4.0067242694267824
386	7062	Ca-0	50.2981	8.26607	0.99558303886925792	call_rate_ge_0.80	35.237525939941406	-21.869857788085938	1.2988286219407017	-5.4620382494371746	1.0325913976661398	-3.6261773833952566	0.37226791629153266	-1.7329384984702865	-0.57747940214540461	-0.63982480141298415	-1.6165580575263412	0.70997991941628524
387	7063	Can-0	29.2144	-13.4811	0.97261484098939932	call_rate_ge_0.80	32.897468566894531	-25.855138778686523	-4.7552339721811849	-2.6692254610255204	-4.1098896946106027	8.3638270839302109	-6.503745622056365	4.0151214702182809	3.1027071007458087	8.7586124047043352	0.7085278271025599	0.51640642306722007
388	7064	Cnt-1	51.3	1.1	0.9717314487632509	call_rate_ge_0.80	32.595771789550781	-22.991508483886719	1.2269171225284723	-6.6055302366881472	-4.4764363745582285	0.062929819529730258	13.858846409182146	-3.2946174948540037	-7.6932535683303156	6.2181385727545599	-1.1783049858542176	1.5945915691736148
389	7067	Ct-1	37.51	15.09	0.99204946996466437	call_rate_ge_0.80	36.863861083984375	-20.650516510009766	-3.6298926238517133	-3.3720914228168772	7.7581655439360793	-3.2128475230379796	-4.1887839300472915	-3.5862513093239032	0.78356418279900675	1.2066667618944409	-1.8030877992082148	-6.1935373518572057
390	7068	Cerv-1	42	12.1	0.9204946996466431	call_rate_ge_0.80	33.73681640625	-24.240955352783203	-0.28591240362611137	-6.6797288553303167	-0.63552817681611851	0.02541827164375704	2.2661244656043777	-1.6768468615363528	3.4677058516361283	-0.030257687484922448	0.78798644432071796	1.4981676593121891
391	7071	Chat-1	48.0717	1.33867	0.96643109540636041	call_rate_ge_0.80	33.666339874267578	-22.629493713378906	-1.4688914279390828	-4.5616635350492247	-1.9816315169929708	-0.99150933504686389	3.4053746478317146	-0.81169267454595251	-0.1977655273531394	-1.1581931978637874	-0.4597528078298333	0.68348105140959658
392	7072	Chi-0	53.7502	34.7361	0.96289752650176674	call_rate_ge_0.80	35.138912200927734	-14.91533088684082	-4.3130028280876411	5.1110727466083201	10.112310417715506	2.0524027592092513	-0.30982530801033487	0.60866949179603369	-0.78325335174967203	1.4681451931336043	-1.2044365166513082	0.67135689867943737
393	7077	Co-1	40.12	-8.25	0.96908127208480566	call_rate_ge_0.80	33.873611450195312	-24.636100769042969	-2.0070496763261123	-4.7049340279516754	-1.5095959593950785	1.0225159251402445	1.775889430509876	1.2571720698917614	4.9412411888625822	-1.5822778804827717	1.8975754708226447	0.51616557980965794
394	7081	Co	40.2077	-8.42639	0.8524734982332155	call_rate_ge_0.80	31.518508911132812	-25.802282333374023	-1.5961425525390456	-5.5379406376509559	-6.6538134142855423	8.4974539375963367	-1.3150928404993514	-0.79914830836258721	-0.7329390730671641	-2.8459810848792815	-0.73138004597292905	-1.8413645632977449
395	7092	Com-1	49.416	2.823	0.98233215547703179	call_rate_ge_0.80	32.962825775146484	-22.800138473510742	0.51986610433664393	-5.2799149947239217	-6.533478080735537	-0.20181598362715433	10.06285678526757	-3.3819817127891363	-6.4137256024513514	1.8318211533813016	-1.2507954623577833	0.54878383793349483
396	7094	Da-0	49.8724	8.65081	0.90724381625441697	call_rate_ge_0.80	35.463752746582031	-21.781843185424805	-1.2275913181103064	-3.6322795611935383	1.5638732453699062	-3.2577231647143701	-0.89079049948194078	-1.0703393006725221	0.88067225377505809	0.26852210562636541	-1.6138052784124202	0.60630413102480585
397	7096	Di-G	47.3239	5.04278	0.96378091872791516	call_rate_ge_0.80	36.535858154296875	-21.890783309936523	-4.0839083894994399	0.030447223825466142	5.609092963725284	-4.5180465406565515	-0.93059326631503692	-0.18753576979683831	-0.46144115871663721	0.5947629671949376	-1.0089819111650913	0.89586568389664045
398	7102	Do-0	50.7224	8.2372	0.99646643109540634	call_rate_ge_0.80	35.120128631591797	-22.021373748779297	-0.53996294380831289	-4.7647272263583016	1.2668735980724257	-2.8313557695909606	-0.15285419181436458	-0.81127036947390541	1.0075467344838549	-0.7555729970655124	-3.5410009824816213	1.2932717667427174
399	7103	Dra-0	49.4167	16.2667	0.97084805653710249	call_rate_ge_0.80	38.120452880859375	-20.360322952270508	-3.8080063918575369	-1.7434905585136506	7.0100033486195334	-6.8465488157037901	-7.0366093518210153	-2.738859733110715	0.21547507806095054	1.2371628771285987	-3.8101667866776552	-4.0098523685459471
400	7106	Dr-0	51.051	13.7336	0.96908127208480566	call_rate_ge_0.80	37.781410217285156	-20.389802932739258	-3.8146986526626225	-4.898654714748286	6.3975722346816752	-3.3177166410530985	-3.3763667352342819	-3.4526239363709927	3.0056746449987037	-0.0150392102232518	-3.8052719086057896	-3.8891635329202812
401	7107	Durh-1	54.7761	-1.5733	0.95759717314487636	call_rate_ge_0.80	32.607601165771484	-22.398189544677734	-2.0988292964370614	-9.0987646943615168	-7.2894917174836644	0.82321890497206363	15.768223295960446	-7.5121579958594351	-4.9200535517905788	4.4171902234666049	3.9555807827279423	-8.5076148689692097
402	7109	Ema-1	51.3	0.5	0.96819787985865724	call_rate_ge_0.80	32.678501129150391	-22.938411712646484	0.50751800687086845	-7.4172208412429637	-7.4894295640437374	0.68541035232952807	18.426524407463397	-3.2372287681192442	-10.820597238239154	9.3159110648471746	-1.1431806237479525	1.2419968272433362
403	7111	Edi-0	55.9494	-3.16028	0.9885159010600707	call_rate_ge_0.80	35.025928497314453	-22.850494384765625	1.1626410768425106	-1.5598879844311218	-3.180717975372243	-1.0991333325590389	4.7166171954163545	0.73921250714552644	1.1246545007300215	0.28768850105479032	-0.14870871593964066	2.6642545633972343
404	7117	El-0	51.5105	9.68253	0.99381625441696109	call_rate_ge_0.80	35.678825378417969	-22.737480163574219	-0.6785345319242122	-3.3863198171847211	0.81850418936649438	-3.3737663519134702	0.77042210111998699	0.67723545012428299	0.52257272780923303	-0.23059541648488663	-0.53790889866592684	2.8492113289033663
405	7119	En-2	50	8.5	0.87720848056537104	call_rate_ge_0.80	35.280441284179688	-21.590892791748047	-0.14447725084202115	-4.5741085487835198	1.9274889267662754	-1.5578438876987477	-1.7516591429509663	-1.2643467444768715	1.9212943378199809	-1.0521528353300513	-1.8166674152024527	-1.2170547095192761
406	7120	En-D	50	8.5	0.97968197879858654	call_rate_ge_0.80	36.7738037109375	-20.6563720703125	-3.5076186154178184	-3.5599886797693938	7.734705359139693	-3.0944411568767816	-4.5413855685513225	-3.9466452146232478	0.6800569621622331	1.1399619735445479	-2.1708653174253003	-6.2852796601795378
407	7125	Er-0	49.5955	11.0087	0.98763250883392228	call_rate_ge_0.80	35.298042297363281	-21.626396179199219	-2.3350878097615455	-6.8588752148606487	2.3733165048332467	-2.7054955845907771	-0.79904054131611524	-2.5205270234205659	1.6587033479026128	1.3132257774855607	-3.5612685683283472	-1.489418801119663
408	7126	Es-0	60.1997	24.5682	0.97703180212014129	call_rate_ge_0.80	36.953784942626953	-24.148754119873047	-5.2108050910224879	5.0227338505729699	2.4765349108412544	-0.48323634955036177	-2.0996125604283944	-0.060220070571157289	-1.4815496691323777	-0.3076810298607458	3.3356059608789561	3.7849725372825045
409	7127	Est	58.6656	24.9871	0.97438162544169615	call_rate_ge_0.80	37.161033630371094	-21.39445686340332	-3.8153983548757435	-1.4817647034319439	3.5477617722083123	-0.45898828704313327	1.0864781518824935	-0.4689409074813628	-2.7951246537474637	-0.096550597435940397	-2.1982289800162005	-1.1627389559123895
410	7130	Et-0	44.6447	2.56481	0.9885159010600707	call_rate_ge_0.80	33.562789916992188	-23.252109527587891	-1.5214846409222993	-5.1200055174246133	-1.8234474007227497	1.3242366151426037	4.6503287312904433	-2.0246381376821563	2.0334532757900128	-2.2224763588816647	0.5381828306110662	-0.22901008881861221
411	7133	Fr-2	50.1102	8.6822	0.97703180212014129	call_rate_ge_0.80	35.134719848632812	-22.527921676635742	-1.3318990252254315	-1.6461432083517542	-1.0453754990363027	-1.9420748687309861	0.92470867373039334	-1.2504914773192861	1.9076765202669683	0.14633163434702223	-3.2788638065185132	0.17418006476170869
412	7138	Fi-0	50.5	8.0167	0.98233215547703179	call_rate_ge_0.80	35.377593994140625	-23.065286636352539	-1.1449163433905016	-1.2787710005795614	-6.2602385061667505	-0.74986442169699363	2.2716381203642602	2.9733673713951054	0.9126602630850934	1.3184882548036807	0.045444886357872187	4.0434619014489304
413	7143	Gel-1	51.0167	5.86667	0.96731448763250882	call_rate_ge_0.80	35.382808685302734	-22.696403503417969	-0.28071793949200385	-1.3730906948275738	0.31996958139297499	0.0067588672960205935	3.9973976995888356	-1.6008916898471479	1.5438635819292608	-1.5761822551889009	-1.6124424112561726	3.4351315404688001
414	7147	Gie-0	50.584	8.67825	0.95583038869257952	call_rate_ge_0.80	36.161350250244141	-22.745645523071289	-2.3988532817515691	-0.72837689006389905	2.2929533162630822	-3.8945622628969097	-1.1336667963306402	0.25635098972730891	-1.9470292637200808	0.079026884841008421	-0.78818216041964029	3.216016464644663
415	7158	Gr-5	47	15.5	0.93904593639575973	call_rate_ge_0.80	36.890701293945312	-21.444101333618164	-2.9917641935516013	-2.9342199831049234	4.3337363973801439	-2.8145254722413089	-2.0022160928893209	-1.1764165412013858	0.1225402270308915	0.067214442118252893	-1.5061854175261982	-1.9551046605978675
416	7160	Gre-0	43.178	-85.2532	0.96201413427561833	call_rate_ge_0.80	32.841899871826172	-21.364377975463867	30.473813552121666	2.1466728814363769	1.0155783507940508	0.10736740122561542	-1.2809705694450317	0.81866797016313608	0.1543989760118884	-0.30005362731721996	0.54664145323018243	-0.59231145299593058
418	7162	Hs-0	52.24	9.44	0.94964664310954061	call_rate_ge_0.80	35.649700164794922	-22.844987869262695	-1.4707764307180213	0.32083699100559765	-0.53159425509199831	-0.39647797924928019	2.0964694533008519	0.42350714788994631	-0.95318301309756437	-0.50779467665827238	-0.99303549931715251	2.7135507048931871
419	7163	Ha-0	52.3721	9.73569	0.96554770318021199	call_rate_ge_0.80	35.612438201904297	-21.622411727905273	-0.22454934448270927	-3.3951556969384393	3.8523501215491209	-2.4639886006330616	-0.68185610518288475	-2.4413579121810085	-0.8760937082303909	2.3268192511607184	-1.7928877713010316	-1.7886048349803614
420	7164	Hau-0	55.675	12.5686	0.95671378091872794	call_rate_ge_0.80	37.651512145996094	-23.706846237182617	-2.4260146729488445	0.87846772169894316	-0.92402303789150186	-5.2203185271153423	-0.21402257998099847	2.5749960918951817	-1.4692887193965372	-1.4284723392173317	-0.56613336210500464	2.5116152236131373
421	7165	Hn-0	51.3472	8.28844	0.97703180212014129	call_rate_ge_0.80	35.737644195556641	-22.751852035522461	-1.287372338648934	-0.16932946981679461	0.78087480806786158	-2.0077253493271439	0.69575954266721229	0.30942790077477339	-0.35577073747620469	-1.6942308220038871	-1.4530024438161007	2.6180567064339693
422	7169	Hh-0	54.4175	9.88682	0.9717314487632509	call_rate_ge_0.80	36.020725250244141	-23.002592086791992	-0.80889889212182453	-1.9715171247763565	-0.94578931857526249	-1.7190551921123653	-1.1309995508492194	0.045553296546139321	0.71031617004673064	0.023115962706873452	-0.59358931129602899	0.013699302174768474
423	7177	Jm-0	49	15	0.97791519434628971	call_rate_ge_0.80	37.371746063232422	-20.796646118164062	-3.7470867327592527	-3.4965112173250703	5.2103383237644225	-3.4959437931447064	-2.8808352034062272	-1.6990915014029606	0.67576591882791492	-0.84424206096368459	-1.9699003312165342	-1.6699503418528072
424	7181	Je-0	50.927	11.587	0.96289752650176674	call_rate_ge_0.80	37.678455352783203	-23.420419692993164	-4.2484147372017453	1.4339640550695565	1.1913129518990802	-3.2301650448173462	-4.1889429552669135	0.053996431723333224	0.28115228099510348	-0.2329131180815058	-0.24065013169576172	0.35697184707572738
425	7183	Kas-1	35	77	0.98939929328621912	call_rate_ge_0.80	34.934623718261719	-14.271017074584961	-6.6113636872873371	8.5881029074200601	12.888828263182084	9.3364856169701902	4.7019698151584324	3.3913267653063901	-2.840664618032851	0.16716658326085762	-0.27245551009199359	0.016899971978762446
426	7186	Kn-0	54.8969	23.8924	0.96819787985865724	call_rate_ge_0.80	37.272651672363281	-21.812698364257812	-5.455916711796549	0.19098163129489673	7.2447813749400556	-1.6908652883712749	-3.4205697108854216	-0.28410799245997476	-0.60903187160589878	1.4999706437921516	1.1895158350716373	0.52400586969629215
427	7192	Kil-0	55.6395	-5.66364	0.96554770318021199	call_rate_ge_0.80	35.658252716064453	-22.735769271850586	-3.0835893917562354	-1.6458190975889031	2.7310891724723358	-2.3150056734815383	-0.22633818781425463	-1.8907022766442343	-1.5484770929823881	-0.75497799585406211	-1.7565427100434514	4.5006125611115273
428	7199	Kl-5	50.95	6.9666	0.99381625441696109	call_rate_ge_0.80	35.344245910644531	-22.061725616455078	-3.0346323232413179	-3.6434408404710599	1.0337565002829667	-2.9372799861036625	0.067893469264302148	0.36551630989226075	0.21869399485608773	-0.70463746047954157	-1.5702945308897311	1.9237538570370549
429	7202	Kb-0	50.1797	8.50861	0.99646643109540634	call_rate_ge_0.80	35.3787841796875	-22.05516242980957	-2.6740044413897475	-3.6547941095263115	1.0625814717714801	-2.7386867299569877	0.15561661057391823	0.22924079378986925	0.41563826130293713	-0.60337769229122173	-1.651825026693039	2.033566327999377
430	7203	Krot-0	49.631	11.5722	0.99646643109540634	call_rate_ge_0.80	37.921272277832031	-20.556695938110352	-4.106148106830827	-1.2619509662780566	7.2996067262408157	-5.3650252467037634	-4.7248605067527141	-2.1108625685791065	1.5245701125610485	1.7074203117827538	-6.3177774470425447	-1.8065889870423772
431	7207	Kyoto	35.0085	135.752	0.96554770318021199	call_rate_ge_0.80	37.704235076904297	-20.486383438110352	-4.6338774836872965	-1.6536602574863568	6.9329223060533485	-4.017567366002873	-3.9154692975661876	-2.422541758357319	0.10497340730629587	-0.28864706685144775	-2.5196136097756896	-2.7788011507230204
432	7208	Lan-0	55.6739	-3.78181	0.9717314487632509	call_rate_ge_0.80	35.225017547607422	-21.868991851806641	-0.50756962825818852	-4.1183383164160636	0.34185083583830222	-2.380539805404009	2.4892868592773589	-2.3285726454563584	-0.40664986664926955	0.84710424902093362	-4.1109938749553603	0.72333040783194025
433	7209	La-0	52.7333	15.2333	0.9946996466431095	call_rate_ge_0.80	36.556358337402344	-21.833673477172852	-4.1077530047539978	-0.048276587764717868	4.1358796417708685	-3.363189785757708	-0.45700186261167502	0.0013318439685797356	-0.016952982199212228	0.098054499832662567	-1.2019478668474555	1.7223409651467934
434	7213	Ler-0	52.7325	15.2369	0.98498233215547704	call_rate_ge_0.80	36.5120849609375	-21.887575149536133	-4.1123847181493707	0.43929284408505581	5.2726147071323002	-4.4739897371093251	-0.95876110473121301	-0.39097688588635926	-0.39241275659805103	0.71167272427344641	-1.2347485023993523	0.94348390048962416
435	7217	Lm-2	48	0.5	0.97703180212014129	call_rate_ge_0.80	33.590843200683594	-22.984086990356445	-1.6652131368431282	-4.1024913842396913	-4.657598875948449	-0.44408977788299608	4.7575577813343379	-0.89406792693618953	-0.9722115390724162	0.35358880190082664	-2.5644711083386849	-0.37661468852524577
436	7218	Le-0	52.1611	4.49015	0.95229681978798586	call_rate_ge_0.80	35.619636535644531	-22.170099258422852	-1.9158785576387565	-2.8800992395821017	1.8665792796295615	-0.37691054775756566	0.0060654266827821577	-2.0567316218977028	-0.061812677274252367	1.348917516554148	-1.3669819307647342	-0.11475616940281169
437	7223	Li-2:1	50.3833	8.0666	0.95406360424028269	call_rate_ge_0.80	38.072231292724609	-20.617961883544922	-3.9852864964467352	-3.09222026397982	7.164533928765783	-3.0302437400525362	-4.8533392713643284	-2.483689328063678	0.47013553069860281	-0.17289594014342213	-3.9431102656851991	-2.6442831744406425
438	7231	Li-7	50.3833	8.0666	0.95759717314487636	call_rate_ge_0.80	35.220710754394531	-21.840499877929688	-1.3843003375702772	-4.7560739790981126	1.9476430560085281	-3.0046154458276906	-0.053821080837131469	-0.49226764491877312	0.99362285595572664	1.4106314650176728	-3.7480251155049831	0.13674183856814612
439	7236	Litva			0.96113074204946991	call_rate_ge_0.80	37.273746490478516	-21.438268661499023	-5.2132750356246689	-0.00051891994084347014	6.7236564698708881	-1.346012521303606	-3.0456633197973026	0.3543010695327703	1.1882450851261652	2.1156707281581286	-3.2158350811122678	-0.75829653351671067
440	7244	Mnz-0	50.001	8.26664	0.93904593639575973	call_rate_ge_0.80	35.609893798828125	-22.822586059570312	-1.1717170537920272	-1.5323392381454133	1.195996295346661	-1.3755736861656183	2.1908740404329485	1.6616698231937732	-0.18667230994165121	-2.282969797609272	-0.66348315036311722	1.6405210378849113
441	7248	Mv-0	41.3923	-70.6652	0.98409893992932862	call_rate_ge_0.80	32.785079956054688	-21.293109893798828	30.722229217703433	2.2551592087119556	1.0250131141016212	0.32287861597024936	-1.3008927275278146	1.0475198331451041	0.27865729915508736	0.043437216369748032	0.42812086163525143	-0.018429641655462643
442	7250	Me-0	51.9183	10.1138	0.82067137809187274	call_rate_ge_0.80	35.757133483886719	-22.414615631103516	-2.1022789063431628	-1.5936469798064117	1.2506045638285805	-2.4409651062249651	0.437981874467822	-1.3449172565936871	-0.37122087715178748	-1.0039265186967077	-1.6133935995566222	1.4905437813692686
443	7255	Mh-0	50.95	20.5	0.95759717314487636	call_rate_ge_0.80	35.461631774902344	-21.806062698364258	-0.92994795162862143	-4.0007263526511734	1.7161083653467544	-4.1061092991724308	-2.5890941917143282	-1.1945810024601229	0.80644534727112682	0.10537573865149512	-1.6240555043435088	-0.92265788131329707
444	7258	Nw-0	50.5	8.5	0.98144876325088337	call_rate_ge_0.80	35.43768310546875	-21.789812088012695	-0.26407635179772193	-4.8005838418629034	3.0905814228630293	-5.4392512615774722	-1.8740146337030972	-0.58709274084826135	-0.12928669924390726	0.470158770070214	-2.4604307625999065	-0.31248590525065778
445	7268	Np-0	52.6969	10.981	0.96643109540636041	call_rate_ge_0.80	35.874683380126953	-22.595479965209961	-3.8914591603226167	-3.0685798108750064	3.0919111277679012	-4.9114044767240168	-1.3337746956812033	2.7311124465233467	0.96982522262820614	0.18789087380984329	-2.379042289749977	3.2798603259667072
446	7273	No-0	51.0581	13.2995	0.9885159010600707	call_rate_ge_0.80	37.438304901123047	-20.657663345336914	-2.605439459795666	-3.6644627493942799	6.9296531994842452	-5.0124526127665225	-4.6096840588863195	-3.0645140112959171	-0.035777595998797228	-0.65449029243937917	-3.5152504037848211	-1.5253205120207587
447	7276	Ob-0	50.2	8.5833	0.96731448763250882	call_rate_ge_0.80	35.29168701171875	-21.81092643737793	-0.31138946491842628	-2.8297971980992971	0.6745604827260212	-4.6209592111587847	0.038052875847103963	0.5207444907228721	0.86461475838733748	0.32854495428439662	-2.8588462455406609	-0.017840392178302512
448	7280	Old-1	53.1667	8.2	0.9832155477031802	call_rate_ge_0.80	35.591201782226562	-22.804010391235352	-3.6587299750466853	-0.19505485399202613	-2.0381509774183999	-1.5794196450450853	2.1999854940109542	1.681595166641116	-0.50807773226099862	-0.32716987608446046	-2.1647403892882044	3.6124896395960331
449	7282	Or-0	50.3827	8.01161	0.97526501766784457	call_rate_ge_0.80	35.259799957275391	-21.742599487304688	1.2880753717907825	-4.8655772414130487	2.12857938513099	-5.5938337034066352	-1.4683721608464257	0.66806426856339662	0.51689455552338115	0.92349611774096041	-4.1130677460523799	-0.24989049875387784
450	7287	Ove-0	53.3422	8.42255	0.99381625441696109	call_rate_ge_0.80	35.608924865722656	-22.336044311523438	-0.80961067446975232	-1.2425386595636783	0.90461300859989369	-3.5355549322276598	0.13352914178935116	1.5913614935671461	-2.2521340256266384	-0.69024461391685976	-2.3174228251983022	3.8063192515715003
451	7288	Oy-0	60.385543	6.193019	0.99381625441696109	call_rate_ge_0.80	35.909988403320312	-22.69801139831543	-3.4672785941093185	-2.5679525894272959	1.2560723430996772	-3.4508528739868756	-0.46295438275557022	1.400425978872073	0.54256949595758919	-2.0205714475252501	-1.862348573443666	2.6778568221389039
452	7296	Petergof	59	29	0.97438162544169615	call_rate_ge_0.80	37.802360534667969	-20.532297134399414	-2.0991524892057609	-2.3228533177325086	5.8699610919861955	-6.4200330707259408	-4.2550660107003111	-1.6513277044882375	0.52675735220846409	0.70794397613888649	-3.457165926518686	-3.7307048760040318
453	7298	Pi-0	47.04	10.51	0.95053003533568903	call_rate_ge_0.80	35.934581756591797	-20.665321350097656	-2.391575778263344	-3.7673287336614032	3.6834821092649719	-1.2920676693916182	-2.9370024003733093	-3.4194814126319293	0.8287590911916547	0.35812138215608824	-1.6153363840462025	-3.7221086079018986
454	7305	Pt-0	53.476	10.6065	0.96643109540636041	call_rate_ge_0.80	35.79754638671875	-22.647762298583984	-3.8181619038491981	-1.681921920276866	0.5575341920298994	-4.6204434147491833	0.45221089828890476	0.40335630036733	-2.0607545158936249	1.0157654161779084	-2.0009413358888173	2.8653585066580387
455	7306	Pog-0	49.2655	-123.206	0.94699646643109536	call_rate_ge_0.80	33.482845306396484	-22.949531555175781	-0.83621516820863095	-4.9808655091196821	-4.1518232086639939	0.76203709963465049	5.7316109327374942	-2.0082729450607331	-0.6434549121731159	0.4494853036033562	-0.37167848485453858	1.1972627412046515
456	7307	Pn-0	48.0653	-2.96591	0.97968197879858654	call_rate_ge_0.80	33.644527435302734	-22.772991180419922	1.3043447196490394	-3.2075543139197751	-3.2874002568695175	-0.63361288299179064	5.9161877486278378	-0.62041575010912031	-0.98188509803846169	1.3008637617003367	-1.9866022266643359	0.76257409972546575
457	7314	Ragl-1	54.3512	-3.41697	0.98233215547703179	call_rate_ge_0.80	35.820266723632812	-22.078960418701172	-2.8099331220719752	-1.6174671650759547	5.0042401068483056	-3.3632321848862476	-2.3043179817492025	-0.66464911190551956	-0.72689737310729163	-1.1131992337110592	-1.9125107485787305	0.33989002516149436
458	7316	Rhen-1	51.9667	5.56667	0.97261484098939932	call_rate_ge_0.80	35.243045806884766	-22.688779830932617	-1.2000931781410209	-1.4713506944285644	-0.93801063008616048	-2.0505947827420767	3.5550470881008489	0.12528285502524492	-0.71157199844833829	0.37278768852353361	-2.6253482557587779	1.391238119003239
459	7319	Rome-1	42	12.1	0.94169611307420498	call_rate_ge_0.80	33.695945739746094	-24.649497985839844	-1.8109526012221622	-5.5168579978310088	0.21496365028308284	0.2778414388673825	2.1658395783719593	-1.2315534167688644	4.2486753471994616	-2.4537540471454338	1.3283661548618182	-0.18011999883558155
460	7320	Rou-0	49.4424	1.09849	0.89310954063604242	call_rate_ge_0.80	33.099861145019531	-22.912397384643555	0.14106644510771271	-6.9871940064937972	-3.2837110808166483	0.69145445232022973	9.890563699970869	-2.233608174134595	-2.9116425270647746	1.2504196113358956	0.61141398403503278	-1.514520566290239
461	7322	Rsch-4	56.3	34	0.99028268551236753	call_rate_ge_0.80	35.222820281982422	-21.942344665527344	-1.6593198259438562	-4.2081872068111714	2.0053744108929799	-4.6084797676312359	0.54020108447655801	-0.081846374594142055	1.3418681297522601	-0.15816766804506724	-2.801395837530726	0.89605530737943506
462	7323	Rubezhnoe-1	49	38.28	0.98586572438162545	call_rate_ge_0.80	35.115875244140625	-14.647640228271484	-7.0177032359401563	8.3146936941708471	12.658287293716571	7.1358199223766992	2.6873096304932731	4.4691421095490131	0.55003738453081474	0.74820436984731675	-0.44941164714377291	-0.13093247915270567
463	7327	Sf-1	41.7833	3.03333	0.96378091872791516	call_rate_ge_0.80	31.546361923217773	-24.915037155151367	-1.4997706417908816	-4.890328117189858	-5.4295824635210375	5.6212148022242658	-4.2736112600096146	-0.99163212979541571	-2.5689912176916683	-11.657891581632843	1.1338415671568436	-3.4341302854271576
464	7328	Sf-2	41.7833	3.03333	0.96731448763250882	call_rate_ge_0.80	31.490816116333008	-24.948331832885742	-3.0748730984472052	-5.4717888097276468	-5.3754310642943768	5.6390510714918909	-3.888354459390198	-0.9044272278049561	-0.83388784865076804	-11.660247649982184	0.93150283943473755	-1.4270470098637038
465	7332	Seattle-0	47	-122.2	0.95583038869257952	call_rate_ge_0.80	33.076881408691406	-22.918428421020508	0.53969603708906688	-5.1856094662209404	-4.0576268894103933	0.25207124522155977	9.3678143819796826	-4.0305221688678268	-2.9615834350411019	1.2315218764107105	0.44894144734042374	-1.9567824942269318
466	7333	Sei-0	46.5438	11.5614	0.92932862190812726	call_rate_ge_0.80	37.657203674316406	-21.793481826782227	-4.7375736809482527	-0.08622803455146931	4.0897161683363308	-1.7821417210265591	-5.7321129290954973	-2.9874596641048967	-7.5346548017610946	2.0053290879753747	6.6347015227341446	-1.1467334870618289
467	7337	Si-0	50.8738	8.02341	0.95671378091872794	call_rate_ge_0.80	35.426025390625	-21.771476745605469	-0.82835099655844135	-4.932741287500555	1.5010357289973708	-5.1246566393194266	0.96235925950070988	-0.030486275328488615	1.1636877865427155	-0.15251923489160452	-3.5967761398951783	-1.2461444938129005
468	7342	Su-0	53.6473	-3.00733	0.98586572438162545	call_rate_ge_0.80	35.044441223144531	-22.79442024230957	1.2687608752189068	-1.6757831486662291	-3.1571566479346487	-1.2528544834788273	4.5005131755210117	0.78462513570176584	1.0640975449255794	0.32922514279566939	0.069664302678143081	2.9365548204257776
469	7343	Sp-0	52.5339	13.181	0.95229681978798586	call_rate_ge_0.80	36.925022125244141	-22.755216598510742	-4.3285966755704006	-1.2865157210429927	2.6936678276956108	-4.1970382900265619	0.43520866805810671	-0.13420819134332126	-1.4415871415439434	0.76169133262907696	-2.2345359345920932	3.9755825636011566
470	7344	Sg-1	47.6667	9.5	0.84717314487632511	call_rate_ge_0.80	35.332603454589844	-21.386457443237305	-0.96532558116796452	-4.996587540872012	1.7989532356013447	-1.7427665454489771	-0.8944827300591166	-2.5809106742214007	1.6335576560173499	-2.0092463328949868	-2.8140878667957496	-1.7851313873062662
471	7346	Sten-0	52.6058	11.8558	0.97349823321554774	call_rate_ge_0.80	36.60369873046875	-22.545524597167969	-3.0943133718474991	-1.8732947844832009	2.6245931476411206	-4.3432939215642401	-1.7623756681118941	-1.4687837867286926	1.1728975153203787	0.78908672311565065	-0.56581153765620951	3.1551930364064882
472	7347	Stw-0	52	36	0.98233215547703179	call_rate_ge_0.80	37.17669677734375	-20.804672241210938	-6.0435680790266124	1.682197748837055	9.1126742406396044	-1.5004203931408941	-2.4677315114551308	-1.5197742085097541	-0.45971216392030784	3.4716127622827395	-2.6233044076919283	-1.9247474671699896
473	7349	Ta-0	49.5	14.5	0.96466431095406358	call_rate_ge_0.80	38.238693237304688	-20.387962341308594	-4.2036985371803919	-4.2467812586093343	6.2463709796896456	-6.2395151097421593	-6.452081932855763	-2.7262083399282435	0.31090215016464379	2.2867512768087899	-4.3779743688775952	-5.0186119349038547
474	7350	Tac-0	47.2413	-122.459	0.99028268551236753	call_rate_ge_0.80	38.196697235107422	-20.398712158203125	-4.3467356439610585	-4.3313065439574716	6.382918524346767	-6.5536074973352978	-6.437637884639563	-2.5735824905845681	0.27450619452701769	2.2985785649776243	-4.4271638199457284	-4.9041807969916604
475	7353	Tha-1	52.08	4.3	0.97084805653710249	call_rate_ge_0.80	36.180896759033203	-23.872980117797852	-1.5706302765598812	1.3061398732090397	-4.8132759311451903	-1.4254998202841422	2.2162162468372926	0.98962850455548523	-0.65853327967022635	-1.7824766915636276	-0.81057006074582283	3.4687756911777923
476	7354	Ting-1	56.5	14.9	0.96201413427561833	call_rate_ge_0.80	37.189338684082031	-23.26923942565918	-4.2020668512503763	-1.332884882008998	2.8204442363606463	-4.6581132170864343	-1.371770311003814	0.11377490817973861	-3.0361897221902847	0.033039032346952123	-1.6643247628639888	4.362992899315814
477	7356	Tol-0	41.6639	-83.5553	0.96554770318021199	call_rate_ge_0.80	33.017665863037109	-21.500995635986328	16.046355535492445	0.2074259784443355	-1.878208877535305	0.77483993580089106	0.11627360180244804	0.070125385177469093	0.048038290966011456	-1.4700271255005859	-0.55356573684827981	0.73757560970027147
478	7358	Tol-2	41.6639	-83.5553	0.99911660777385158	call_rate_ge_0.80	-16.980457305908203	13.18338680267334	32.182383517155344	2.4751871821594853	1.1105838627247615	0.16058310768335607	-1.2603427603756188	0.76363586549137141	0.32473766692624961	-0.093620274038688306	0.48497444949760482	-0.18824789145713469
479	7359	Tol-3	41.6639	-83.5553	0.99911660777385158	call_rate_ge_0.80	-17.202106475830078	12.666855812072754	32.248255797106573	2.5305834407634555	1.1056809338222933	0.24106463645470297	-1.4871588435305034	0.86293040994213377	0.42431730321615435	-0.03325160175162218	0.48956686101723351	-0.20724641579182168
480	7372	Tscha-1	47.0748	9.9042	0.98674911660777387	call_rate_ge_0.80	36.570220947265625	-20.742654800415039	-2.4920738036275139	-5.2131493518308361	3.1394625650393082	-3.6718804995823144	-2.5234406531566389	-0.69546152984083687	0.16480605555579653	-0.37798688385776974	-2.018028352410512	-4.3741694134796507
481	7373	Tsu-0	34.43	136.31	0.99293286219081267	call_rate_ge_0.80	35.547393798828125	-21.161535263061523	-3.5914611456793066	-3.8181195388502558	3.1089113021294046	-2.7820240027571566	-0.37641636324142935	-1.7522535339402896	2.4638993600219021	-0.019447774465411315	-3.4035700857748545	-0.73393306107139067
482	7377	Tul-0	43.2708	-85.2563	0.96731448763250882	call_rate_ge_0.80	32.866390228271484	-21.31910514831543	30.657519314819421	2.1925290056816	0.8267072532343035	0.465083037624896	-1.4788784856525448	0.66638051096553308	0.37701303338162384	0.17636003471968664	0.41041320792768754	-0.15697882040501332
483	7378	Uk-1	48.0333	7.7667	0.95053003533568903	call_rate_ge_0.80	35.359474182128906	-21.284076690673828	-1.327998729464285	-4.410266436593429	1.470910716920335	-2.8088483978449239	-0.30123794756030847	-1.7739295096333083	0.045657214794574207	-1.2754808274227405	-3.1439776100130716	-2.1100646276653223
484	7382	Utrecht	52.0918	5.1145	0.87632508833922262	call_rate_ge_0.80	35.671859741210938	-20.96435546875	-1.9394158659896623	-6.5590320640177548	-0.12925249946699338	-3.2767617170072825	0.34224448955503495	-2.9664664892731873	-0.20571418663816551	-1.4053534978836282	-2.1822991445169366	-2.4683090917720323
485	7383	Van-0	49.2655	-123.206	0.99116607773851595	call_rate_ge_0.80	33.622974395751953	-23.22398567199707	-1.8523605844547035	-5.1188392575573003	-3.930884933294565	0.07543703792033081	5.0934399702710929	-0.79033431649934616	-0.1818682818514766	0.41700205826981562	-1.7475180474480798	1.6218958392350125
486	7384	Ven-1	52.0333	5.55	0.98056537102473496	call_rate_ge_0.80	35.431549072265625	-22.651508331298828	-2.2864867242632725	-3.2872078210687721	-0.94426739676814675	-2.6448316693797498	1.7984252365763009	-0.67860946636135677	0.72265786619345662	0.74922068952091192	-2.7387454029830582	1.3719775621288064
487	7387	Vind-1	54.9902	-2.3671	0.97614840989399299	call_rate_ge_0.80	32.673591613769531	-22.808990478515625	0.25807483912444024	-5.889642381188759	-6.2192515405788296	0.19713085023452059	15.696356649775257	-4.9164186738789875	-8.0506771662897627	6.2229422997976487	-0.55548285836095967	1.2909092323406761
488	7394	Wa-1	52.3	21	0.98056537102473496	call_rate_ge_0.80	37.190963745117188	-21.628076553344727	-4.2847556961415219	1.0112508078267177	7.86220340972773	-3.3882046348436181	-1.6100750871986782	0.60987005962948293	-0.31576582735337322	0.64606419258614012	-0.49259491958938362	1.6848889367312969
489	7396	Ws-0.2	52.3	30	0.99204946996466437	call_rate_ge_0.80	37.328788757324219	-20.700345993041992	-5.1399566922736808	0.56991869317205435	7.9277477015804436	-1.8738675192306233	-2.3868272289169501	-0.8255330808098944	2.0432832736488171	0.56151004786967063	-3.7691699854861151	-1.7422792809371288
490	7404	Wc-1	52.6	10.0667	0.96643109540636041	call_rate_ge_0.80	35.898727416992188	-22.504734039306641	-2.6319676900293971	-2.5813507061282412	3.5198315065037518	-4.2709595964170033	-1.2630445316565542	0.90062194734146173	0.73983159761201223	0.53218428210769297	-3.7004016580699783	0.90936000824234497
491	7411	Wl-0	47.9299	10.8134	0.9717314487632509	call_rate_ge_0.80	35.639827728271484	-20.367704391479492	-2.4145588540481779	-5.2361894950251147	3.4341367595416292	-4.3639751954088961	-1.8840663152948978	-3.9587469513457654	0.7299954120581833	1.0322585339319603	-3.5408010067452587	-3.1009872330742332
492	7413	Wil-2	54.6833	25.3167	0.99028268551236753	call_rate_ge_0.80	37.516407012939453	-21.132551193237305	-5.4743735443284409	1.3889575684033038	7.3238934091973329	-1.4350944954560703	-3.2466689926703567	0.077417263551878973	-2.340574556378999	0.14358730995225702	-2.5927763742400129	0.18370524541344857
493	7415	Wu-0	49.7878	9.9361	0.9832155477031802	call_rate_ge_0.80	35.952392578125	-22.630651473999023	-1.2339888029825075	-2.5935001991435991	0.79651828921969536	-1.8152377633834225	-1.2589341319877985	0.99401493234039218	0.94784028232612638	-1.0241344387932765	-1.8952915536995392	1.2136861266807231
494	7416	Yo-0	37.45	-119.35	0.99204946996466437	call_rate_ge_0.80	33.008106231689453	-21.54796028137207	15.606959306968612	-0.70545112344097438	-1.0576848101474037	0.264189150824852	1.5192352090084875	0.51257328063463137	-0.68850616217395377	0.5801247327216883	-0.36760615594279383	2.0158607868272531
495	7417	Zu-0	47.3667	8.55	0.9832155477031802	call_rate_ge_0.80	33.985988616943359	-22.909946441650391	0.46085178500299195	-6.9166809574013266	-2.2928253752718222	1.7464027044101789	3.2964573937519752	-1.9276392652758552	1.2571867330259079	-3.1316262821200644	-1.2534129464916475	-0.80635465658384964
496	7418	Zu-1	47.3667	8.55	0.95848056537102477	call_rate_ge_0.80	34.317409515380859	-22.3634033203125	-1.1196632111067735	-5.3876209306862544	0.74509756559702778	-1.2531457105167827	1.203358148867024	-1.7132508241697086	1.1959624976969714	-0.26348251774864734	-0.94698370122913589	-2.6464711596402877
497	7419	Db-1	50.3058	8.32213	0.98144876325088337	call_rate_ge_0.80	35.304195404052734	-21.83404541015625	-1.7808490855395891	-4.2232023569775281	1.9100893869308722	-5.8569111659961699	-0.34893602756796083	2.7808934472779221	1.0985931100122117	0.19681525062234692	-5.1722021469828094	0.21446886873469803
498	7424	Jl-3	49.2	16.6166	0.94434628975265023	call_rate_ge_0.80	37.618801116943359	-20.553020477294922	-4.7283940031338814	-2.9313044779343902	6.6294849391695303	-3.901844639601098	-3.8303173783675688	-3.8806589300283409	1.5501129325731571	-0.76617987857660041	-0.53001394249226874	-2.5681141196262192
499	7427	Ko-2			0.9717314487632509	call_rate_ge_0.80	37.412921905517578	-21.277872085571289	-4.6230230803158854	-0.66437161987283411	6.8823595406238329	-2.559798648104453	-4.4460866057091577	-2.572804494140454	-0.41641775249940927	1.9176715263692321	-2.3077676835924525	-0.16091308553078171
500	7430	Nc-1	48.6167	6.25	0.95759717314487636	call_rate_ge_0.80	34.881752014160156	-21.754793167114258	-0.73136609733879632	-5.3268203820069111	0.93545816380390689	-1.4450873989900928	1.9107811224906299	-0.40665212099701936	1.3120402092558496	-0.59275451821113689	-2.0388602182400488	-0.25150760614880469
501	7460	Da(1)-12			0.95141342756183744	call_rate_ge_0.80	38.028507232666016	-20.363058090209961	-4.3372531766170823	-2.3238017739524639	6.3255830460243514	-7.0566915433321586	-7.227840512610296	-2.8004107479022831	0.18399295840319477	1.3607299298843927	-3.7987752975918059	-3.7546766975983581
502	7461	H55	49	15	0.85865724381625441	call_rate_ge_0.80	35.312282562255859	-21.980504989624023	-2.8517639109333293	-0.13412789485866705	-0.33422095429583393	-2.7692039222457066	-0.63460379697637614	0.32930158088724593	1.4329909641488474	0.059174037267775585	-1.7823340597049835	0.34704074775092086
503	7471	RLD-1			0.96201413427561833	call_rate_ge_0.80	35.247997283935547	-15.020862579345703	-4.8483324880465029	2.6914640439200781	8.4452706561445119	0.91613474792899419	0.40614556942020075	1.5379791546570836	0.32801490610169542	0.5194130256595092	-2.877556114579757	-1.198901644903809
504	7475	KEN	41.767	-72.677	1	call_rate_ge_0.80	-16.785734176635742	12.158056259155273	32.402001430862811	2.4931222328005118	1.0721727349985313	0.25249265844070112	-1.3535866232066522	0.82860300216154303	0.35702368577154342	0.038720200844285298	0.47683061257625847	-0.21471498743723105
505	7477	WAR	41.7302	-71.2825	0.95494699646643111	call_rate_ge_0.80	35.535118103027344	-21.398252487182617	-2.8582215523858414	-4.4910206103541768	3.9791623707371055	-3.4396514553473887	-1.3456038899572071	-3.1270746659184914	2.3979455906075393	0.10506055374229967	-2.5325947411244525	-0.99745215059689796
506	7514	RRS-7	41.5609	-86.4251	0.98498233215547704	call_rate_ge_0.80	35.055324554443359	-22.431131362915039	-2.152871032107468	-4.9046911226474412	0.26336492368503811	-2.2114327170182881	0.9660040183540991	-2.3752060385409157	0.5249769315973406	1.2328741332466984	-1.3473617692610875	0.029885696195057931
507	7515	RRS-10	41.5609	-86.4251	0.97438162544169615	call_rate_ge_0.80	32.812816619873047	-21.352155685424805	30.616351735153334	2.162759285750369	0.83926955428869043	0.099997689528910624	-1.4840235193681015	0.88019838773914472	0.50016681039393152	-0.093169094615161041	0.41839779052348114	-0.038221960309093896
508	7516	Vår2-1	55.58	14.334	0.93462897526501765	call_rate_ge_0.80	36.900253295898438	-24.107913970947266	-2.1505990576194276	3.4818848606231083	-4.3350110672074962	-1.901485618010982	-1.9748260483891134	2.6789537893163908	-0.22151761491853386	1.0552155987231007	-0.15642825026987522	15.179889879252288
509	7517	Vår2-6	55.58	14.334	0.82332155477031799	call_rate_ge_0.80	36.811695098876953	-24.272846221923828	-2.661156024271552	4.9000290679259404	-5.7652126937149966	-0.34764669518101798	-0.47224891783169298	0.84099002051899696	-0.60981176465999654	2.0168479495902614	-0.85839496668950055	14.469653793152963
510	7520	Lp2-2	49.38	16.81	0.98233215547703179	call_rate_ge_0.80	37.994518280029297	-20.341156005859375	-4.622464645292526	-2.895391542489723	7.8855071437253539	-5.4932499014452771	-4.5396176383424605	-1.8598552203475309	1.5328618001902896	1.3900873234247451	-2.3482781350864941	-3.4892879681710314
511	7521	Lp2-6	49.38	16.81	0.98674911660777387	call_rate_ge_0.80	37.930831909179688	-20.698301315307617	-3.5188182387013223	-2.4594631258611832	6.0110815197823184	-3.995821867381911	-4.983346255105122	-1.8056405756270939	0.75868723767665813	1.4281330478184631	0.076111995182911618	-1.8353471366381391
512	7523	Pna-17	42.0945	-86.3253	0.90459363957597172	call_rate_ge_0.80	33.0926513671875	-21.574666976928711	12.915368907023828	-1.2622795597955372	0.32955260011558807	-0.95249742932293346	-0.55148765429092839	0.3873005013523394	-0.26997248519349248	-0.68120198324544878	-1.2518375029345297	-0.5320576065735636
513	7525	Rmx-A180	42.036	-86.511	0.96731448763250882	call_rate_ge_0.80	33.057029724121094	-21.960535049438477	10.687050948972443	-3.7682326868466318	-2.6478555362031186	-0.40947705789817979	5.4689235004659729	-2.4137398577055129	-1.8026019833950104	2.0780124774050459	-0.29837968759385491	0.34845516910691254
514	7529	627RMX-1MN4	42.0333	-86.5128	0.99911660777385158	call_rate_ge_0.80	32.914146423339844	-21.529420852661133	20.47893024463071	-1.3316129618527313	-2.0826474076163293	0.6309271020112277	4.7107127086798499	-1.5872207889205205	-1.4053302149333267	3.6659680688144394	0.53196064908014329	-1.2403412530873972
515	7530	627RMX-1MN5	42.0333	-86.5128	0.99911660777385158	call_rate_ge_0.80	32.864112854003906	-21.441843032836914	20.682175823967508	-1.2600808782620823	-2.1215821185593127	0.76386658957284725	4.6082963453973411	-1.5222005270485128	-1.3947742965506809	3.8159186271100611	0.54050216740084278	-1.2719704937506136
516	7566	627ME-13Y1	42.093	-86.359	0.99911660777385158	call_rate_ge_0.80	32.776176452636719	-21.328268051147461	28.112295433384134	2.2918066829238177	0.9400656359206494	0.10001642728676309	-2.223268437655288	1.2281608273778641	0.37742039516496095	-0.11303660668143535	-0.32925497410058624	-0.64933290613411532
517	7568	627ME-1MI1	42.093	-86.359	1	call_rate_ge_0.80	-16.856285095214844	12.292289733886719	32.402001430862811	2.4931222328005118	1.0721727349985313	0.25249265844070112	-1.3535866232066522	0.82860300216154303	0.35702368577154342	0.038720200844285298	0.47683061257625847	-0.21471498743723105
518	7717	KNO1.37	41.273	-86.625	0.95141342756183744	call_rate_ge_0.80	33.433467864990234	-21.721334457397461	8.6707751145885741	-2.1299455440938506	0.56888614724203024	-1.9121004172095093	0.099787997008075724	-2.8770979320446504	0.44082112086044273	-1.4631949323769537	-1.5566475299441747	-1.5354309915024507
519	7757	KNO2.41	41.273	-86.625	0.99911660777385158	call_rate_ge_0.80	-16.927635192871094	13.120128631591797	32.182383517155344	2.4751871821594853	1.1105838627247615	0.16058310768335607	-1.2603427603756188	0.76363586549137141	0.32473766692624961	-0.093620274038688306	0.48497444949760482	-0.18824789145713469
520	7767	KNO2.54	41.273	-86.625	1	call_rate_ge_0.80	-16.968454360961914	12.291341781616211	32.402001430862811	2.4931222328005118	1.0721727349985313	0.25249265844070112	-1.3535866232066522	0.82860300216154303	0.35702368577154342	0.038720200844285298	0.47683061257625847	-0.21471498743723105
521	7917	PNA3.10	42.0945	-86.3253	0.93816254416961131	call_rate_ge_0.80	35.082061767578125	-21.061124801635742	9.3186228546626797	-1.6377517054725976	1.9179148243292929	-1.8525442519972339	-2.3459231442234803	-0.48651695418084007	-0.4915855215231365	-0.38742312343466689	-1.1354627314586441	-2.1504123409036406
522	7947	PNA3.40	42.0945	-86.3253	0.95318021201413428	call_rate_ge_0.80	33.165714263916016	-22.339670181274414	6.1599977914805306	-4.3915855129363353	-3.9192239775883886	0.27794155416905858	6.1133786682068845	-2.3917063475537521	-2.3295838384304046	2.9115717297089878	-0.99571370792888014	0.16667435302120959
523	8037	PT1.52	41.3423	-86.7368	0.99911660777385158	call_rate_ge_0.80	-17.241855621337891	12.690370559692383	32.248255797106573	2.5305834407634555	1.1056809338222933	0.24106463645470297	-1.4871588435305034	0.86293040994213377	0.42431730321615435	-0.03325160175162218	0.48956686101723351	-0.20724641579182168
524	8057	PT1.85	41.3423	-86.7368	0.99911660777385158	call_rate_ge_0.80	-17.030683517456055	12.62806510925293	32.294802047552572	2.4987457478372432	1.0361256191771566	0.2128087562114257	-1.3337060767042852	0.81334223806169115	0.28519306575976333	0.017209334595958446	0.47089632029289058	-0.22337607142540516
525	8077	PT2.21	41.3423	-86.7368	0.95406360424028269	call_rate_ge_0.80	33.066417694091797	-21.61979866027832	14.491849471344109	-0.69272113504317034	-0.90321283413023967	0.19102203138906859	-0.073484501923315848	-0.66209957630320859	1.2816309255273397	-0.47514552574477747	0.54333946397485433	-0.24440990486776656
526	8132	RMX3.22	42.036	-86.511	0.95671378091872794	call_rate_ge_0.80	32.951984405517578	-21.536775588989258	17.597693519061181	-1.5631949417698254	-1.0351721722051492	0.091661658686735883	3.4527378704413043	0.18983843486347349	-0.73505576006230755	1.1161994524158494	-0.82567965341709171	-0.36109912410250444
527	8171	RMX4.118	42.036	-86.511	0.99911660777385158	call_rate_ge_0.80	32.883388519287109	-21.67951774597168	16.291406426714182	-2.002692365259557	-2.1170883389691717	0.0076918828196463306	4.4209293325890977	-1.2802519017064333	-2.4951587576025136	2.4156967570521521	-0.78166597597603737	-0.097327778338159573
528	8214	Gy-0	49	2	0.96996466431095407	call_rate_ge_0.80	33.146350860595703	-22.719114303588867	1.5421124636607082	-2.7535712509582666	-4.5938931299570767	-0.51093744372869676	6.9007416795129899	-2.7643771196154607	-1.9517944780242766	1.6973292530744637	0.61887339750675951	0.20929899950487973
529	8222	Lis-2	56.0089259	14.7427433	0.95229681978798586	call_rate_ge_0.80	36.961894989013672	-23.632635116577148	-4.3196800326637819	3.5962862448479322	1.6443716361294867	-3.3508963947310764	-1.243305378646643	-1.6071012237457714	-0.36711144186021222	0.18028035881200358	-0.43551051370682237	3.7558652785954676
530	8227	THÖ 03	62.7920572	17.898516	0.96378091872791516	call_rate_ge_0.80	37.162818908691406	-25.637763977050781	-4.5948530527345293	16.083008431444497	-9.9434404250747477	-3.28825109895191	-0.56969545830238444	-7.2264521204583909	1.9823656435012427	-1.8338559509091485	-1.0145730773411883	-1.9589859212383725
531	8230	Algutsrum	56.68	16.5	0.99293286219081267	call_rate_ge_0.80	37.016452789306641	-23.677871704101562	-4.264893341827503	3.2870836134830586	-0.55832225704964789	-3.0353529886845219	-0.17397312066767065	-0.46058275347717026	-2.065107155801623	0.34766349468666419	3.3299683732214	3.7497593816354877
533	8233	Dem-4	41.1876	-87.1923	0.86484098939929333	call_rate_ge_0.80	32.75189208984375	-21.230857849121094	25.800630854663723	1.6877609281691655	0.39907985410504881	-0.38898361060395803	-1.0727357126788157	0.5751312140099053	0.45682832977566834	-0.27481560730313331	0.17157969376881277	0.060195591938020154
534	8234	Gul1-2	56.3201865	15.9753237	0.93992932862190814	call_rate_ge_0.80	36.665313720703125	-23.677701950073242	-1.9455327067945947	-1.2765125103264219	1.2083854168574675	-2.1863146322130409	-0.48581215507155262	0.73675500236053038	-1.6261352019712567	-1.1962019767421104	0.79944486264643277	4.2586154062022388
535	8235	Hod	48.8	17.1	0.93639575971731448	call_rate_ge_0.80	37.799095153808594	-20.813203811645508	-3.3439735327713538	-1.5897408259939949	6.8495555789618914	-4.1187722950803476	-4.6282538202098262	-1.7209283839077529	-0.28081301182543489	-0.049303685589151186	-1.784590168656407	-0.25447485944929421
537	8237	Kävlinge-1	55.8	13.1	0.98409893992932862	call_rate_ge_0.80	38.120342254638672	-23.629825592041016	-5.306355957975998	1.0950174782481925	1.4641722199150211	-7.5998370497967018	-1.2928224595642974	3.6849272028458731	-0.84756632201518334	-1.8810236153675211	-3.562374878522955	5.7714571008273268
538	8238	Kent	51.15	0.4	0.9832155477031802	call_rate_ge_0.80	35.101673126220703	-21.996982574462891	-1.6183648990908361	-4.2046668378959584	1.9569879015053413	-4.5907901429310316	0.62667996447749286	-0.029672506602037751	1.2498729432207758	0.27427912323475456	-2.8724915213885458	0.71028389162834038
540	8240	Kulturen-1	55.705	13.196	0.98498233215547704	call_rate_ge_0.80	38.179729461669922	-23.634550094604492	-2.3973325706592092	-0.6930484432177878	-0.72901928909939417	-6.0238176963299237	-0.43872680115049922	2.8968549125546912	-3.2688689747427278	-1.1932509682134009	-1.849750697855407	4.3276418855586885
541	8241	Liarum	55.95	13.85	0.98498233215547704	call_rate_ge_0.80	37.0633544921875	-22.972566604614258	-3.7058585598099767	-1.1922808924942105	1.925818698230092	-3.9169661969724263	-1.6701777034417526	0.76834155386437741	-2.7366299804377494	-0.30754115637472262	1.9757584332032392	4.6763087853762615
542	8242	Lillö-1	56.1510312	15.7832574	0.98763250883392228	call_rate_ge_0.80	36.348659515380859	-23.150772094726562	-3.156345013008337	-1.9279403120224969	1.5459535667626223	-1.0317861493483369	0.88404067377506745	-1.6159123161653954	-0.81486068426769065	-0.39180283896582951	-0.78178648926272598	4.4451053809242573
543	8243	PHW-2	43.7703	11.2547	0.93374558303886923	call_rate_ge_0.80	33.696781158447266	-24.180906295776367	-1.3072363386014505	-6.7844536628415488	-0.96912029991565574	-2.3330855210192447	2.3049052258238305	-3.4758064699693554	1.7687289960098111	-0.39625518655607123	0.76372989738316732	-0.39842522101465033
544	8244	PHW-34	48.6103	2.3086	0.97791519434628971	call_rate_ge_0.80	33.860569000244141	-23.219905853271484	-1.0260962729085823	-3.3681604240786203	-3.0943295943957665	0.88265368172181102	4.056877176893118	-1.8546351316589555	0.88292740901861055	-0.74312888029561008	-0.76885609699046342	-0.026106261750744597
545	8246	NC-6	35	-79.18	0.97703180212014129	call_rate_ge_0.80	33.074581146240234	-21.532648086547852	15.392197933260427	-0.16115976033834981	-0.78070545805972025	-0.60114796317692831	1.5663789905148859	-0.1727239135569246	-0.35868640752339126	-1.867204992889018	0.36582418543970752	0.036944759829419804
546	8247	San-2	56.0692873	13.7407939	0.93374558303886923	call_rate_ge_0.80	39.983394622802734	-23.017433166503906	-3.3530826418457105	0.21783467915950983	-3.6267038563769023	-5.8622478695769473	4.7727101647997054	11.936724654188057	0.96402604309928563	-1.6174718451676138	3.0690570895286551	-3.7294430815868278
547	8249	Vimmerby	57.7	15.8	0.93551236749116606	call_rate_ge_0.80	37.049304962158203	-23.119951248168945	-3.9066172543918256	2.6611861203345892	2.2544364001426276	-2.281444958752572	-0.76167855169805632	1.7649475472642546	-3.4013657675874538	0.46102796783430378	2.443335264898252	2.0582188323526331
548	8256	Bå1-2	56.4487477	12.9040338	0.94787985865724378	call_rate_ge_0.80	36.137996673583984	-22.898946762084961	-3.0229380585782692	-0.5024466267101112	0.065412159047140553	-4.0056949368528638	-0.58966482918105012	2.6495124032337851	0.39796444740678705	-0.085494907135708439	-1.5202050990679015	2.0023348799505012
549	8258	Bå4-1	56.4487477	12.9040338	0.97968197879858654	call_rate_ge_0.80	37.5758056640625	-23.622457504272461	-3.3654873762730104	1.9680986258496909	-1.1904308703370807	-6.9262957791499851	-0.31115851682349488	3.2467894805828363	-0.28355041240500956	-0.60600020953484923	-0.54240952826188737	4.2595104147176839
550	8259	Bå5-1	56.4487477	12.9040338	0.9946996466431095	call_rate_ge_0.80	37.682529449462891	-23.692123413085938	-3.6130657178238392	2.1315842719552602	-1.2137361919284237	-6.9756060486678182	-0.47494468625058661	3.3666130649536847	-0.64579914696707197	-0.40656718587138813	-0.23929069292475924	4.3229622187699626
551	8264	Bla-1	41.6833	2.8	0.98056537102473496	call_rate_ge_0.80	31.675386428833008	-24.891124725341797	-2.8339895935428161	-4.1599955287068759	-4.5817724171667162	4.1931793225980192	-1.6674018098153265	0.47136486193542848	-1.5419507569523556	-9.8672972469284641	-1.6937073681035877	-1.6969820646057241
552	8283	Dra3-1	55.7599276	14.1262764	0.97791519434628971	call_rate_ge_0.80	36.287445068359375	-22.638528823852539	-2.7494218977780092	0.012246322077608668	0.75330062321370328	-4.3046925213953964	-0.16441571168984495	-0.21594602667070723	0.54124218538693714	1.0025033813461575	-0.51337307386303754	2.8004869617497965
553	8284	DraII-1	49.4112	16.2815	0.88074204946996471	call_rate_ge_0.80	38.080184936523438	-20.459560394287109	-3.7408832167259405	-3.0783293826954305	6.3838453583303512	-6.1943704839775053	-2.4400489402224581	-2.307077665637733	0.32993680323452695	-0.47302368258702221	-1.9944157614271067	-3.4583924859175754
554	8285	DraIII-1	49.4112	16.2815	0.92667844522968201	call_rate_ge_0.80	38.292015075683594	-20.480117797851562	-4.1488169261776759	-4.2879878342106492	6.3283437642593903	-6.4740214381534349	-5.1694578403069924	-2.8316136928095261	0.93572789035729986	1.4314517576966341	-4.0378742718253378	-3.5770062731482795
555	8290	En-1	50	8.5	0.94257950530035339	call_rate_ge_0.80	36.803085327148438	-20.643791198730469	-3.1632108342912093	-3.4802296450140218	7.2418659253183115	-2.7096109271855195	-3.9066912109213581	-3.2848235642511341	1.2051266036716923	0.85195777487153768	-1.9617458667965884	-5.714060231444714
556	8297	Ge-0	46.21	6.14	0.97614840989399299	call_rate_ge_0.80	33.425559997558594	-23.134038925170898	-0.64551810520143471	-6.7587508487162475	-2.8587948433954118	0.072386695240373555	6.2445392224361091	-4.0100940364433066	-1.7446313068366415	-1.0542333381855373	-0.62331712443663057	0.2502113851532653
557	8306	Hov4-1	56.1035094	13.7134622	0.96378091872791516	call_rate_ge_0.80	37.951522827148438	-23.389265060424805	-3.3973746047090416	-2.8907601474703104	0.28178777404832384	-6.9001954135766495	-2.604054414584688	0.99427584980615524	-1.9071060806569236	0.35793030546169857	-2.7212757113942776	5.2751215036999541
558	8307	Hovdala-6	56.1132251	13.7296953	0.99734982332155475	call_rate_ge_0.80	36.265613555908203	-22.797582626342773	-1.250657850332008	-1.8963951630506375	-0.19466460657121379	-3.2815730854362974	-0.29245836931099867	-0.52522503696890044	-1.0075717953994483	-1.0897021693285311	-2.3592966162714064	4.3055736835908851
559	8311	In-0	47.5	11.5	0.95759717314487636	call_rate_ge_0.80	37.309295654296875	-21.211919784545898	-2.9582754337731236	-3.6044777176686118	3.8366873473053937	-1.7467087887987174	-2.0580040709403726	-1.789534894090236	0.73271567345053989	0.62437474782759006	0.24389055161984907	-0.41167160390345536
560	8312	Is-0	50.5	7.5	0.95936395759717319	call_rate_ge_0.80	35.375473022460938	-22.246685028076172	-2.0078918889203088	-2.2664296058496163	0.3863819227582701	-3.1126292743906472	0.0074915432292156142	-0.55430189897420001	0.015875063771332267	-0.76283536378286299	-1.2066895696225954	0.86157278018350603
561	8326	Lis-1	56.0089259	14.7427433	0.95671378091872794	call_rate_ge_0.80	36.924110412597656	-22.938089370727539	-4.2078322361527078	-0.3100869156186617	-0.16681027895756836	-4.5915514580994543	-2.2807915550971165	1.3811509088788456	-0.3460435860213617	-0.36307538090974928	-0.49109871775041103	1.6917748438156606
562	8334	Lu-1	55.72	13.19	0.99028268551236753	call_rate_ge_0.80	37.730792999267578	-20.905757904052734	-1.3579983538400227	-2.4734892680889113	2.475153646492287	-3.1586788720443026	-2.4154921886344409	-1.1163017295573348	-0.44954756233433224	0.054731262144121433	-1.9740374781835697	-1.0289590312674952
563	8335	Lund	55.71	13.2	0.94699646643109536	call_rate_ge_0.80	40.066341400146484	-23.044307708740234	-4.8112647151828094	2.9582389078842071	-7.5679151949820165	-9.6343018795394073	6.8048850119502022	20.68478674239045	0.78674669178917844	-0.78642084722304373	5.6927956825470458	-8.6379393557483493
564	8337	Mir-0	44	12.37	0.97791519434628971	call_rate_ge_0.80	33.7562255859375	-24.427774429321289	-0.64960748356905018	-7.1522044459093852	0.17048178882952372	-0.040539577215849075	2.9568248384729499	-2.9312623069873247	2.5811082463415786	-1.431331230302622	0.64204241519187877	-0.34545176431938968
565	8343	Na-1	47.5	1.5	0.96201413427561833	call_rate_ge_0.80	35.611473083496094	-21.714908599853516	-1.4460506639136046	-3.3792674192734524	2.6031742219691103	-3.121608780450285	-0.60123584167102773	-0.37518495112683187	-0.2613013700388977	-0.58556533996246418	-1.3632638346188188	-0.55541058410958322
566	8351	Ost-0	60.25	18.37	0.92226148409893993	call_rate_ge_0.80	36.766654968261719	-24.700841903686523	-3.1161070977964878	10.231092502130926	-5.1582962979861584	-1.3066854169335587	-0.42694404286922788	-2.0235987158501856	1.5857586207367513	0.60679895663208938	1.0925074068910996	1.538397799637172
567	8354	Per-1	58	56.3167	0.97261484098939932	call_rate_ge_0.80	35.064430236816406	-14.808139801025391	-7.0685243383316001	6.3715696188975786	11.621289140351633	3.9798078621967394	0.80990024138862682	0.9694719400123426	-0.14428480672566821	0.28645631422971962	-1.2414137794603533	-0.41872020244955699
568	8357	Pla-0	41.5	2.25	0.98586572438162545	call_rate_ge_0.80	31.666097640991211	-24.853404998779297	-2.4789074029239591	-4.864207256923204	-6.7520554155528973	5.423932070855737	-2.5467962582248114	-0.99668359877708079	-1.3648983459895025	-9.6158583050488051	-0.64311480301686919	-1.8585289526609932
569	8365	Rak-2	49	16	0.94699646643109536	call_rate_ge_0.80	37.911594390869141	-20.483560562133789	-3.9633249966605644	-3.0334816054028488	7.2271258101544271	-6.1877659043533786	-5.2414975699267643	-2.888709295907085	0.59282808225765626	-0.07834200086145085	-2.5080814426425122	-3.5236293232878202
570	8366	Rd-0	50.5	8.5	0.96819787985865724	call_rate_ge_0.80	35.512741088867188	-21.979156494140625	-2.3555714940342765	-4.008758809972595	2.5919185617457345	-5.4960252430267227	-2.4191941400065549	-0.28852460678510139	0.82802336443208746	0.75959653954951978	-3.9610132599058185	0.10625507496954131
571	8369	Rev-1	55.7170459	13.4354695	0.95229681978798586	call_rate_ge_0.80	40.182826995849609	-22.909299850463867	-4.4192541491538462	3.0843966160184513	-6.5921641053600899	-9.7782876256213136	2.9097795526171835	13.77606298144271	-0.1537471449476949	-1.1448648137792603	2.5228261045291704	-3.9101597326876267
572	8376	Sanna-2	62.6897799	17.997819	0.97791519434628971	call_rate_ge_0.80	36.977878570556641	-25.086826324462891	-4.6499992215996926	14.869798041850306	-5.3497250612234675	-3.8114750943080771	0.54926392580474437	-4.6386862287330493	1.0843027708791018	2.0949581400869555	0.46993065274283458	1.0513308730111666
573	8386	Sr:5	58.9	11.2	0.99293286219081267	call_rate_ge_0.80	38.230770111083984	-20.465808868408203	-4.455293779574057	-2.8604975677630051	6.8338274119774942	-6.2129325408464293	-4.8661119572645157	-3.1235923360523459	-0.46323309322282896	1.4351976807505671	-2.5319027745538696	-3.2574823039481724
574	8387	St-0	59.34	18.06	0.90989399293286222	call_rate_ge_0.80	35.114112854003906	-21.960840225219727	-2.2620145874150506	-2.2927929395794369	0.70238919733938654	-1.1900657386542517	0.061908659334704075	-1.9454579958766931	0.86434799590525413	-0.1562374861466867	-4.2564137046016128	-0.43860760130791598
575	8419	Wil-1	54.6833	25.3167	0.94081272084805656	call_rate_ge_0.80	37.206230163574219	-21.590669631958008	-3.955252045355524	0.01286938433774521	7.3177529739508032	-1.3793677441512446	-0.67609029915988461	0.53944106719172569	-0.17624614510613934	0.71455238686966416	-0.60025994006556893	1.0291805379516032
576	8420	Kelsterbach-4	50.0667	8.5333	0.96819787985865724	call_rate_ge_0.80	35.376502990722656	-21.993925094604492	-3.2557559305980512	-4.6961838008662022	1.4486335279049209	-3.4729030466582325	-0.67210058958116481	-1.0536823722243078	-0.64167495386370321	1.9253812513289796	-3.2162354269201736	0.52403728059552568
577	8422	Fjä1-1	56.0617671	14.2786489	0.99381625441696109	call_rate_ge_0.80	38.212631225585938	-23.679897308349609	-3.9373676133940001	-0.65084572468769386	0.27151029800332732	-7.8225656229805578	-2.5010771764321453	7.2930211047951801	-1.080322886082915	-2.6917025194690245	-2.285895418716549	7.981909082064969
578	8424	Kas-2	35	77	0.98763250883392228	call_rate_ge_0.80	34.887550354003906	-14.240300178527832	-6.7828064115456881	8.6781847686100431	13.02006063791689	9.7510051069422055	4.5807988092997753	3.4993523815680661	-3.2865772627154604	0.54204158200928731	0.04507237271847965	0.15410305283748538
579	8426	Ull1-1	56.0681098	13.9589922	0.94169611307420498	call_rate_ge_0.80	36.230522155761719	-22.679653167724609	-1.9114759666043728	-1.8047802396902342	0.86364427824608769	-3.2348666996230713	-1.3263905320812011	-0.54156952623782051	0.08634271266815291	-0.84084999026034235	-1.996452372733464	2.7213148664573219
580	8427	Ull2-13	56.0648	13.9707	0.99823321554770317	call_rate_ge_0.80	36.347099304199219	-22.676013946533203	-2.5382385935812799	-1.4620143552518772	0.39319506720695924	-3.7023668206300484	-0.79441741090600626	-1.4863314893144091	0.24667177166983212	-1.4727978749660078	-2.7837066957858783	4.0428055983641453
581	8464	LP3413.31	41.6862	-86.8513	1	call_rate_ge_0.80	-16.968215942382812	12.248357772827148	32.402001430862811	2.4931222328005118	1.0721727349985313	0.25249265844070112	-1.3535866232066522	0.82860300216154303	0.35702368577154342	0.038720200844285298	0.47683061257625847	-0.21471498743723105
582	8483	LP3413.53	41.6862	-86.8513	1	call_rate_ge_0.80	-16.848608016967773	12.196088790893555	32.402001430862811	2.4931222328005118	1.0721727349985313	0.25249265844070112	-1.3535866232066522	0.82860300216154303	0.35702368577154342	0.038720200844285298	0.47683061257625847	-0.21471498743723105
583	8699	328PNA062	42.0945	-86.3253	0.99558303886925792	call_rate_ge_0.80	32.460018157958984	-21.10926628112793	31.82104217789739	2.4854275370414101	1.0846453803936507	0.11546339044343983	-1.2121262843882097	0.68259646618772218	0.3219224910418727	-0.26510770848141751	0.35844286110775497	-0.18432649951913666
584	8723	11PNA1.14	42.0945	-86.3253	0.99646643109540634	call_rate_ge_0.80	32.500579833984375	-21.052713394165039	31.838528421286806	2.4318322200867422	1.1856735302468238	0.077521171594938931	-1.1699360078932612	0.69399845227973667	0.1532775269652496	-0.24887547209712937	0.40211162387635424	-0.22113135522852922
585	9027	RMX413.85	42.036	-86.511	0.99646643109540634	call_rate_ge_0.80	32.864082336425781	-21.454124450683594	22.140894848688887	0.0066810873570999412	-1.9871607057031977	-0.35349225333364209	4.0115298994703785	-0.50138975473427116	-1.4778357525227186	1.0201708344458025	0.59886177243631877	-0.020395118314508961
586	9057	Vinslöv	56.1	13.9167	0.97968197879858654	call_rate_ge_0.80	36.624736785888672	-22.82783317565918	-2.6603201040283064	0.5866880100793338	0.15123228159049942	-4.0201093893967661	0.068004326213645591	2.8110740055937398	0.53564076772969427	1.0989736964606258	-0.79508318286992941	2.4334544633166688
587	9058	Västervik	57.75	16.6333	0.99381625441696109	call_rate_ge_0.80	36.845203399658203	-24.607603073120117	-3.9973952956808065	3.9898321179113569	-2.1884606612505539	-2.2912070937316269	-2.7299603757234925	0.81856454216619612	-0.41858504858179024	-1.3289058994327787	-2.0933182953064886	7.0444018804795459
588	9067	Xan-3	38.6536	48.7992	0.96819787985865724	call_rate_ge_0.80	34.301322937011719	-25.166189193725586	-3.5018397510874628	-5.4124500607133985	-1.7315399184188023	3.5785734708036494	2.0179524875304828	-1.7298308183303954	14.176669491249442	-4.8720050908449197	10.268970706630927	3.2451642920334169
589	9069	Xan-5	38.6536	48.7992	0.99734982332155475	call_rate_ge_0.80	34.279644012451172	-25.129001617431641	-3.0980284765084938	-5.7940380691969571	-2.4263661070789841	2.7329632056936424	2.6560088010580292	-0.92888988925034643	15.320170000452531	-5.4029901089368755	11.132315985877206	4.3351735594573464
590	9070	Xan-6	38.6536	48.7992	0.98763250883392228	call_rate_ge_0.80	34.266307830810547	-25.130422592163086	-3.175007923061866	-5.2641942914209379	-1.7728763602623612	2.9398538652591362	2.0047059301793952	-1.1978074756162063	14.748460421506143	-4.1203443857848541	11.233858742897487	2.7748512832361465
591	9075	Lerik1-4	38.7406	48.6131	0.97349823321554774	call_rate_ge_0.80	34.274639129638672	-25.115940093994141	-3.8963225149478515	-4.4735918579586187	-0.75007569896701876	2.742751591498084	2.8940487926578982	-2.0809561377047028	14.123233881433261	-4.9089096446834901	9.7550213924167615	3.7598039554677074
592	9078	Lerik1-7	38.7406	48.6131	0.99116607773851595	call_rate_ge_0.80	34.2838134765625	-25.122385025024414	-3.3957415457706839	-5.253683126081012	-1.8114574359264883	4.1854580062715234	2.235768562506137	-1.6075365855279165	15.053073740879004	-4.5270818608433663	10.913445097168863	3.6577177505534983
593	9079	Lerik2-1	38.7833	48.5517	0.94257950530035339	call_rate_ge_0.80	34.300838470458984	-25.166036605834961	-3.6236291688925384	-6.3223559717234172	0.91031503185922646	3.4157264513209995	2.7851668826757328	-2.1694531627314451	13.152929113584902	-4.3291664295012549	10.551807511134884	3.4319641246923869
594	9081	Lerik2-3	38.7833	48.5517	0.9832155477031802	call_rate_ge_0.80	34.235466003417969	-25.076541900634766	-3.0186666623959124	-6.3196495641816481	-2.6958903553632325	2.4956975569517716	0.63625741525271307	-1.5948764388684551	14.031027483482321	-4.2476084086286345	10.392974590370445	3.7766162405107369
595	9084	Lerik2-6	38.7833	48.5517	0.97614840989399299	call_rate_ge_0.80	34.3695068359375	-25.238927841186523	-3.7994505382526107	-5.6926031956680179	-0.13637067446784168	3.5666237840246238	3.0808780885799987	-1.4941014808478559	13.641236087005012	-5.6531020666821359	11.20772340757585	4.1789272982013399
596	9085	Lerik2-7	38.7833	48.5517	0.97349823321554774	call_rate_ge_0.80	34.455703735351562	-25.173772811889648	-4.0033861862825617	-5.835391513650138	-0.3291812730810334	3.57732928813402	2.8053713520196735	-1.2410809140926251	13.43952555630762	-5.4101623284635298	11.147322519848245	3.8799279388798853
597	9089	Nar-3	38.9522	48.925	0.98498233215547704	call_rate_ge_0.80	34.361476898193359	-25.219932556152344	-3.9666213151982204	-6.9213857872770204	0.51990356085072076	3.2393358051624168	3.9856222736375484	-2.2401085007671484	13.900368203256178	-4.5400894259779365	10.309893233295469	1.966370840281197
598	9091	Nar-5	38.9522	48.925	0.96908127208480566	call_rate_ge_0.80	34.300846099853516	-25.190511703491211	-2.8211503969866651	-5.4682326577691995	-0.50485046522898103	3.0210358432433213	2.3643245678517726	-2.0333391004958195	12.937975766017983	-4.6147897938767732	9.0056859832075631	2.4481204427403296
599	9095	Istisu-5	38.9786	48.5594	0.98586572438162545	call_rate_ge_0.80	34.214851379394531	-25.073184967041016	-3.4526297176973468	-5.3208930311356877	-0.93834478674218191	3.7121675342896179	1.900025798378248	-2.6317346449569876	13.920993567169383	-4.2828050769594697	8.9149172238627958	1.8287401584061014
600	9099	Istisu-9	38.9786	48.5594	0.96378091872791516	call_rate_ge_0.80	34.3076171875	-25.143520355224609	-3.345140317643013	-5.3125088964449523	-0.21794733310063139	3.1358307723372656	2.5124523422333076	-3.0559315008586294	13.035717737901608	-4.1136712377560416	9.5690717328616888	2.9561413283174516
601	9100	Lag1-2	41.8296	46.2831	0.99204946996466437	call_rate_ge_0.80	34.350025177001953	-25.273773193359375	-3.2558100330710049	-5.5765517020025044	-0.83649804304686937	3.4095685744348767	3.4082435279105776	-4.8330101624299928	14.997072149423641	-4.0518649752155556	10.854220113852293	2.6444361682405879
602	9102	Lag1-4	41.8296	46.2831	0.99293286219081267	call_rate_ge_0.80	34.384975433349609	-25.273336410522461	-4.2943878668201245	-5.7365020191550977	-0.20429431649343216	3.5742125057891543	2.9085997101418304	-3.4533709859638968	15.082784235868152	-4.6062149009872728	9.9229116266439377	2.3214585038299531
603	9103	Lag1-5	41.8296	46.2831	0.99204946996466437	call_rate_ge_0.80	34.381988525390625	-25.228691101074219	-2.2845388952958334	-4.9008060930511492	0.41136346242457367	3.8317731456075959	3.9917071493591707	-2.3852850223717583	13.768572369286177	-4.9404762016319177	8.2225095543667273	0.2303128272635814
604	9104	Lag1-6	41.8296	46.2831	0.98498233215547704	call_rate_ge_0.80	34.387981414794922	-25.321371078491211	-2.9052966723957065	-5.21720196829218	-0.49342429111618263	2.7571069336221106	3.5292921401510315	-3.1474975043894227	13.807426551346593	-4.2144072183882129	10.213136906520269	2.1606339803785315
605	9105	Lag1-7	41.8296	46.2831	0.97614840989399299	call_rate_ge_0.80	34.317817687988281	-25.273473739624023	-2.9321421246453871	-5.6253471408409208	-0.6531922954227386	3.3626164829739724	3.1637662830683118	-4.7773476355512692	14.564146340540976	-3.663233926049331	10.35265898328092	2.3146292486989748
606	9106	Lag1-8	41.8296	46.2831	0.97261484098939932	call_rate_ge_0.80	34.360584259033203	-25.298271179199219	-3.1148700180953584	-4.5626713966895061	0.17838879573779898	3.7082931717426586	3.0839354991484149	-1.8234427358787646	13.526895737818888	-3.7781160156106801	10.324786698149023	2.8371494520263529
607	9111	Lag2-4	41.8296	46.2831	0.99381625441696109	call_rate_ge_0.80	34.368198394775391	-25.28900146484375	-3.0670923876035383	-5.5944056633460653	0.72754980066784747	3.6336694183290188	2.8407822046188951	-2.9678059507053582	13.402842437748204	-4.0897255382670838	10.390426303565642	4.2852917417218874
608	9113	Lag2-6	41.8296	46.2831	0.9090106007067138	call_rate_ge_0.80	34.358489990234375	-25.220270156860352	-2.2845324439272168	-3.8236864447699279	-0.43033353391006807	3.0109827161492135	3.418634986389276	-3.1936659277115327	11.648724355553712	-3.9674172451058176	8.6981178429028514	2.9909858166987746
609	9114	Lag2-7	41.8296	46.2831	0.99204946996466437	call_rate_ge_0.80	34.465858459472656	-25.369455337524414	-3.0396052230188642	-4.7971750750721096	0.34663128733960846	3.7881229423139735	3.002128078279152	-1.4256693892608105	15.664195649520721	-4.1093779905120247	12.417341354676486	3.5147155143818019
610	9115	Lag2-10	41.8296	46.2831	0.95936395759717319	call_rate_ge_0.80	34.367240905761719	-25.337106704711914	-2.6336307020096563	-4.4831197701956205	0.22559145769791503	3.6378459654302659	2.5176467935995315	-2.0274938360968995	15.014422516435744	-3.4402879474496881	11.301183437581416	3.1350085552724258
611	9121	Bak-5	41.7942	43.4767	0.96731448763250882	call_rate_ge_0.80	34.371395111083984	-25.260786056518555	-3.102683593086907	-1.5684544483990999	0.093074984615006587	3.3562521570677601	1.1669768328146068	-0.10260622696850512	6.5167164726881017	-0.50414272419786721	2.8852566213770876	0.3323672997752723
612	9125	Geg-14	40.1408	44.8203	0.98939929328621912	call_rate_ge_0.80	35.117965698242188	-14.653326034545898	-5.0949756535913657	8.5463459493243601	11.831900717763945	9.0855052279865607	5.6860752166664303	2.1964855880084748	2.7163226194674048	-1.752849520681683	-0.2581458908404265	-1.2513334524666639
613	9128	Yeg-2	39.8692	45.3622	0.98056537102473496	call_rate_ge_0.80	35.172992706298828	-14.817356109619141	-5.3814680795926817	7.3002261293362372	11.748253641809773	7.6195295331247426	4.1673120473046295	2.2741816265452397	0.84988397083165268	-2.3135127459992475	-0.32802022979651535	0.16169491368878591
614	9130	Yeg-4	39.8692	45.3622	0.97614840989399299	call_rate_ge_0.80	35.086402893066406	-14.705572128295898	-5.4478762538412822	7.5943815282656759	12.011855948067293	7.8890152710740438	4.5266649441312179	2.4858309256984432	0.42296407202955533	-1.7895677507503669	-0.50480656346987385	0.49142373588591504
615	9131	Yeg-5	39.8692	45.3622	0.98674911660777387	call_rate_ge_0.80	35.132484436035156	-14.66871166229248	-5.9433356361883503	8.63852088538267	12.435869995161795	7.6188632112054249	5.1540773958946149	2.1519929583307649	1.5874405509691634	-1.8598378687746602	-0.76323598091493217	0.50025307099010485
616	9133	Yeg-7	39.8692	45.3622	0.98056537102473496	call_rate_ge_0.80	35.124309539794922	-14.741754531860352	-5.3083728044252281	9.4766765468101841	11.320732340195852	7.7872454176749333	5.5963525247929011	1.9376983266955141	1.1168041609891022	-2.3533859474960201	-0.64529184462418954	-0.36723491800670038
617	9134	Yeg-8	39.8692	45.3622	0.98674911660777387	call_rate_ge_0.80	35.210453033447266	-14.713808059692383	-5.220997099763971	9.8133448505589964	11.909645647948626	8.3383001885312105	5.5276102842189925	2.4042169588877713	1.1440498873164806	-2.0748497141385887	-0.75300434508120839	-0.43830379845025202
618	9298	Edi-1	55.9681	-3.21833	0.95053003533568903	call_rate_ge_0.80	32.63568115234375	-22.974767684936523	-0.19387895392721691	-6.6872118388477144	-6.7844635795330257	0.14669017081554028	17.495481743866705	-2.8776586044857577	-9.1243629329529927	8.7981127973939941	0.14923203784327013	1.0351897597446555
619	9312	Ullapool-8	57.9	-5.1525	0.94434628975265023	call_rate_ge_0.80	34.047752380371094	-22.891542434692383	0.62636319474467983	-6.0522895801841914	-2.5235962973130772	-0.030507890444783855	3.6681611362467739	-2.6695407106765701	0.77859311947862264	-0.7978935293167766	-1.812507430735474	-0.27767056152873365
620	9314	Gol-2	57.9672	-3.96722	0.96996466431095407	call_rate_ge_0.80	33.111648559570312	-22.828330993652344	0.96853964796305658	-5.2580772154200384	-4.0543524620349274	0.15063404908517103	8.2480526431834829	-0.86301917610618584	-1.8637561523087474	2.5978502998059554	-0.9211350524220413	-1.8581606729332527
621	9321	Ådal 1	62.8622	18.336	0.99204946996466437	call_rate_ge_0.80	37.330493927001953	-25.99134635925293	-5.1521770868724648	24.399085805513113	-11.435278116332109	-5.5475169584248523	0.23795386364906579	-8.2311675988287849	3.1021261287116015	0.53772578329516374	-1.0881702352670399	-2.5029364043779951
622	9323	Ådal 3	62.8622	18.336	0.99116607773851595	call_rate_ge_0.80	37.328422546386719	-25.991180419921875	-5.7959440159813553	24.060906116326823	-9.8651177442762652	-5.4907249556479734	2.0525002099485481	-6.6731289025822882	4.3872369228627361	-0.59622131872207929	0.15038843073811237	-1.8124321780813921
623	9332	Bar 1	62.8698	18.381	0.89045936395759717	call_rate_ge_0.80	37.178745269775391	-25.999155044555664	-3.860776389336904	20.274976622426642	-8.3026976970221149	-4.7951990623834604	1.4007534938930106	-6.4904492319664246	3.7951056361649957	-0.7372279294238514	-0.54821326303822837	-1.9351829630708455
624	9336	Bön 1	62.8794	18.4473	0.97703180212014129	call_rate_ge_0.80	36.742835998535156	-24.743434906005859	-3.9828044220850769	10.434185047212001	-4.7024278774550288	-2.3085740143378004	-1.4840798121063143	-1.8634741502570467	-1.0909802920257508	-1.3975286740620669	-0.1453813936680832	3.3706576098007481
625	9339	Böt 1	57.7133	15.0689	0.96731448763250882	call_rate_ge_0.80	37.023185729980469	-23.226099014282227	-3.3708551118837597	2.4536557066694544	0.43795074804240702	-4.1978982886991654	-1.8607892640695818	0.57164132716272742	-2.601420281141023	0.062142431070226753	1.2829479591211432	3.0580406526883812
626	9343	Dju-1	57.3089	18.1512	0.99646643109540634	call_rate_ge_0.80	36.933933258056641	-24.394800186157227	-4.3207292510801496	4.902833285045415	-4.134979212378715	-1.460005587240248	-1.2698844073343531	-0.30395896211444695	-1.7882798332473906	0.7058055731132632	2.3238184347037363	6.8682408977688061
627	9352	Död 2	57.2608	16.3675	0.99823321554770317	call_rate_ge_0.80	36.827854156494141	-23.220327377319336	-4.4345121756708785	3.7918018962926432	2.4944642040637319	-1.5073660050122333	-1.7071542818411338	-0.55775321068086703	-1.017269868072479	-0.55480009172134381	-2.8906235068441664	6.4501611949456548
628	9353	Död 3	57.2608	16.3675	0.97614840989399299	call_rate_ge_0.80	36.895206451416016	-23.172220230102539	-4.747218482659278	2.2502411804221443	2.9441509325140931	-1.2957252883503647	-1.8341797042651971	-0.39338742760471834	-1.1389469268956622	-0.66841347758938174	-2.2353597000130496	5.3561582649376653
629	9363	EdJ 2	62.9147	18.4045	0.93286219081272082	call_rate_ge_0.80	37.280155181884766	-25.857702255249023	-5.3458196476910862	21.187178998201091	-9.7926217721843525	-5.0074932897936026	2.8898279124946376	-7.2127276378272045	4.0409299771554688	0.50158735890744288	-0.66436833882792046	-3.4273356888459992
630	9369	EkS 2	57.6781	14.9986	0.95759717314487636	call_rate_ge_0.80	37.128944396972656	-23.179039001464844	-4.1970313422661256	2.1965538045728978	1.6872520062066594	-3.2956471806518612	-1.5184251708050431	0.76607843853774871	-2.7902283432234363	-1.4547724701303189	-1.1479192060844603	3.1326781780976316
631	9370	EkS 3	57.6781	14.9986	0.99204946996466437	call_rate_ge_0.80	36.998191833496094	-23.00439453125	-4.8189413678522994	3.8746440776251383	3.6596872948273571	-2.1779764000594097	-1.2370869774628654	0.54865087883248675	-3.9793802627812918	1.2203745155194703	0.64535619826545965	4.1445692358847461
632	9371	FäL 1	63.016	18.3175	0.99381625441696109	call_rate_ge_0.80	37.182743072509766	-25.784122467041016	-4.4182447060112491	19.056174157759891	-5.7308565759269134	-1.1814077124290401	0.7851170255272073	-7.0498824446518098	3.2577381871478921	-1.3416884694320808	-1.2918244015584417	-2.7800372905837261
633	9380	FlyA 3	55.7488	13.3742	0.97791519434628971	call_rate_ge_0.80	39.998603820800781	-22.979904174804688	-4.6893051631787408	3.5559978023893111	-8.7066538566745439	-10.722396202894862	5.676597994722818	20.494317783916099	1.5595092847589156	-0.15517793026217483	4.8809066844516353	-7.9555482175539431
634	9381	Fri 1	55.8106	14.2091	0.98409893992932862	call_rate_ge_0.80	36.754905700683594	-24.244745254516602	-3.3126218289188682	3.8229971436095296	-4.076043116640613	0.73867942358491412	-2.1571422711041812	-0.38488414894474166	-3.5463252818379463	-2.7296076650843646	-0.28648995925121024	8.8780566913249253
635	9382	Fri 2	55.8106	14.2091	0.99293286219081267	call_rate_ge_0.80	36.883480072021484	-24.27897834777832	-4.7644320054696427	4.9778371574449949	-4.036630407767043	-0.45179039535071142	-2.8238951417553722	0.94466981359065838	-3.4987385550202972	0.089714181860888767	-0.76731887017290978	9.5950980585593513
636	9383	Fri 3	55.8106	14.2091	0.93904593639575973	call_rate_ge_0.80	36.873386383056641	-24.357078552246094	-4.2057439385582667	4.0698841932114798	-3.6055133741459433	0.82250083729568768	-2.2775150970006646	0.12860110870138447	-3.2892386426587077	-1.4831115206559977	-1.3267252737124597	8.7737129264963443
637	9386	Grön 12	62.806	18.1896	0.99381625441696109	call_rate_ge_0.80	37.201797485351562	-25.508054733276367	-5.6068750003560766	18.309678231543472	-6.4794287332703613	-2.7590088111974658	0.97590127856921394	-4.5494338793702509	1.7467211260587527	0.33169016374482485	0.34635454795118376	-0.35026770617452252
638	9388	Grön 14	62.806	18.1896	0.9832155477031802	call_rate_ge_0.80	37.128086090087891	-25.660612106323242	-5.2097793174209439	21.768313170400525	-9.9479109327329436	-4.0018023811949339	0.96384103197691284	-5.0446051350474601	3.9091712382988688	-0.6529787149669195	-1.8642798125053532	-1.0536761228073788
639	9390	Hadd-1	57.3263	15.8979	0.9885159010600707	call_rate_ge_0.80	37.066440582275391	-21.917322158813477	-3.3990031386501416	1.6422383020328446	5.8561326253876516	-2.0162454068368025	-1.9676977553684678	-0.58352187189326588	-1.1364022903773006	-0.7772072659347532	-1.8453051270261165	2.6249846065623292
640	9391	Hadd-2	57.3263	15.8979	0.99204946996466437	call_rate_ge_0.80	37.047885894775391	-22.112171173095703	-3.2277926353057373	3.1127998398135213	4.1100685598158764	-1.4117464626504519	-1.9998425063412681	-2.1258777602220893	-2.7225253853659219	-0.52454337399748974	1.6952494253328645	3.0274370775362041
641	9392	Hadd-3	57.3263	15.8979	0.98144876325088337	call_rate_ge_0.80	37.084964752197266	-22.028024673461914	-3.1934202912394603	1.792258632816895	5.7043328910935616	-1.8262095391619821	-2.1666215674685976	-0.26196578565477235	-0.85133043136888176	-0.51491515980152069	-1.0254972159803755	2.884383126243502
642	9394	Hag-2	56.5804	16.4063	0.9946996466431095	call_rate_ge_0.80	36.741249084472656	-24.124929428100586	-3.6842835115357562	3.5958589460877355	-3.0483693349099252	0.48326373902001435	-0.10035159724396005	0.4418832739886292	-2.7565598503560711	-0.99142782328136603	1.0183082529885727	7.3215279962995394
643	9395	Hal-1	57.5089	15.0105	0.91166077738515905	call_rate_ge_0.80	37.212181091308594	-23.676042556762695	-3.1117707847257718	0.40068105726397191	-4.3004565149151519	-5.8632813860706294	1.4164092832545951	7.4691159430601477	-1.3628651958889266	1.1576853941685163	1.6665192391727519	-0.29895365946122288
644	9399	Hamm-1	55.4234	13.9905	0.91784452296819785	call_rate_ge_0.80	37.229076385498047	-23.692203521728516	-1.688429386580375	0.052031984757740429	-0.1584901931371511	-4.9073451090685403	-0.37672303026840193	1.3630892012987395	-0.58682766986480639	-1.6676428015922946	-1.5024237959668716	3.7890914056227381
645	9402	Hel-3	57.8765	14.8549	0.9946996466431095	call_rate_ge_0.80	36.852005004882812	-23.485448837280273	-3.6683509303033133	3.0288681334229137	1.2481860427619846	-1.7248963450453889	-3.1777154833576553	-0.44488229791103628	-3.431288209447179	0.35244017101143499	1.0387841120260328	2.9770944262778283
646	9404	HolA-1 1	55.7491	13.399	0.98498233215547704	call_rate_ge_0.80	38.684013366699219	-23.456056594848633	-3.6230373290331142	1.5358459508936622	-3.1722202734589584	-9.9418301627238712	0.41335114699409897	12.606813995226291	-0.32003933894513398	-3.4799971068819069	1.1562890672212538	-0.47458109840191998
647	9405	HolA-1 2	55.7491	13.399	0.98144876325088337	call_rate_ge_0.80	40.104701995849609	-23.028039932250977	-4.9428245113143934	2.2859090294598077	-6.9406713910410858	-10.507504839829066	4.252990629636332	20.012631953477591	1.8483924103484453	-2.4192081746688316	4.6340881646423115	-6.5458783026746552
648	9407	HolA-2 2	55.7491	13.399	0.95759717314487636	call_rate_ge_0.80	40.043655395507812	-23.022550582885742	-5.2447103154183079	1.9407625772232409	-5.6617268731912844	-9.7079363423196803	2.7223090250876041	15.890655035760105	1.0486645906791721	-3.4697526935156149	3.5457579285342167	-3.2086758956821009
649	9408	Kal 1	56.047	13.9519	0.98056537102473496	call_rate_ge_0.80	37.838169097900391	-23.444936752319336	-5.0662156169630501	-0.3657731041207089	1.3526941697665615	-7.3520729974854531	-3.7222063389997437	3.6769825166004755	-2.6998264949524127	-0.37308003129375972	-0.70451596165520192	5.4499804736128326
650	9409	Kia 1	56.0573	14.302	0.96113074204946991	call_rate_ge_0.80	36.967147827148438	-23.19099235534668	-3.4094323295044253	-1.1977210635645732	2.0610751833164431	-4.6673384267367997	-1.0471542756801002	1.7721439429891435	-0.48421301056464494	0.96737876292233327	-0.09583887825608603	4.0921041012809827
651	9412	Kor 3	57.2746	16.1494	0.9832155477031802	call_rate_ge_0.80	36.804534912109375	-23.254961013793945	-5.2272503725932582	3.8864210436204969	1.5694009305601557	-1.9987842558913942	-3.8481184367614016	1.0594282580369869	-3.5242682992768497	0.90617986468539635	1.4113201422110719	6.275412659993532
652	9413	Kor 4	57.2746	16.1494	0.98763250883392228	call_rate_ge_0.80	36.799201965332031	-23.383949279785156	-5.4446181268332232	4.8927563239208851	1.1992751215905753	-2.7387178777714647	-3.668950466581832	0.38110227123160711	-3.2871292268449426	1.1373631646490254	2.6700093459426379	5.4929772078692984
653	9416	Kru-3	57.7215	18.3837	0.99646643109540634	call_rate_ge_0.80	36.789371490478516	-24.138776779174805	-3.4165014757134515	4.5999212330407895	-5.5288166541925285	-0.63771377486087721	-2.9974840785713854	2.9912538273680691	-0.45841342638168792	0.79508827884038547	0.98855557830030039	6.148072223827822
654	9421	Lan 1	55.9745	14.3997	0.9946996466431095	call_rate_ge_0.80	37.434871673583984	-23.341533660888672	-4.6649000981464903	-0.091079034499186931	2.8763523143098837	-7.0815720357505016	-2.2604448938521027	2.1069143202510956	-1.2335774300050231	0.76746369191908359	-3.069288531038953	4.9052536548561596
655	9427	Näs 2	62.8815	18.4055	0.98763250883392228	call_rate_ge_0.80	37.164878845214844	-25.747823715209961	-4.5040512866457316	21.223948018858742	-9.417899988526953	-4.1076360813477537	2.4407671408147444	-5.6231143538847199	3.0875780092186855	0.3652238300651563	0.66299925158635165	-1.7549762128149839
656	9433	Nyl 13	62.9513	18.2763	0.9946996466431095	call_rate_ge_0.80	37.392711639404297	-25.998884201049805	-6.2030163612905005	24.05513251448285	-9.027481746725325	-2.813506699213034	2.9119756761101998	-7.7033285638672266	2.2427955224921186	1.2537319194781156	-2.5461266736453045	-4.2640384375851541
657	9436	Puk-1	56.1633	14.6806	0.98586572438162545	call_rate_ge_0.80	36.965019226074219	-23.136459350585938	-4.6772509949757852	0.79491008653101369	1.5110974059209383	-5.0780866773728244	-1.5179293243382932	1.03552149945848	-1.1973997646113046	-1.3269663692473419	0.32939276304641962	2.823963216578619
658	9437	Puk-2	56.1633	14.6806	0.99734982332155475	call_rate_ge_0.80	36.753925323486328	-22.947376251220703	-5.2579591445630092	1.5859485103497035	0.60344621025307099	-3.7747443992988776	-0.69638035903016382	0.45519507336032888	-1.0443037432038249	-1.8841294523478784	-1.0983225163708041	1.2885171274512046
659	9442	Sim-1	55.5678	14.3398	0.99204946996466437	call_rate_ge_0.80	36.870002746582031	-24.263320922851562	-3.4456172135680325	6.5550083995226611	-6.7791271658786352	0.80829607940754589	-1.7877364452698623	0.78817522747089053	-0.56074394766048019	1.8343951575749122	-0.42706185281544978	19.885877293499689
660	9450	Spro 1	57.2545	18.2109	0.9204946996466431	call_rate_ge_0.80	36.734066009521484	-23.496971130371094	-2.3376443233062578	0.86951018107301847	0.45582198010530922	-3.6541229175805396	-2.4565835928538267	0.22668806196782085	-0.77722904685376248	-0.0033579793954063861	2.1408153880256116	1.280611674388564
661	9451	Spro 2	57.2545	18.2109	0.88692579505300351	call_rate_ge_0.80	36.920867919921875	-23.59461784362793	-3.413580846121504	1.6896248732583519	0.32598544232457566	-4.3968612988396272	-0.16123456220841062	2.4971484812947229	-1.7129498234085361	-0.83140521183342719	2.8027724139229648	3.6556279159017713
662	9452	Spro 3	57.2545	18.2109	0.9832155477031802	call_rate_ge_0.80	36.817131042480469	-23.539712905883789	-3.5285972564723393	0.63771212071857653	0.38165319488226623	-2.6160869388371659	-0.1341824433858714	1.7168313330766436	-0.88590780554420889	-1.663964896468404	0.8295817291299139	3.2726635634999677
663	9453	Stenk-2	57.8009	18.5162	0.98939929328621912	call_rate_ge_0.80	37.111351013183594	-23.756689071655273	-3.5351328873171672	2.5133669168955941	-0.78806558970834029	-2.9952721095044574	-1.2007202461470636	1.2245414803048507	-0.53080679236519734	1.3846283829563237	-0.84674233302873492	6.7180181621982626
664	9454	Stenk-3	57.8009	18.5162	0.9832155477031802	call_rate_ge_0.80	37.607036590576172	-23.598804473876953	-3.7960254287997115	1.0155061717005152	-0.0092864009664341707	-5.207900079171214	-2.3527056233862926	1.6655442501811049	-2.9885644405545513	0.24055483116025239	-1.034495680163968	4.9902567914753799
665	9455	Stenk-4	57.8009	18.5162	0.9946996466431095	call_rate_ge_0.80	37.033370971679688	-23.876348495483398	-2.3881668558563032	0.99128299086239191	-1.8945910895448297	-3.9799600808702946	-1.5953652526293929	3.9032557602800044	-1.6794408081046217	-0.86315528891516158	-1.8613762803401186	7.4496427510315657
666	9470	Tur-4	57.6511	14.8043	0.99204946996466437	call_rate_ge_0.80	35.988033294677734	-22.868070602416992	-2.9278340967681564	-0.019944727689234207	-1.0040562284236405	-3.8956420515548245	0.23907670974940171	2.0673170908768719	-2.1483858283949058	0.19576307226248135	0.545879312520543	3.6670230430802202
667	9471	Ull-A-1	56.0648	13.9707	0.99204946996466437	call_rate_ge_0.80	40.157672882080078	-22.917230606079102	-5.2786757300619227	2.8904304913064038	-5.923966176958336	-11.892022581007337	3.5817084606988017	21.489592857215225	1.0883034235563018	-1.542403103036035	5.4174234852034484	-7.3713736942737027
668	9476	VårA 1	55.5796	14.3336	0.98233215547703179	call_rate_ge_0.80	36.875530242919922	-24.28129768371582	-3.3533201794837821	6.7254269699519664	-6.9688707622349497	0.77465178901441989	-1.7780146909775572	1.5346791744059249	-0.2153630569665555	1.9758516671445512	-0.62122812727225585	19.267273563800799
669	9481	Yst-1	55.4242	13.8484	0.9885159010600707	call_rate_ge_0.80	37.402019500732422	-23.365350723266602	-3.3104572160546755	-0.24466306783258202	1.1424408507536155	-5.0266643917416323	-1.3483987819807268	1.1373857016315891	-1.1911048652264005	-0.35959988416643984	-0.77366336048497186	6.031682610877243
670	9503	11C1	55.8877	-3.21072	0.97968197879858654	call_rate_ge_0.80	32.812702178955078	-22.916254043579102	-1.0012950516190535	-5.204689637304651	-4.0886805195187161	-0.70918913727834754	10.919510819952148	-2.0399237745093579	-3.6487246342455149	5.5803900272232658	0.1167613671354971	-0.25728505296962989
671	9506	IP-Alo-0	40.10969	-7.476146	0.99116607773851595	call_rate_ge_0.80	32.204566955566406	-26.289976119995117	-2.9698857600150421	-5.9842632199465493	-4.5767330532525472	5.4364587612588098	0.63458624462446611	1.3911584920529259	2.5209276481729748	2.4976032537223163	-1.7332380246195531	-1.8273528131721208
672	9507	IP-Coa-0	38.45	-7.5	0.81713780918727918	call_rate_ge_0.80	33.551746368408203	-24.878768920898438	-2.6514215165129209	-6.3908885028971509	-2.415853396314469	4.6885981089740589	-0.99156573557830641	-0.024892558710675489	5.9410661688082591	0.75440241377686779	1.5491231281297702	-0.39525305229286462
673	9508	IP-Mos-1	40.04	-7.11	0.97349823321554774	call_rate_ge_0.80	31.587030410766602	-26.044610977172852	-2.8789728348390158	-4.8772235823430341	-7.4384306874561243	9.3870012087630528	-4.5679460249787116	2.6612315802741855	0.8426401763036816	2.7980394936668898	-3.6066163498911292	-0.98425505150492776
674	9509	IP-Reg-0	39.29	-7.4	0.93551236749116606	call_rate_ge_0.80	33.389858245849609	-24.978595733642578	-3.8396580562836657	-6.5984380012870494	-5.7819490249103938	6.9885846130707092	-2.7220214073229525	0.59297327014043999	4.3468081267982281	2.3383760084192033	1.1331898725791691	0.48908964366916241
675	9510	IP-Rei-0	38.75	-7.59	0.95936395759717319	call_rate_ge_0.80	33.426124572753906	-24.982448577880859	-2.7785906592704932	-5.8141417612156312	-4.2331357022359573	6.6933551026472164	-1.403481740213941	-0.1429045036827859	4.6070636377879763	3.545483703210397	-0.43410616832620014	-0.95482632766116415
676	9511	IP-Vav-0	38.53	-8.02	0.98233215547703179	call_rate_ge_0.80	33.485286712646484	-24.963678359985352	-3.7133423729415695	-6.9493335120512505	-5.1236401214086262	6.0783814775521909	-0.88160255230405005	0.29782173956812991	4.8275705421788846	1.4062589439616058	2.4491456817279054	0.4772033676117669
677	9512	IP-Vid-1	38.22	-7.84	0.98056537102473496	call_rate_ge_0.80	33.424999237060547	-24.977195739746094	-3.1394096296926906	-5.8997869513177923	-4.5787927080330011	7.0942764082345082	-0.39566175623125133	-0.54326069178150982	4.7490285886629007	2.2611160265124486	0.49620654314195511	-1.408607857534077
678	9513	IP-Adc-5	38.77	-4.07	0.96289752650176674	call_rate_ge_0.80	32.807369232177734	-25.727102279663086	-2.1724062536277411	-3.1313129945105524	-5.3689820007346389	8.6593547329315967	-3.206236151160633	2.644507036331154	3.1805244825872117	6.1176203998489722	-1.3248273922971514	0.1175179148450468
679	9514	IP-Adm-0	39.15	-4.54	0.98144876325088337	call_rate_ge_0.80	33.380855560302734	-24.996700286865234	-3.5788634572923019	-6.8950867220330476	-3.6401274034185813	8.0422209646675533	-0.74767624730306903	1.0060561440453581	7.4148732247868718	2.8679733429156351	1.8480124966942277	-1.1743095772895895
680	9515	IP-Ala-0	39.72	-6.89	0.97438162544169615	call_rate_ge_0.80	33.395767211914062	-25.00828742980957	-4.1115172974892404	-8.2050188147938599	-4.8986566932782223	6.0222596323705924	-0.72272205914681276	0.28736518733640665	6.8006018877713883	1.7794957238697988	0.6250240539011428	-2.9822157487758378
681	9517	IP-All-0	42.19	-7.8	0.94611307420494695	call_rate_ge_0.80	32.208625793457031	-26.092815399169922	-2.0715769821191898	-5.4765254058065516	-2.5372768126955041	4.0978589745264102	-0.37035032523718708	-0.3303623529348097	2.5820076370517193	2.8532169083009817	-0.58246739793296298	1.1464687659055162
682	9518	IP-Alm-0	39.88	-0.36	0.9885159010600707	call_rate_ge_0.80	31.238361358642578	-25.255903244018555	-3.48021346205539	0.58550847555065189	-12.880348809660873	11.021260475608642	-10.859928560791586	4.0520003104435576	-3.8578326906180087	1.3399404453157731	-2.1114959049909832	-2.936638912530523
683	9519	IP-Ang-0	41.94	2.64	0.98056537102473496	call_rate_ge_0.80	31.818973541259766	-24.769704818725586	-2.4602751681405794	-5.9517533194230916	-4.0961238507831732	4.7850659255705308	-0.76735900688866177	-0.92479069331544261	1.2012532910983988	-7.7772482720340363	1.5372477273355285	-2.0614745134788168
684	9520	IP-Ara-4	41.7	-3.68	0.98763250883392228	call_rate_ge_0.80	31.970104217529297	-25.968446731567383	-2.0870674139685903	-4.8924345086881385	-4.2995955796300951	5.5102707352323819	-0.73384197744360025	-2.7907071505717216	-0.7604305631309467	-2.8669974643707699	-2.9492493153875103	2.4996917376085399
685	9521	IP-Bar-1	41.43	2.13	0.98056537102473496	call_rate_ge_0.80	31.33131217956543	-25.058696746826172	-2.4499308377353057	-3.3505335502755367	-7.0553675747123936	7.9611212684315893	-3.7493562090632144	0.60538184971483933	-3.4657394144547506	-9.8163592154122252	-0.95622259261812703	-1.8537376562279937
686	9522	IP-Bea-0	36.52	-5.27	0.96643109540636041	call_rate_ge_0.80	33.481391906738281	-24.930727005004883	-3.4967517949658329	-7.4312748852540693	-2.9796631528827766	5.8412547504047412	-0.93571163953420555	0.065856532125959086	8.0453854658097175	0.73573881264187657	2.8558005912240483	-1.3809881361845857
687	9523	IP-Ben-0	38.37	-2.66	0.98498233215547704	call_rate_ge_0.80	32.304061889648438	-25.574832916259766	-2.034621693767003	-4.9048422082793328	-3.7668016188617028	4.4150598835473378	-0.4960430562421515	-1.6840406639576015	1.3543289510538237	1.6075685369008057	-1.0352913109134949	1.0750143969107933
688	9524	IP-Ber-0	42.52	-0.56	0.97968197879858654	call_rate_ge_0.80	31.136604309082031	-25.277891159057617	-2.1643965422228639	-0.3555498947779695	-9.9033064751618216	7.4211196173293752	-5.8424557639756483	0.39828905704382683	-7.494800142297426	-9.9032949036869731	-0.28626915848554479	-0.51386953567299898
689	9525	IP-Bis-0	42.49	0.54	0.96731448763250882	call_rate_ge_0.80	31.135513305664062	-25.2283935546875	-2.6667831407178499	3.3397769659521148	-11.537233318011518	8.6989326436068861	-8.4515485812515525	2.4846719360122393	-9.4522594815461893	-11.772197215145248	-2.6499480846193006	-0.63952797882254919
690	9526	IP-Cab-3	41.54	2.39	0.98674911660777387	call_rate_ge_0.80	31.676280975341797	-24.992053985595703	-1.8248319729100184	-4.1440923464053245	-4.6368030395733681	4.3748728285133636	-2.6141143630990809	-0.2986419689735918	-2.8764249565302138	-9.3771117667138331	-0.03120234170255699	-0.79392382741298761
691	9527	IP-Cad-0	40.37	-5.74	0.94257950530035339	call_rate_ge_0.80	32.131660461425781	-26.098743438720703	-2.3914302174992117	-4.3785918615757966	-3.5127617452139539	4.7067172778016113	-0.016014207917676923	0.65119453533469229	0.35349105669265907	2.0868759094721887	-0.86869775022945883	0.33241967265996697
692	9528	IP-Cal-0	40.94	-1.37	0.95848056537102477	call_rate_ge_0.80	32.446132659912109	-25.643341064453125	-5.1690649010780518	0.78323116585399988	-8.2234448169310088	10.804812048291156	-8.9915673711562984	2.4290059391201893	-3.4181183973692422	2.9873856115279129	-0.07385742714129441	-1.5028460022734487
693	9529	IP-Cap-1	36.97	-3.36	0.98409893992932862	call_rate_ge_0.80	31.728843688964844	-25.101678848266602	-2.8060498843242252	-4.4652323683366779	-3.7603153839640533	2.5041199632970548	-2.1170701851318854	-1.4158445066072882	-0.85199212772989275	-1.5096556662258089	-1.401888216549884	-0.26585404124182022
694	9530	IP-Car-1	38.25	-4.32	0.95848056537102477	call_rate_ge_0.80	33.087127685546875	-25.563503265380859	-3.0376731302736144	-2.5646818160483558	-4.1249142517070156	7.6042203994757447	-5.2902991431629856	2.0448898795174171	3.9253178440289442	7.4244729615610403	-0.51131012665106612	-0.34374117248467445
695	9531	IP-Cdc-3	41.21	-4.54	0.96554770318021199	call_rate_ge_0.80	31.709602355957031	-26.010400772094727	-2.1953216777557039	-4.8448049672905444	-6.4195889311972021	6.8081967794224418	-1.7922149510714673	0.80475582571029336	-1.9208437148796558	-1.3957698523445974	-1.284247680098713	-1.8962020496416421
696	9532	IP-Cdo-0	42.23	-4.64	0.97968197879858654	call_rate_ge_0.80	31.811832427978516	-26.021169662475586	-2.7417095518270127	-6.0751501963731771	-6.183440288294979	6.7060694931867868	-1.5148046440548646	-0.40002219991299959	0.8522036728677429	-1.1411281214831968	-0.21012985843628035	0.66995342689452808
697	9533	IP-Cem-0	41.15	-4.32	0.97438162544169615	call_rate_ge_0.80	32.968185424804688	-25.817636489868164	-4.5422280795578533	0.81878168961002895	-9.2929551544853215	10.6725098552599	-10.875975862152085	5.056925291631222	3.6883304285869163	19.863673162106576	-2.3818543509486858	0.19117073376442159
698	9534	IP-Cmo-3	40.05	-4.65	0.97703180212014129	call_rate_ge_0.80	31.451759338378906	-25.841396331787109	-4.6983883484746931	-4.9025986782005626	-8.4346268042383592	9.1735746563018186	-4.5204479088235612	2.8746106865173133	1.2324700978230299	-1.8437582582884957	-2.8227150997511758	-0.89863956574525983
699	9535	IP-Coc-1	42.31	3.19	0.97349823321554774	call_rate_ge_0.80	31.220182418823242	-25.127548217773438	-2.6360040129554303	-0.76409840844896315	-7.9645784842261733	9.4617840768365795	-6.3214083555779048	0.52967581005734554	-1.3868591709881957	-7.518118775344786	0.03792279590192988	-1.9542297535181468
700	9536	IP-Cor-0	40.83	-2	0.97703180212014129	call_rate_ge_0.80	32.813655853271484	-25.687862396240234	-3.29346656537215	1.9019248240947135	-7.0439223271758831	6.597496500130358	-6.0217665082759888	2.3675506216274362	-1.3051433679334694	3.9876123177475842	-2.1813810009003278	0.90511072134203818
701	9537	IP-Cum-1	38.07	-6.66	0.98056537102473496	call_rate_ge_0.80	33.467681884765625	-24.944145202636719	-4.0912268184081118	-7.1556983404466576	-3.4037077262211879	5.9690565981254471	0.2292578996311157	-1.3351415038337147	6.3558063548989576	0.99400850164939225	4.1183699009169734	-2.3982570807944086
702	9539	IP-Deh-1	40.29	-6.67	0.97084805653710249	call_rate_ge_0.80	31.598480224609375	-25.866374969482422	-1.4512487143198851	-3.9879053745810529	-6.5760709976068785	6.1664858411750592	-1.629637484988963	0.62567456994729631	0.31029142993448461	-2.6895376644920406	-1.4488654372875882	-0.58367522566232066
703	9540	IP-Elb-0	41.81	2.34	0.98586572438162545	call_rate_ge_0.80	31.632104873657227	-24.967901229858398	-2.8323294325050323	-5.0759866609538902	-3.858116077235195	7.6380770428097406	-2.1218749389285048	-0.3347513044445688	-0.69921373127867559	-8.1891896381075053	-0.41139559568717171	1.2904347772117704
704	9541	IP-Fue-2	38.26	-5.42	0.97968197879858654	call_rate_ge_0.80	33.367931365966797	-25.046337127685547	-3.9033001537837122	-5.8359211186280602	-3.4872825525339906	5.0231754549672525	-1.3428123892084378	0.67364214027472757	5.200813084106688	1.9517626868237412	0.047687284813647646	-0.40735696886257755
705	9542	IP-Fun-0	40.79	-4.05	0.96643109540636041	call_rate_ge_0.80	32.978641510009766	-25.781383514404297	-6.1727932123910545	3.6304977670745631	-8.9445860570158757	9.7408291326229026	-9.6054516417657663	6.4683943315064374	3.6901824857243484	18.764036435554171	-2.2069633820559491	0.012391111628893206
706	9543	IP-Gra-0	36.77	-5.39	0.98498233215547704	call_rate_ge_0.80	33.004440307617188	-25.813625335693359	-5.4434145537784886	1.4426952578686412	-7.8490598484247958	11.157543623957576	-9.0448565650765804	7.5001645954125156	6.1661844522156128	17.301554288599672	-1.9498957784930402	-1.4357769354688485
707	9544	IP-Gua-1	39.4	-5.33	0.98409893992932862	call_rate_ge_0.80	33.506412506103516	-24.912740707397461	-2.5644016747417706	-7.2120021993259629	-3.039277453805012	4.8192347028127394	-0.85382930438079929	-0.54270536842553752	7.0218223820585397	0.25172650460349	1.0906224434021619	-0.73407164168831862
708	9545	IP-Her-12	39.3948	-5.782793	0.96996466431095407	call_rate_ge_0.80	32.965564727783203	-25.821367263793945	-4.3843616879999416	0.6975564016269683	-8.4112874654703074	12.201866604548094	-11.010381263320753	6.1524744854206332	4.8270281084288422	21.230661701618658	-0.25263432470327324	-2.0792859117996443
709	9546	IP-Hom-4	40.8168	-1.68601	0.95583038869257952	call_rate_ge_0.80	31.226795196533203	-25.440753936767578	-3.4404651192416855	-1.856332462372144	-8.7513897420036137	9.2704068085297386	-4.6034399536824191	2.0141550930884331	-3.9538560056877676	-3.3649637216392367	-2.3581222545990683	-0.60872683992782195
710	9547	IP-Hor-0	41.67	2.62	0.96643109540636041	call_rate_ge_0.80	31.681638717651367	-24.939899444580078	-1.9482955778923452	-4.0058947914409959	-5.5491518645572668	6.5893389391013972	-2.5413691612538671	-1.5308094675694306	-1.4914191899129743	-9.9004631250829416	-1.0052863188508625	-1.1943425545613362
711	9548	IP-Hoy-0	40.4	-5	0.98939929328621912	call_rate_ge_0.80	31.957834243774414	-25.761177062988281	-2.8159026206996289	-3.2152873827080124	-6.4999260950541844	5.9424484650169802	-1.1733113158243094	-0.54527310809186746	-0.80973007255606921	-1.7242185556486855	-2.0625721891146722	0.20527046375573149
712	9549	IP-Hum-2	42.22718	-3.688887	0.97526501766784457	call_rate_ge_0.80	32.983173370361328	-25.82908821105957	-3.8108086063976914	3.0249122172689358	-7.219891727711401	9.6144282902500109	-8.1754914220188777	4.1629266909284732	3.7431357659607456	17.38578100214151	-1.5176916443337285	0.17064016048059152
713	9550	IP-Iso-4	43.05	-5.37	0.98233215547703179	call_rate_ge_0.80	33.150291442871094	-25.750637054443359	-4.3483661189810858	3.4717429256576264	-3.7293335493665838	4.5161999107239721	-4.0430947230540104	1.866968995780441	-1.7198475564349269	6.3907328853643124	0.81995961393724615	1.7522589159418867
714	9551	IP-Jim-1	42.28	-5.92	0.9717314487632509	call_rate_ge_0.80	32.131820678710938	-26.194190979003906	-3.9658612195835286	-5.1659753896817024	-3.0583976612000754	3.285320975159248	-0.62695706104726256	1.3115379106510761	0.014892555288568582	3.7144182133573684	-0.6457454766517271	-0.48494310307447019
715	9552	IP-Lab-7	40.87	-4.5	0.97879858657243812	call_rate_ge_0.80	31.891902923583984	-25.970918655395508	-3.8978102063581552	-4.4886164315290431	-6.2550410221295243	7.5782215552696126	-2.6364596279750416	1.7156584993237574	-0.54524930153638274	-0.092280064759046126	-1.0260669150945878	-2.1172867145746266
716	9553	IP-Ldd-0	41.57614	-4.70746	0.96201413427561833	call_rate_ge_0.80	31.848165512084961	-26.014869689941406	-2.3165930806895139	-4.3409452617514237	-5.6599087278543028	6.5095814373077641	-0.34164580390842392	-0.56824612098693317	-1.348741930542094	-2.4743216966049602	-4.2082168313807475	1.6471313388703919
717	9554	IP-Lso-0	38.86	-3.16	0.95759717314487636	call_rate_ge_0.80	32.955348968505859	-25.806079864501953	-5.6289295997517552	0.94131134740385614	-8.5926934643582751	12.175351395468203	-10.993020172434234	5.858959323909203	4.4423030057414499	20.498074702175757	-1.7272636102615222	-0.88545547560643778
718	9555	IP-Mar-1	39.58133	-3.931648	0.95406360424028269	call_rate_ge_0.80	32.966720581054688	-25.842681884765625	-5.2377506834568468	2.0239157806863655	-9.2478985640849647	12.24070066067863	-11.001293156042259	6.5823496731394533	4.7250448373081282	19.289795373152675	-1.7041632842328642	-1.9196856322516145
719	9556	IP-Men-2	39.66	-4.34	0.97349823321554774	call_rate_ge_0.80	31.337799072265625	-25.906482696533203	-3.7453302866783091	-4.9830493631897586	-7.9912687813453056	10.601997114269698	-6.0592394703854877	1.2162965344394512	0.056636028327421255	-2.4951061597606254	-2.9600705025172558	-0.98523093334883716
720	9557	IP-Moa-0	42.46	0.7	0.9717314487632509	call_rate_ge_0.80	31.117103576660156	-25.215167999267578	-3.9172401853707641	2.626544414205203	-12.121769142797662	9.6944327267819919	-8.2921610071011731	3.5891376356491356	-8.7864239087123917	-10.736337356710019	0.3650802412874698	-1.0596043102630071
721	9558	IP-Moc-11	41.57	-5.64	0.97703180212014129	call_rate_ge_0.80	32.099494934082031	-26.141298294067383	-1.9770862797243438	-4.1989524924054225	-3.6616788139834067	3.9340271656496646	-1.301999790465193	0.21376815883103312	1.4534378005870146	2.2552995361508534	-1.442875282045617	-0.32261262572297578
722	9559	IP-Mon-5	38.06	-4.38	0.9717314487632509	call_rate_ge_0.80	32.942829132080078	-25.335836410522461	-1.8137238793175035	-4.5935546310436797	-4.2393724519987348	5.4838377141489643	-0.85390880092714072	1.1427856492920021	0.92600354557689979	4.9819695066730949	-0.87239300063724434	-0.50442682700850527
723	9560	IP-Mot-0	38.19	-6.24	0.96378091872791516	call_rate_ge_0.80	33.454540252685547	-24.973970413208008	-3.4424837587096673	-7.3735086354766102	-3.1205205255140744	5.2549648535804963	-1.8725296210456082	-0.016332836334676425	6.3833242173241374	1.5716110333026672	1.4208363350682132	0.62699476064663651
724	9561	IP-Mun-0	40.71	-5.04	0.9832155477031802	call_rate_ge_0.80	32.101268768310547	-26.216140747070312	-1.3084699864138596	-4.846356659631879	-3.1260042211599712	6.1858500830009611	-1.4615501650090446	-0.21147503716217467	1.4920236014349777	1.9364098134676826	-3.0096853866825737	0.12142251771943421
725	9562	IP-Mur-0	41.67	2	0.94964664310954061	call_rate_ge_0.80	31.203044891357422	-25.164234161376953	-1.8677639972019435	1.4856015936843276	-11.137664650652658	9.7693190179177893	-5.2726085777699154	1.5725565785631113	-6.80281269622553	-10.340636209630164	-1.1478339137996696	-2.9797758629245914
726	9564	IP-Nog-17	40.45	-1.6	0.95141342756183744	call_rate_ge_0.80	31.139814376831055	-25.236820220947266	-4.0432633912925624	2.1463128170788801	-9.1645225518767006	9.2181351530186912	-5.9584624856323307	0.27053550069538257	-5.0391590839515805	-8.3800869928126591	-0.98711617269306606	-1.1021923360356594
727	9565	IP-Orb-10	42.97	-1.23	0.97703180212014129	call_rate_ge_0.80	31.991992950439453	-25.149356842041016	-2.9262935140783588	-3.7234796427041612	-6.2610193275337149	2.875399127414334	2.5359347025271703	-1.8115794557775868	-3.8481432887761113	-2.9013961146426857	0.04197966357443049	2.3697320998463987
728	9567	IP-Pal-0	42.34	1.3	0.96289752650176674	call_rate_ge_0.80	31.054136276245117	-25.206743240356445	-3.1505717813545955	0.80508130680114498	-10.370436826819008	11.798691801915025	-7.9325419333246634	2.7524622159224816	-9.7278011225206757	-10.832271843951606	0.24468774627535333	-2.7974056609297793
729	9568	IP-Pan-0	42.76	-0.23	0.97438162544169615	call_rate_ge_0.80	31.186267852783203	-25.360921859741211	-3.2345238826854064	1.08561050106154	-9.6359548051539647	7.7587012956619521	-7.4377663352545484	0.41187112040134621	-10.641279199109109	-9.6859638200826925	0.55542173025236152	-1.0779303386646593
730	9569	IP-Pds-1	42.87	-6.45	0.98233215547703179	call_rate_ge_0.80	32.204704284667969	-26.141717910766602	-1.7808384524010432	-4.8249603532197733	-2.1214958675976794	4.0659019846963833	0.58488495299002519	0.68962835004177292	2.7821182364248029	2.6005173197549794	-0.54197514582524609	0.72258694763170306
731	9571	IP-Pro-0	43.28	-6.01	0.98586572438162545	call_rate_ge_0.80	33.647987365722656	-22.824085235595703	-1.4548977263415119	-2.6517404799076583	-4.8466892039248837	1.9760973063580274	4.7903472741449962	-2.0547822168936487	-1.1928198646545365	0.87660524877488588	-1.0565748373748363	1.4873280870801902
732	9573	IP-Rds-0	41.86	2.99	0.98144876325088337	call_rate_ge_0.80	31.692167282104492	-24.875415802001953	-2.1700482690752243	-4.3412440776468015	-5.781352691949234	6.838601940942806	-2.4234310289657333	-1.662952076773301	-0.45265249755782599	-7.9609703314893627	-0.13838687929844543	-2.1330716031033705
733	9574	IP-Rel-0	38.6	-2.7	0.92667844522968201	call_rate_ge_0.80	32.863746643066406	-25.701822280883789	-3.4248906014185057	-3.3503950397684723	-5.4444527604134123	7.5457500922441136	-4.9072995511411666	2.2161355236921341	0.70451169066422825	8.3167163740269459	0.51395921467357808	-0.97215692089429606
734	9576	IP-Rev-0	40.86	-4.11	0.97791519434628971	call_rate_ge_0.80	32.069076538085938	-26.218757629394531	-3.685977376645829	-4.3238930327637117	-4.3044594090928836	4.9973790394365256	-0.9873764533529733	-0.67722706182483094	0.6376156134236004	-1.8415034334853151	-0.34057771321327335	1.2957006847423818
735	9577	IP-Ria-0	42.34	2.17	0.97968197879858654	call_rate_ge_0.80	31.075136184692383	-25.272279739379883	-3.4221628449799093	0.85984910785861457	-9.777780285099352	10.699359778209496	-7.5548239161778863	0.7736392716029401	-9.833067972811067	-11.627283071309753	0.45738864406411162	-2.1268668638178552
736	9578	IP-Sac-0	42.13	-6.7	0.97349823321554774	call_rate_ge_0.80	32.132617950439453	-26.229629516601562	-1.7426315708204898	-3.7908851777590682	-2.2847764978229792	2.2118590912166334	0.082646084353694929	-0.53191168818547541	0.87718027877645843	1.8095015404952575	-2.5431155722217853	0.7788659378856001
737	9579	IP-San-10	38.33	-3.51	0.98233215547703179	call_rate_ge_0.80	33.213855743408203	-25.014974594116211	-2.3569300014667856	-5.9901576537328163	-3.7239848551697521	4.5100651339239155	-0.72839785289862735	-0.50629390591645274	2.4870731433865592	2.6451239447906336	1.3277513807814805	-1.3914493863671282
738	9581	IP-Sdv-3	42.84	-5.12	0.98056537102473496	call_rate_ge_0.80	32.113807678222656	-26.1265869140625	-2.1700827677151042	-3.6217992278102313	-2.7941940549070092	2.6755090942516402	-0.97140782902702816	3.2270900096713753	1.1430260955002358	0.2142632338413018	-1.194835573355002	1.0066987852506322
739	9582	IP-Ses-0	41.48	-1.63	0.97261484098939932	call_rate_ge_0.80	31.324398040771484	-25.297096252441406	-3.3290694259271172	-1.5574941767104273	-8.2285139038020585	7.9179689252993475	-4.2320647348802645	0.40365246734499632	-5.0618595296912048	-6.9092167983394113	-1.8018626825747095	-3.2876055262715012
740	9583	IP-Sne-0	37.09	-3.38	0.97261484098939932	call_rate_ge_0.80	33.039196014404297	-25.812625885009766	-5.52842260781342	1.3915355250467767	-5.7904098521419876	8.542438695979131	-7.8464751148641501	4.6781348917774164	1.5782333145682206	15.519656493135553	1.4747352964761609	-0.086586072796180247
741	9584	IP-Stp-0	41.19	-3.58	0.96024734982332161	call_rate_ge_0.80	32.000804901123047	-25.756731033325195	-2.0520916356886025	-4.2272459200642496	-2.7048230414035999	3.9007089039901843	-0.55430304589413648	-0.17095774323344434	-0.8547098881505456	-2.8359659607027634	-1.4006572731908233	0.33989962674198188
742	9585	IP-Svi-0	43.4	-7.39	0.9832155477031802	call_rate_ge_0.80	32.386383056640625	-25.900863647460938	-0.8064012327697051	-2.7902886720269127	-3.1825089788777507	2.3722303924878925	2.1292322516630646	0.26433097052345866	2.2525562014107137	0.49977027794311307	-0.18372874596141509	2.0136254865136651
743	9586	IP-Tam-0	41.03	-3.27	0.96996466431095407	call_rate_ge_0.80	31.686168670654297	-25.974189758300781	-1.8170627290887655	-3.1685631758898172	-7.1609809293279438	6.6191160475586166	-4.1213891642883063	3.115714990643121	-5.0886787428617133	-4.2357670729788621	-0.52578825798433459	-0.22845293858723811
744	9587	IP-Tdc-0	41.5	-1.88	0.9832155477031802	call_rate_ge_0.80	31.862600326538086	-25.664337158203125	-1.3350008014677477	-3.8676220085740813	-3.2301611346844141	1.6714253516003876	-1.4794413077841866	0.75088785631834964	0.052973013677699236	-2.5801707914147967	-0.8522775798432175	0.35253407541239873
745	9588	IP-Tol-7	42.11	0.6	0.9832155477031802	call_rate_ge_0.80	31.049077987670898	-25.204553604125977	-2.5172983077143649	0.48604574436415843	-11.619946211477728	11.687815976195459	-7.8910502926251596	3.5467805216177766	-11.020294143117994	-12.045229319556871	-0.91683073866810894	-2.1689643576343629
746	9589	IP-Tor-1	41.6	-2.83	0.97526501766784457	call_rate_ge_0.80	31.877235412597656	-25.974363327026367	-1.4442087401099208	-3.4154345894321634	-5.1874705643771186	4.6523778649323368	-0.45313175501089337	2.6050554008389133	-1.7294362517290198	-2.470624790733305	-3.1835807754142591	2.2383685134289402
747	9590	IP-Trs-0	43.37	-5.49	0.97261484098939932	call_rate_ge_0.80	32.357139587402344	-25.92938232421875	-0.70054656848548469	-1.6845359935825308	-3.4314378072556497	2.6864392058936706	1.4567141839339353	0.60361354794349087	-0.72496209660562017	2.6385496492156473	-0.040370477885137611	2.3650011288496633
748	9591	IP-Vad-0	42.86	-3.59	0.96819787985865724	call_rate_ge_0.80	31.890945434570312	-25.688238143920898	-0.35558422528509748	-3.6675603257558245	-4.2170632357584497	4.5299415694121832	0.28928969793178777	-0.5741805888251762	-1.7266607141043764	-2.6181818304900148	-1.3262604319032938	1.0620648237757788
749	9592	IP-Vae-2	42.1	-5.44	0.98144876325088337	call_rate_ge_0.80	32.100517272949219	-25.860054016113281	-1.6831331862133914	-6.336175771050085	-3.9853220246648404	3.698550873946377	-1.3827798486105878	0.51257455427369092	-0.17891347425141779	-1.2930119188754046	-0.26935895336155208	-0.13899122357818161
750	9593	IP-Vaz-0	42.26	-2.99	0.98939929328621912	call_rate_ge_0.80	31.179183959960938	-25.232013702392578	-3.2833061582373242	1.4724382960352345	-7.7196376887734512	7.0289605600355456	-4.511863857434399	1.7329803423767802	-4.2590511706240681	-1.9955386951942413	0.21607149822988619	1.6942988776159775
751	9594	IP-Vdm-0	42.04	1.01	0.96643109540636041	call_rate_ge_0.80	31.09172248840332	-25.293838500976562	-4.1111845844899797	1.4905217241627089	-11.996986424414507	11.660942261934188	-8.4642234751677687	2.2060731694411899	-10.122388687583744	-12.333388308520153	-0.1969673548814993	-2.2862433335879495
752	9595	IP-Vdt-0	40.89	-5.5	0.96643109540636041	call_rate_ge_0.80	32.068275451660156	-26.165565490722656	-2.5885713427669934	-3.9798507878646645	-2.9203231926791413	4.4353998546106208	-3.6178427852275874	1.2936688771729814	2.3358001568377604	1.3943518973807671	0.84940871548088337	0.41361000757304739
753	9596	IP-Ver-5	41.95	-7.45	0.95671378091872794	call_rate_ge_0.80	32.135673522949219	-26.26469612121582	-2.7985574106571773	-4.4112893821046537	-2.2447725817215254	5.1486913500887219	0.44138594138379528	0.15550438298443922	2.7859272595786257	3.3125926258648777	-1.8858895932246309	-0.21328423503163363
754	9597	IP-Vig-1	42.31	-2.53	0.97791519434628971	call_rate_ge_0.80	32.071384429931641	-25.53974723815918	-1.8529307573235796	-4.3542705597862161	-6.1035917571382541	4.4312274326154144	-0.61992348327456392	-0.5119565591297206	-2.4924773467801193	-3.8378854238048015	-1.6352804502188103	0.34219316134218025
755	9598	IP-Vim-0	41.88	-6.51	0.94434628975265023	call_rate_ge_0.80	32.990627288818359	-25.849809646606445	-4.634549719466186	2.0904432606032985	-6.1935140559505131	9.1824827197366243	-9.6481196469030479	6.2564124197865549	4.3687778774049706	18.430196819625781	-1.0397091638255398	0.19452880695610764
756	9599	IP-Vin-0	42.8	-5.77	0.97968197879858654	call_rate_ge_0.80	32.231288909912109	-26.317831039428711	-3.0924238697359696	-6.0748723928148047	-1.7812654305665747	4.0775306750710714	-1.0227579610501971	-0.34769169424212959	3.3267142972134094	1.7568853734255452	-1.8170212548077278	-0.46591733744001251
757	9600	IP-Vis-0	39.85	-6.04	0.97084805653710249	call_rate_ge_0.80	33.021476745605469	-25.830120086669922	-6.3425974858032914	2.3907182743825333	-9.6104872643020158	12.424186609362037	-11.700796479189696	7.3399896779884717	4.9651381797846765	21.041055453728319	-1.6445705009602747	-1.8375992733244484
758	9601	IP-Voz-0	41.85	-1.88	0.97438162544169615	call_rate_ge_0.80	31.801425933837891	-25.528596878051758	-2.5913653924712201	-4.036770785219538	-5.2060265529335679	7.8120734738394066	0.15216902207248129	-0.7986874603684081	-5.3517125055530599	-3.7200543537955131	-2.3373896424657161	-0.83965129267698912
759	9602	IP-Vpa-1	40.5	-3.96	0.97084805653710249	call_rate_ge_0.80	31.453893661499023	-25.918363571166992	-2.3795190127639372	-4.9968658436755966	-6.9482954384466895	7.9264780915786588	-4.7032050887019228	1.1786089076443345	-2.5200977721250966	-4.0478564862556876	-2.4248341731291969	-0.68643699654771329
760	9606	Aitba-1	31.48	-7.45	0.89134275618374559	call_rate_ge_0.80	33.412532806396484	-25.517587661743164	-4.3432592533329153	-0.020225600890105829	-1.3699767044132005	4.9185546931659161	-2.1501470602744912	1.6924092309717855	0.38291436194966733	3.0723606975375084	1.3656603560956166	0.12721723154226486
761	9607	Panik-1	53.05	52.15	0.89929328621908122	call_rate_ge_0.80	35.015449523925781	-14.742563247680664	-5.2415114514732712	7.263203940139868	11.780012674487999	6.7468397074341064	3.9393734454149811	1.5255752536335188	0.94364400765395429	-1.0594871255071776	-0.031977384246173766	0.1973965095322156
762	9608	Karag-2	51.37	59.44	0.87014134275618371	call_rate_ge_0.80	35.201667785644531	-14.847659111022949	-4.6780429057958912	4.9501221538740277	9.8241450756787554	5.7014243289041788	1.6102791259554408	1.3323799016947822	0.0871351441606453	0.29414076466530042	0.85588976494728164	0.28949123317551229
763	9609	Adam-1	51.41	59.98	0.95229681978798586	call_rate_ge_0.80	35.142131805419922	-14.612956047058105	-5.4786354998090836	8.9947933296807232	13.354275901192381	9.1763578508816845	3.179906336046332	3.7072886791836388	-0.16852056618276581	1.1875290086348658	-0.75547386085425228	-1.2232971207986456
764	9610	Lesno-4	53.04	51.96	0.97968197879858654	call_rate_ge_0.80	35.059211730957031	-14.679500579833984	-6.181009544515125	8.0947641410371727	15.437776998439686	8.6926170845370461	4.1399875189719184	3.4815997414214674	0.13130994796825665	-0.50798785393012458	-0.10902128823361125	-0.35951492224428916
765	9611	Lesno-1	53.04	51.9	0.97791519434628971	call_rate_ge_0.80	35.142726898193359	-14.688135147094727	-5.3619083411220183	9.624923761667139	15.098474923352901	9.4507158842408803	4.2122969727993249	3.35314560743705	0.082909887201173829	-1.1891168325734671	0.12135652455276759	-1.0147925475367541
766	9612	Lesno-2	53.04	51.94	0.96113074204946991	call_rate_ge_0.80	35.170543670654297	-14.709050178527832	-5.1199262060585831	7.1652117801123349	12.579620633161129	7.7511033781834664	3.9019585322272583	2.8848789945335986	-0.95570618603112911	-0.63818543218688206	-0.24472697653197295	-0.07451954820715101
767	9613	Balan-1	55.36	61.41	0.95671378091872794	call_rate_ge_0.80	34.358009338378906	-24.40934944152832	-2.213482872513294	-3.3578807442439169	2.8053798414650317	1.7545914044056219	0.30708969375306383	-2.2342117150018086	6.0334612246902193	-0.64484171089434905	1.5741008645946595	1.3945689633942124
768	9615	Parti-1	52.99	52.16	0.95583038869257952	call_rate_ge_0.80	34.900314331054688	-14.57213306427002	-5.059339745664154	9.0351297271247777	13.414463333192192	8.2497821275832308	3.3665513743114888	3.4288609096035541	-1.2681556177837701	-0.77998620643847472	-0.2807077623842259	-1.3092516325063088
769	9616	Krazo-1	53.06	51.96	0.98674911660777387	call_rate_ge_0.80	35.025279998779297	-14.724815368652344	-5.8577535337624651	8.2721216781654672	13.801588076650376	9.042089314282487	3.9995305257203766	4.0708282626048131	-0.16218398562489528	-1.3229564313658131	-0.55890700636942392	-0.93127583540824566
770	9617	Karag-1	51.37	59.44	0.94787985865724378	call_rate_ge_0.80	35.025829315185547	-14.613176345825195	-6.1950973894700132	8.3034561088977927	12.910727140427293	7.2792770079780524	3.0136371048486592	3.236381963376548	-1.8071484840521486	-0.50237436344579345	0.66754782095778409	0.32955573916461228
771	9619	Basta-1	51.84	79.48	0.96819787985865724	call_rate_ge_0.80	34.762500762939453	-14.273183822631836	-5.4187326201982282	9.0856973143566719	17.1040244585446	11.277949639758541	5.0629054123308741	3.9390976760332821	-3.7174254198105552	0.6725961120149454	0.86070782718477057	-1.2968401628756165
772	9620	Basta-2	51.82	79.48	0.96289752650176674	call_rate_ge_0.80	34.731590270996094	-14.282441139221191	-5.3433598668015367	9.0526809498076943	16.676038526355356	11.120246395587627	5.4026503268093915	3.7668376341850882	-3.8451767846971356	-0.43000549279002898	-0.24558422259326085	-1.6838393960008768
773	9621	Basta-3	51.84	79.46	0.97614840989399299	call_rate_ge_0.80	34.776283264160156	-14.198817253112793	-5.3942986513779259	9.6468150301422959	17.549114057241816	11.268957055900064	5.0934532293019634	4.404521589209236	-4.066675980118549	-0.18097713591591688	-0.050920176445981333	-1.0032527063885928
774	9622	Bijisk-4	52.52	85.27	0.97261484098939932	call_rate_ge_0.80	37.101715087890625	-21.599817276000977	-4.4937849194465809	0.19452006271270822	6.7797853915767421	1.4470202596247159	-0.76936461262229217	1.3952784490346881	0.6657605853018943	0.71660805111543047	-0.48805385662766632	-1.3828808754025863
775	9624	Chaba-2	53.6	79.37	0.87544169611307421	call_rate_ge_0.80	34.956153869628906	-14.378185272216797	-5.3616782954252367	7.1698122144791245	12.396233632425931	7.9670094236295848	4.3495731116051308	3.2833182771668579	-2.6962980665493186	-0.91959201578113092	-1.4256794415344425	-1.0310816393383604
776	9625	Kolyv-2	51.31	82.59	0.98144876325088337	call_rate_ge_0.80	34.948329925537109	-14.335897445678711	-5.8644509649033063	10.817253599187135	15.120502546050604	9.7779421754732336	5.8767651637303304	4.3197857863680591	-0.89098264609784383	-0.36896738821009806	-0.99811016881549519	-0.82236425441663363
777	9626	Kolyv-3	51.36	82.59	0.95406360424028269	call_rate_ge_0.80	35.020679473876953	-14.475713729858398	-4.7557296680985592	8.715587059232071	14.653849320654514	7.8125799356363403	5.7629794612142886	3.6167428900195202	0.18186604016460547	-1.2857360964834057	-0.8535536786929574	0.10823887881290097
778	9627	Kolyv-5	51.32	82.55	0.91607773851590102	call_rate_ge_0.80	35.000965118408203	-14.412410736083984	-4.9973876982896082	9.9847235579720319	14.76452910458603	10.288787374461192	3.666994372845894	3.4570123726531552	-1.7119809483810424	0.41046149825512684	1.7591050963000383	0.096430478590220775
779	9628	Kolyv-6	51.33	82.54	0.87544169611307421	call_rate_ge_0.80	34.840682983398438	-14.528782844543457	-4.4919224988068622	8.6461632335214009	12.712950248735885	9.3408161772057809	4.8923857406226805	2.7705893765329375	-1.1247589184617885	-0.047947037693510573	-2.1152621466922521	0.53300543321656924
780	9629	K-oze-1	51.35	82.18	0.96554770318021199	call_rate_ge_0.80	34.992534637451172	-14.421284675598145	-5.2533284184308249	9.6671765398654887	15.119344586994414	10.494684566263169	4.6883867815298581	3.6590708747499514	-2.2884066285838345	-0.067216022703870879	0.59983220117459413	0.20697606338690222
781	9630	K-oze-3	51.34	82.16	0.95053003533568903	call_rate_ge_0.80	34.913448333740234	-14.398558616638184	-4.3294346520486391	9.6618842778465339	16.121171672323953	11.284017222442802	6.5102637210083669	5.5397262865268724	-1.7498624259820972	-0.84261758333732628	0.064182572164324672	-0.35206925846057202
782	9631	Lebja-1	51.65	80.79	0.96731448763250882	call_rate_ge_0.80	34.762626647949219	-14.19538402557373	-4.8229894075869906	10.345077425477601	16.111761361143202	11.858969423051901	5.6529320024056338	4.4417657791525	-3.0123027388782235	-0.84586319126967779	-0.27565594044633729	-0.58476862270854135
783	9632	Lebja-2	51.67	80.82	0.94522968197879864	call_rate_ge_0.80	34.805389404296875	-14.24012279510498	-4.8227694914067216	9.0209391614172016	15.789985683218447	10.886947976066331	5.09090898309368	3.9040703628386635	-3.2908761795367489	-1.4750324484302131	0.046828062567295291	-1.7455915998017442
784	9633	Lebja-4	51.63	80.83	0.88250883392226154	call_rate_ge_0.80	34.696113586425781	-14.323053359985352	-4.5192250685180078	8.4880652032058084	13.881556970996465	9.7236295879052577	4.8284578352906005	3.8887183321146819	-1.3807924228814676	-0.59534591193183828	-0.512249464311748	-0.31959271352146185
785	9634	Masl-1	54.13	81.31	0.91961130742049468	call_rate_ge_0.80	34.7374267578125	-14.199965476989746	-5.3332722948283893	9.1935235187434721	15.261794881533415	10.385803030122252	5.1750620111558376	3.8518996590335957	-2.3383455115615259	-0.82164799480799477	-0.81171315497582874	-1.0029645506630263
786	9635	Nosov-1	51.87	80.6	0.94081272084805656	call_rate_ge_0.80	34.735561370849609	-14.286914825439453	-4.5154155958061724	8.8980594941846149	15.399858776198538	10.270271308016961	5.3818185451170928	3.9265044351666165	-3.6497463300039876	-0.76322449349202781	-0.14843742870448265	-0.93677281017240444
787	9636	Noveg-1	51.75	80.82	0.98674911660777387	call_rate_ge_0.80	34.764255523681641	-14.146575927734375	-6.5770028546699741	8.5506073846648878	15.972273799210356	10.554768026593255	5.6720852733021241	4.9490371740911892	-2.9498525058499658	-1.3335438126205434	-1.5894379892861474	-1.0468753527294481
788	9637	Noveg-2	51.77	80.85	0.95759717314487636	call_rate_ge_0.80	34.708904266357422	-14.185928344726562	-5.7686415840759118	10.798290584362762	16.047605912598737	11.265436072767846	6.5100994665623482	3.8972437351777529	-1.6784836257834423	-0.68541341196435102	-1.2219315732337339	-1.3968801932833954
789	9638	Noveg-3	51.73	80.86	0.94257950530035339	call_rate_ge_0.80	34.674762725830078	-14.16563606262207	-5.2364559916876772	8.7962357822203785	14.515145008156168	10.163123127844443	5.2353236219736656	4.0927322302367761	-2.4220648790917298	-0.25245137068612555	-2.0508433222584919	-0.92232738008958248
790	9639	Panke-1	53.82	80.31	0.96996466431095407	call_rate_ge_0.80	34.694126129150391	-14.226432800292969	-6.5485379969139155	9.2724646743965735	14.943273470924654	11.052601408937495	6.1757187719480742	4.3626221546940265	-2.4736691022734889	-1.5849035516769494	-1.367675403899502	-1.4556941250114663
791	9640	Rakit-1	51.87	80.06	0.97349823321554774	call_rate_ge_0.80	34.677700042724609	-14.158044815063477	-5.6199843342532567	10.377448424548943	16.719807462349443	11.639382556070197	4.5925977637809883	3.3122130893668773	-3.8664910163436574	-0.92234887114682496	0.5914406570947538	-1.6720835873685886
792	9641	Rakit-2	51.9	80.06	0.95583038869257952	call_rate_ge_0.80	34.716823577880859	-14.231642723083496	-5.0492052374468983	8.0388797000031094	14.780579948222405	10.737774295574292	3.9587950640001437	3.9059195040071075	-2.7675183749577594	-1.0012816040174124	-0.60759515253308649	-1.2899443145326899
793	9642	Rakit-3	51.84	80.06	0.92402826855123676	call_rate_ge_0.80	34.634189605712891	-14.211758613586426	-4.5897713263970568	9.3651512298380251	14.896216006940609	10.031631428011076	5.4322001289269464	3.7903285681342509	-2.8991708922679851	-0.71366962806061063	-0.6478424137883092	-1.2403209275602209
794	9643	Sever-1	52.1	79.31	0.96643109540636041	call_rate_ge_0.80	34.796756744384766	-14.113962173461914	-6.3289786238466448	9.7466440898786075	16.95440041905632	11.341177097786124	5.2527480522735228	4.6765921396890873	-4.3463913108510184	-0.078287913646724577	-0.05909576744661095	-0.69480182729187479
795	9644	Zupan-1	45.07	18.72	0.95671378091872794	call_rate_ge_0.80	36.780147552490234	-22.183130264282227	-2.7120033002943229	-2.9157227010783271	2.1835089484111476	-1.7681541733896153	-0.40332450337701103	-1.757161886351865	2.2409834870066141	0.44434447841104058	0.88685696415630522	0.4389133794099091
796	9645	Gradi-1	45.17	18.7	0.94699646643109536	call_rate_ge_0.80	37.518337249755859	-21.623237609863281	-2.2811689849766617	-3.2258487025098859	3.6888580081028595	-2.0566400854797386	-1.0978425231858708	-2.1311966722501325	1.8021834359143212	0.29263884680809427	1.5887977358085128	-0.80391311478834038
797	9646	Aiell-1	39.126899	16.170188	0.96643109540636041	call_rate_ge_0.80	33.998634338378906	-24.838762283325195	-1.9200613059351141	-5.8206484600061339	-0.7933980260471275	1.162880941186041	3.0531018650560471	-1.7075599918034283	4.2701817756246543	-1.3262326180709005	2.5484091213502209	0.21819212807670957
798	9647	Basen-1	40.37	16.77	0.97879858657243812	call_rate_ge_0.80	33.819194793701172	-24.692497253417969	-4.0443120314216472	-5.772033011552133	-0.62019404315460924	0.36394474312580133	0.26798307838404423	-2.125068375440438	5.9503348376193976	-1.2564863394982162	3.2556489646232634	0.54229807032143362
800	9649	Bivio-1	39.13	16.17	0.95671378091872794	call_rate_ge_0.80	33.844577789306641	-24.639177322387695	-2.7760058672804839	-5.9924064088804379	-0.10582171919050813	1.1006160569897008	1.4002357159879411	-0.98988993683172188	4.4827318804677949	-2.2980639627758768	3.0535374365047652	0.13070640638362432
801	9651	Filet-1	40.68	14.87	0.95848056537102477	call_rate_ge_0.80	33.876308441162109	-24.504404067993164	-1.950347631438115	-6.1854605821999797	-1.1818397147729687	0.19418342424274618	2.4698223952415006	-2.5438730450394025	4.325435502882689	-1.4462488824983233	2.1091887461561072	1.6028501344387465
802	9653	Giffo-1	38.44	16.13	0.96908127208480566	call_rate_ge_0.80	33.779369354248047	-24.762290954589844	-1.6896196927907476	-4.7908713479777445	-0.82988877974021313	1.4580402917527604	1.5566978769391504	-0.4122141736896397	4.9091343325013037	-0.40567755848582965	2.5504410370491959	-0.21954648045277414
803	9655	Marce-1	38.92	16.47	0.89310954063604242	call_rate_ge_0.80	33.735774993896484	-24.851469039916992	-2.4769250664126781	-4.5898566047675926	0.62692373511135313	1.3166282411810297	2.6415840040551073	-0.078763861338409707	5.4965525684676972	0.034134903680803769	2.0266038205566685	0.70983525115734691
804	9656	Marti-1	40.64	17.31	0.91961130742049468	call_rate_ge_0.80	34.056118011474609	-24.718719482421875	-3.5382197614236506	-2.7576634417093171	2.8393951268652327	1.8817118882917827	1.3011887204458423	-0.89247345994715377	4.5601818424739218	0.56491592954041803	0.60209607096702689	0.36439996905518696
805	9657	Melic-1	38.45	16.04	0.96289752650176674	call_rate_ge_0.80	33.955787658691406	-24.928359985351562	-2.5986620950032564	-5.7431675765440033	-2.1380207426734783	1.2154157553095748	1.6579092195915583	0.023133107110625589	8.9699699135944169	-3.5992282933106829	2.7611225695246251	2.0218145607604066
806	9658	Nicas-1	38.97	16.34	0.92402826855123676	call_rate_ge_0.80	33.761543273925781	-24.588886260986328	-1.8718022761699813	-6.3724638936455342	-0.43203213297330412	2.7002001655919767	1.672389776867437	-1.137504375401696	5.1582285704391619	-0.78740050918189686	1.8449340473807405	-0.68132323749466495
807	9659	Pigna-1	41.18	14.18	0.95318021201413428	call_rate_ge_0.80	33.865146636962891	-24.631820678710938	-2.7381973710345133	-5.8757041861656001	0.17624032284238134	1.1757700527567696	1.5705077422284033	-1.4360885489347635	5.8646299669087592	-0.37933205795310543	1.5136988376154115	-0.10242657068832615
808	9660	Sarno-1	40.84	14.57	0.97879858657243812	call_rate_ge_0.80	33.561405181884766	-24.806007385253906	-2.5515957038355626	-5.4062836292134291	0.88630294466749349	0.25099932583532703	1.5818071655967791	-1.1506509757843821	5.2675855875942164	-2.8018737054234921	1.2033565800997135	0.21305279501113891
809	9661	Cimin-1	39.58	16.21	0.96643109540636041	call_rate_ge_0.80	34.020065307617188	-24.663265228271484	-2.24221107830828	-5.4563330545853379	0.5056731378244842	1.4956454103225079	1.5741738297466938	-0.70733067603123678	5.6641902171991125	-2.4692894784309831	3.0478912058453056	-0.81208574173173087
810	9663	Teano-1	41.33	14.09	0.97968197879858654	call_rate_ge_0.80	33.79949951171875	-24.307357788085938	-1.7377741799630424	-6.2629556729320042	0.4606127770716289	-0.34202299126226188	1.8779746429112281	-2.040973653234492	3.8277213155584424	-0.54045406440121591	-0.68133468995287993	-0.11361980878821516
811	9664	Mitterberg-1-179	46.366	11.2832	0.95141342756183744	call_rate_ge_0.80	37.7547607421875	-21.876623153686523	-4.6982879444515033	0.5624421653404944	4.5316005325335382	-4.1341718878017355	-9.5008425238141996	-6.2817272808198394	-11.875938528229492	3.7023178598551998	16.354413383164061	-1.0123801030387629
812	9665	Mitterberg-1-180	46.366	11.2832	0.9487632508833922	call_rate_ge_0.80	37.744720458984375	-21.896574020385742	-4.9023190285033085	1.0933735715121708	4.0944645944821048	-2.8863831897759282	-7.4401082447782159	-6.4143048213788889	-10.835393998098015	3.8283493483853213	15.390048099607595	-0.93628640300301735
813	9666	Mitterberg-1-182	46.366	11.2832	0.93639575971731448	call_rate_ge_0.80	37.713851928710938	-21.823429107666016	-5.6027173586757844	1.442897456686306	4.1576075900015681	-3.2648884119458379	-9.6094543802769721	-5.5778945872577177	-10.587951635358388	3.7183853344041324	17.089691824005158	-0.99111794998888447
814	9667	Mitterberg-1-183	46.366	11.2832	0.93639575971731448	call_rate_ge_0.80	37.822349548339844	-21.828786849975586	-5.2438273328973324	-0.2469323956211526	5.0466497465352642	-2.8610803297966703	-8.9789817791015683	-6.1492492940983139	-10.887056971737298	3.2214108379776571	16.793288603111105	-1.4158781659226281
815	9668	Mitterberg-2-184	46.3668	11.2837	0.83215547703180215	call_rate_ge_0.80	37.687873840332031	-21.878242492675781	-4.8643200993053268	1.0308762081409311	4.1594315667240433	-2.7657619046811903	-7.3421907029018243	-5.4665759474229834	-8.2268133735269924	3.1462540338446692	13.260057668472665	-0.34827489917109061
816	9669	Mitterberg-2-185	46.3668	11.2837	0.96996466431095407	call_rate_ge_0.80	37.737873077392578	-21.850467681884766	-4.6004687201610652	0.79158831541289076	4.9864468841725582	-1.2507085741725323	-7.3819715551649061	-5.6373592524779506	-9.4764095486171627	3.090895747678672	13.669295402246384	-0.62127149190311504
817	9670	Mitterberg-2-186	46.3668	11.2837	0.97349823321554774	call_rate_ge_0.80	37.702552795410156	-21.791252136230469	-5.9586726750449168	0.98066466870203961	4.5466047123726927	-3.4136907341236951	-10.175882082021433	-5.1662714651521533	-10.195802605692899	3.0723405155284502	17.231091263382936	-1.3229984147170399
818	9671	Mitterberg-3-187	46.3668	11.2837	0.9717314487632509	call_rate_ge_0.80	37.763332366943359	-21.929365158081055	-5.2333207069106891	-0.010922647874722163	5.0994252496378047	-2.4226376771474794	-8.1568658993807848	-3.845635800534688	-10.776754996256498	2.162092266608437	13.928870273063438	0.027115580095921202
819	9672	Mitterberg-3-188	46.3668	11.2837	0.96378091872791516	call_rate_ge_0.80	37.764263153076172	-21.879400253295898	-5.378621740910094	0.34462482354966811	4.7829545392429642	-1.9813680418764512	-7.2847063705438622	-3.3885653591996219	-10.215633659871276	1.9563321375687883	13.143602148779037	0.14992410373556037
820	9673	Mitterberg-3-189	46.3668	11.2837	0.99381625441696109	call_rate_ge_0.80	37.826339721679688	-21.935281753540039	-5.2805353727914524	0.19861469138613047	5.2057942252633813	-2.4676245726511059	-8.5701602601645028	-3.969342214008686	-11.062680252009015	2.3204474388077139	14.114344320778219	-0.7010757989312979
821	9676	Mitterberg-4-192	46.3718	11.2866	0.95936395759717319	call_rate_ge_0.80	37.7686767578125	-21.700429916381836	-5.2621651553069713	-1.3952386284155056	4.1609757107579526	-3.2198488471836919	-8.8111545270064902	-4.7528914458925868	-8.0350224819141118	3.7382948894356662	13.314082047412501	-0.31426529871475484
822	9677	Mitterberg-4-193	46.3718	11.2866	0.93816254416961131	call_rate_ge_0.80	37.753707885742188	-21.728158950805664	-5.1496443206750966	-0.46819026001041886	4.6025767506946069	-2.7713708221943265	-8.1943977280300047	-5.5614356996913106	-7.8750869051870742	3.761019180423264	12.636498282168635	-0.55671332085667669
823	9678	Mitterberg-4-194	46.3718	11.2866	0.97703180212014129	call_rate_ge_0.80	37.793102264404297	-21.739124298095703	-5.4849711485580368	-1.0109699924151898	4.9747735150456283	-2.835356970445293	-9.1219195271057476	-5.5296869571663665	-8.3950129810433953	3.5084872121028603	12.636202703886626	-0.94178274316225707
824	9679	Castelfed-1-195	46.3378	11.2928	0.96643109540636041	call_rate_ge_0.80	37.863407135009766	-21.856321334838867	-4.5331346848912846	-1.4292060588508921	6.1153946971062076	-4.3519509970541961	-6.487736387012716	-5.1229465970471342	-10.359776819461077	3.6517499208942419	17.006086994555343	-0.0078918004286916178
825	9680	Castelfed-1-196	46.3378	11.2928	0.93109540636042398	call_rate_ge_0.80	37.720165252685547	-21.757427215576172	-4.7277548671588265	-1.431009931693809	5.6335585291284183	-4.1764456350039731	-5.492372986663943	-4.9138912697331261	-9.8892208465528491	3.654235441648221	16.151079368069048	0.075028192319505776
826	9681	Castelfed-1-197	46.3378	11.2928	0.92756183745583043	call_rate_ge_0.80	37.843898773193359	-21.724416732788086	-4.3745193181617674	-1.1959284508831605	6.0534706409630203	-3.77702061056908	-5.5808476560621161	-4.810219955730032	-9.6731321747345689	3.3607966451295299	16.151738257785624	-0.54922758015069773
827	9682	Castelfed-1-198	46.3378	11.2928	0.94522968197879864	call_rate_ge_0.80	37.724647521972656	-21.693264007568359	-4.7080397444775421	-1.6116187805225743	5.6577372532407173	-4.1595514294475304	-6.1276230097514537	-4.7211546473838935	-9.3682247483293928	3.5626467333980223	15.791768069455644	0.27225350450690888
828	9683	Castelfed-1-199	46.3378	11.2928	0.97968197879858654	call_rate_ge_0.80	37.730106353759766	-21.829530715942383	-4.7689619890584449	-1.5384881171914488	6.0157285357484378	-4.2171003104962415	-6.0887965225154446	-4.6601265133091134	-10.293403492926668	3.7005021590940816	16.667290959971403	0.285579943900029
829	9684	Castelfed-2-200	46.3378	11.2928	0.96908127208480566	call_rate_ge_0.80	37.821941375732422	-21.935277938842773	-4.6765238227705002	-0.10890263119048504	3.1453066594900481	-3.3403252552258653	-5.6295322380173936	-4.78434109950829	-7.4065673995842811	3.8386774927387819	12.534333045146617	-0.26576127987233289
830	9685	Castelfed-2-201	46.3378	11.2928	0.98763250883392228	call_rate_ge_0.80	37.675296783447266	-21.992721557617188	-5.2763831094708369	-0.026581506934640037	3.1390221978071162	-3.0460898578543181	-5.8621041278017074	-5.1372272091842648	-7.8963514204276972	3.8270405094611459	12.875825351221664	-0.26790551052748651
831	9686	Castelfed-2-202	46.3378	11.2928	0.96201413427561833	call_rate_ge_0.80	37.783782958984375	-21.887392044067383	-5.5073766626793219	0.48419562939712713	5.9492655902985474	-1.7430148616736929	-4.7261476637514743	-4.6063833572581574	-8.9211104549350289	2.8160440846684658	12.84025320153888	-1.7550566133840395
832	9687	Castelfed-2-203	46.3378	11.2928	0.96113074204946991	call_rate_ge_0.80	37.806522369384766	-21.922588348388672	-5.2640815096971441	0.022047527504090256	2.8634812470133628	-2.9194492020882619	-5.6299191274775087	-5.0473554176364539	-7.5757171922621689	3.6476797225409965	12.621281121438646	-0.12112077128500336
833	9689	Castelfed-3-205	46.3378	11.2928	0.98498233215547704	call_rate_ge_0.80	37.856666564941406	-22.043169021606445	-3.9343954070918885	-0.35390152854882817	5.4862267400181315	-2.0610469718586995	-6.6071239866024865	-4.5180816065817666	-9.9974998829409305	2.6424322038626049	16.217221350354201	-0.3651562862392661
834	9690	Castelfed-3-206	46.3378	11.2928	0.9717314487632509	call_rate_ge_0.80	37.807449340820312	-21.997659683227539	-3.7836125148375075	-0.46424670166873688	5.3451241037356496	-1.7014573504760908	-6.4123938009320947	-4.4419167739620802	-9.9529351622781412	2.8873513950594005	15.750635720492266	-0.57810369844495046
835	9691	Castelfed-3-207	46.3378	11.2928	0.86130742049469966	call_rate_ge_0.80	37.3985595703125	-21.825889587402344	-4.4048419876869209	0.32036856427632782	6.2573996777160081	0.71784595642820082	0.5098127553253039	-1.7335185723495761	1.2718389371946104	-0.39561830974358714	2.6487203325893356	-0.1397062407189387
836	9692	Castelfed-3-208	46.3378	11.2928	0.98586572438162545	call_rate_ge_0.80	37.715145111083984	-22.095565795898438	-3.7716262124069004	-0.56951566301890177	5.0640760147268002	-1.085644612622783	-6.0697304822573193	-4.5074622997005482	-8.6774655016602296	3.0026773493827834	15.619744768382329	-0.017265368914579433
837	9693	Castelfed-3-209	46.3378	11.2928	0.9487632508833922	call_rate_ge_0.80	37.759227752685547	-22.037263870239258	-3.3650033475623555	-0.28860445175515081	4.5633103067960352	-2.0859544164225983	-6.2314343660529641	-4.0244881999390367	-9.0215401655885064	3.1596427354654302	15.425719203621144	0.13414067660084564
838	9694	Castelfed-4-210	46.3378	11.2928	0.98498233215547704	call_rate_ge_0.80	37.574604034423828	-21.583581924438477	-4.9818161857983263	1.5745676431781772	5.3779365487813093	-1.5410401321300953	-2.9763058072802813	-3.8132533584869832	-5.7878428623738509	0.72348659083412126	9.5009510217634734	-1.7024932733923415
839	9695	Castelfed-4-211	46.3378	11.2928	0.97084805653710249	call_rate_ge_0.80	37.509380340576172	-21.598285675048828	-4.9260685125902812	1.5854221129432366	5.323582200965653	-1.1026449494783346	-2.8577180094445191	-3.7413223280909729	-5.6821917581124604	0.64595099242687826	9.3143596389386705	-1.5557219270529805
840	9696	Castelfed-4-214	46.3378	11.2928	0.96466431095406358	call_rate_ge_0.80	37.382495880126953	-21.770317077636719	-4.608991373987287	0.96184678174498917	4.630609716629035	-3.3334997833677171	-3.5434125537409376	-3.9978246951369769	-6.4481261261057154	2.1587276717509654	10.937368007398694	-1.0004751750467142
841	9697	Dolen-1	41.62	23.94	0.9717314487632509	call_rate_ge_0.80	34.467121124267578	-24.42650032043457	-4.0373436896426416	-0.9638380500200735	4.1467684799310112	3.0426699136669124	1.9310871079583902	0.072101412143224741	3.4924776319056261	-0.72941028657969886	1.1542457731610321	1.0371391862827339
842	9698	Goced-1	41.57	23.85	0.95583038869257952	call_rate_ge_0.80	34.306427001953125	-24.261306762695312	-2.4725870174533102	-3.0404822326091083	2.1282607281050505	0.37155029720342869	3.2233354941211791	-1.0611308777929911	4.3305876138432442	-1.8680980748724674	-0.34330994259244868	-0.34593258920680148
843	9699	Kolar-1	41.37	23.14	0.96908127208480566	call_rate_ge_0.80	34.371467590332031	-24.508584976196289	-1.4779747756116755	-1.2308377532399395	0.32845989223923439	1.2951267563473046	0.052467169364054718	-2.0364661051233646	4.9152504242530632	1.2430162137619969	1.3720626854987905	0.063496744459952362
844	9700	Dolna-1-10	42.32	23.1	0.98056537102473496	call_rate_ge_0.80	34.624977111816406	-24.262899398803711	-3.321131419865448	-3.1398089200700539	1.1394642078097046	-0.43018921095073182	2.0741172102267451	-2.4047132673765392	3.7428165312880419	0.071630345234175261	0.13154880593465981	0.12199844982306934
845	9701	Ivano-1	43.7	25.91	0.96466431095406358	call_rate_ge_0.80	35.172389984130859	-15.129071235656738	-4.1428164268693024	0.70965235441564256	4.5638191244063746	1.3980835769759361	0.60371451261892428	-1.2051501173517161	3.0239269323854741	1.5763784747446432	1.0089356427313794	-0.20601056711259405
846	9703	Melni-1	41.53	23.39	0.99204946996466437	call_rate_ge_0.80	34.403656005859375	-24.597103118896484	-2.6390465858100818	-1.6103477360694138	1.0539062041127167	2.2037089093118953	1.3149868263308753	-0.4073644572703376	4.0079333633877008	1.0052796683952407	0.29082759284208709	2.0856861552175903
847	9704	Melni-2	41.53	23.39	0.93904593639575973	call_rate_ge_0.80	34.584987640380859	-24.231260299682617	-2.8991367912144366	-3.4750252425916042	2.1259771954917714	0.75704282015835156	1.5992866443016602	-1.23025738280618	5.561251059016298	0.37741890443535514	-0.035508256501681448	0.94561261719798961
848	9705	Choto-1	41.5	23.33	0.99116607773851595	call_rate_ge_0.80	34.581737518310547	-24.375619888305664	-1.9088117126944588	-1.6836942440828715	2.8112263448149699	2.8606847336861092	4.4395471035347649	-1.9328402119804815	4.6384445588212166	0.5286463350523315	2.1165855321862193	1.2277554925149043
849	9706	Dospa-1	41.64	24.18	0.95494699646643111	call_rate_ge_0.80	34.586620330810547	-24.292331695556641	-3.8883868725644701	-0.72943524976133434	3.5048607033845673	2.6559816026798244	2.1965335192137396	-0.48180528843487103	1.8263398494418881	-0.85254145775102463	2.4789847283879296	-0.0050268242826178103
850	9707	Podvi-1	41.57	24.84	0.95494699646643111	call_rate_ge_0.80	34.273174285888672	-24.691801071166992	-2.9198444136268975	-3.3448557299531165	1.988508900278487	2.4278519812761501	0.39889100933759492	0.30169015618836392	5.3455166183530665	0.088493065027973744	0.95315421668623002	0.56769182778381611
851	9708	Kardz-1	41.62	25.35	0.98498233215547704	call_rate_ge_0.80	34.118160247802734	-24.801044464111328	-2.8989955801407397	-1.7893908064157542	0.60387811032002126	4.8261114332069868	1.6267670133231416	-1.1545156859993129	3.1247759255088186	-1.5815216690516583	1.4994037804330829	0.52585267475336173
852	9709	Zerev-1-34	41.85	23.13	0.97261484098939932	call_rate_ge_0.80	34.359371185302734	-24.432441711425781	-2.267508318755223	-2.7010432070462636	2.9972155256794704	0.24446162474158362	1.0076376191961212	-1.4052006550579801	4.2739974557673195	-1.5128612339459155	0.99104337958860489	0.38047255788507411
853	9710	Zerev-1-35	41.85	23.13	0.97614840989399299	call_rate_ge_0.80	34.128181457519531	-24.283740997314453	-3.7712285748316678	-4.1060995771899913	1.8318441498816327	-0.033879969203606773	1.2130516703386689	-1.0255757046472338	3.5244779056209863	-0.19158523789647763	0.49141331469808236	1.2795428437891756
854	9711	Dolna-1-39	42.32	23.1	0.98233215547703179	call_rate_ge_0.80	34.88726806640625	-23.982387542724609	-4.1802036525105635	-1.1523276998732039	2.7333102476515108	0.23633125738884411	0.50403657678625735	-0.40373776339339207	2.5465171533808739	-0.89000329973217929	-0.15389484454134281	2.1914833809747307
855	9712	Dolna-1-40	42.32	23.1	0.95759717314487636	call_rate_ge_0.80	34.583599090576172	-24.276468276977539	-3.6773894991279392	-3.0367665343080579	1.2056668614288737	-0.33642660954720249	2.5119255083137819	-2.7526005947419185	3.8068879856802065	0.6848192907867825	-0.038818599307846861	0.083408227238246521
856	9713	Stara-1	42.49	25.61	0.97349823321554774	call_rate_ge_0.80	34.507621765136719	-24.336505889892578	-3.7814991884532634	-2.9182534900994557	2.2624952514463263	2.5556871930958573	1.3485868164252961	-1.3632953170989466	4.396476679231843	2.0237174818500052	0.60094380501498368	0.066067526545994626
857	9714	Grivo-1	41.84	25.75	0.97349823321554774	call_rate_ge_0.80	34.377243041992188	-24.327322006225586	-3.194845002723488	-1.9805932342417254	1.1343378836272378	2.0287079629457976	-0.87223207356688981	-2.023001484506453	3.9378837778484037	1.5959719346379488	1.1512246481798751	0.96641486635081941
858	9716	Leska-1-44	41.54	24.98	0.94169611307420498	call_rate_ge_0.80	34.076034545898438	-24.713586807250977	-2.2390442573457805	-1.8213583257588635	1.1683573198086887	3.0229624809793267	0.62135656743719725	0.35483827285707836	4.4003146370999175	0.004489848058888129	4.048695748651971	1.576449856510842
859	9717	Kardz-2	41.66	25.47	0.96731448763250882	call_rate_ge_0.80	34.282810211181641	-24.600082397460938	-3.7988512271343353	-1.2374252598622448	-0.1680349235559204	4.6568100312208527	-0.028256002875499713	0.53128892537962213	4.4475556096598519	2.4836178067741521	1.0361412881151777	-0.5375891489788982
860	9718	Smolj-1	41.55	24.75	0.96378091872791516	call_rate_ge_0.80	34.413150787353516	-24.486309051513672	-2.4768627302734045	-2.3365433226825782	2.9499962311674786	1.5598221744405405	2.3204135474971497	-1.8398167475029761	4.5882482607989932	-1.2366416640741038	2.2620363942566399	1.7400355847955913
861	9719	Koren-1	41.83	25.69	0.93551236749116606	call_rate_ge_0.80	33.990154266357422	-24.340078353881836	-2.6326192779545456	-2.8491952556511486	2.2561366706377597	0.87111957145813645	-0.013078692250441632	-3.4951193296254166	2.964878976977356	-1.1199406024384879	2.119134540400895	0.063080766630069576
862	9720	Malak-1	41.77	25.68	0.98144876325088337	call_rate_ge_0.80	34.326213836669922	-24.481395721435547	-1.9797683225844334	-3.6503739760935026	1.6089166698280541	1.470427920813469	1.1467865208294816	0.48056562304938194	5.7952910388180126	0.076884107349996011	2.4263381291430908	0.029024154857243759
863	9721	Schip-1	42.72	25.33	0.94081272084805656	call_rate_ge_0.80	34.523452758789062	-24.335376739501953	-2.6096900073455465	-3.4520385750204121	2.9290700715445532	1.6515855176524032	-0.33985329492098831	-1.7789588444992595	6.5068387171395585	-0.81071024225558452	1.5687383581459424	1.0239426807839789
864	9722	Groch-1	41.71	24.41	0.98939929328621912	call_rate_ge_0.80	34.464118957519531	-24.406085968017578	-2.9351472339485318	-1.0650856913371336	2.0336978460816009	2.3438832363253161	1.6867189805502656	-0.17203956203375753	4.2883226448241079	3.1166454944556947	1.5578559187640855	0.32691057180560618
865	9723	Slavi-2	41.42	23.67	0.93286219081272082	call_rate_ge_0.80	34.571926116943359	-24.74073600769043	-3.5313290310186787	-0.90987441158019333	3.2942945387642322	0.70601768464317738	2.484987566700438	-0.81347530805515189	5.2732303677203411	-1.768572438171361	1.8447580300558193	1.3382856858612246
866	9725	Epidauros-1	37.6	23.08	0.83922261484098937	call_rate_ge_0.80	33.852165222167969	-25.027908325195312	-2.768976653273874	-3.8507456899092629	-0.71572899410138724	1.4958966175300314	1.105634901387442	0.24726615796400717	4.760505615123706	-1.786841263956529	2.4331244422351688	0.6196386875796146
867	9726	Faneronemi-3	37.07	22.04	0.93992932862190814	call_rate_ge_0.80	34.143115997314453	-24.844882965087891	-2.4610787245284071	-5.2236920160468827	0.34095091044868764	1.8743676115985646	1.4341416120501616	-1.9877521682070411	6.8389152594116043	-0.90575107214759343	3.3205148095101067	1.5020557347490575
868	9727	Olympia-2	37.63	21.62	0.96554770318021199	call_rate_ge_0.80	37.809654235839844	-21.847005844116211	-5.7026692415813276	0.62934244821743413	4.4524555719068246	-3.5139974442719777	-9.6768906159735195	-6.6047689550040394	-11.584174964856809	3.7410918313669432	17.730656740798231	-1.7473253803583964
869	9728	Stiav-1	48.46	18.9	0.94169611307420498	call_rate_ge_0.80	37.643444061279297	-21.272714614868164	-5.0245645925685061	-1.5895119584559192	6.5194938277833616	-3.9099664890989008	-4.2521574005614315	-1.9875802364512065	0.31740672152087956	1.3524056899987409	-0.76922020224054743	-2.4428393844815766
870	9729	Stiav-2	48.46	18.9	0.98498233215547704	call_rate_ge_0.80	38.033489227294922	-20.511568069458008	-3.4344572374968045	-1.7823736746884096	5.6424577159058682	-6.3584170668259485	-4.0218957926151058	-3.0500867084116638	-0.23657462418865383	0.66205578711701296	-2.5435911175308119	-1.7492240592554102
871	9730	Bela-1	48.47	18.94	0.97791519434628971	call_rate_ge_0.80	37.975761413574219	-20.823740005493164	-4.8731078931426701	-2.5810426336364403	5.5334498519452575	-4.7588051756707035	-3.4873382705746088	-3.0368924210552857	1.7727597912706381	0.79475393374375836	-0.50851946716049867	-0.63592850238784837
872	9731	Stiav-3	48.46	18.9	0.9832155477031802	call_rate_ge_0.80	37.877120971679688	-20.749794006347656	-4.0080909430817968	-2.9824750339614714	6.9041270333512816	-3.6619629567797434	-3.7249043804507314	-1.5330640921627117	1.1183954353294874	2.7841210843466189	-2.8808095666520455	-2.0541257261289068
873	9732	Halca-1	48.47	18.96	0.99028268551236753	call_rate_ge_0.80	37.517261505126953	-21.289827346801758	-3.9525067920503871	-2.8531348811334327	6.2292872118337099	-2.8655123656008978	-2.294565358756397	-1.7696656053964153	-0.14614110552359108	0.62621837049229723	-1.0561316660078517	-1.518636606307127
874	9733	Bela-2	48.47	18.94	0.96289752650176674	call_rate_ge_0.80	37.581256866455078	-21.207956314086914	-5.001458366682062	-2.9528555709766118	6.5905296198426742	-2.1076487236812165	-4.5013216543066621	-1.1746236873969969	-0.031048469625605618	0.002673023092719125	-0.91989280684180119	-1.3228247777208477
875	9735	Bela-4	48.47	18.94	0.98498233215547704	call_rate_ge_0.80	37.910060882568359	-21.004945755004883	-3.9795679973267695	-0.80534063980590309	5.454943972773318	-3.6630195226456439	-3.7377640885217089	-1.1380032480228917	-1.2048736061666321	1.207264901818313	-1.7242396326763076	-0.96503924728291912
876	9736	Teiu-2	44.69	25.17	0.94787985865724378	call_rate_ge_0.80	37.020824432373047	-21.563453674316406	-3.6871901380580296	-1.0939519601411183	5.6142820039656725	-0.30285916483281999	0.98838316380175706	1.4217340129466418	1.2883425970016775	-0.47866940493801685	2.0473174243357479	0.60046797965639365
877	9737	Ulies-1	45.95	22.62	0.95229681978798586	call_rate_ge_0.80	34.844562530517578	-14.13258171081543	-5.0901668892665146	10.372229657408857	17.190794325930874	10.675231021203881	6.1982299036138606	6.6078521756602431	-1.4644607411461772	-1.2412619239555027	-0.75135275129506751	-0.81747256455663986
878	9738	Bran-1	45.57	25.42	0.85600706713780916	call_rate_ge_0.80	34.920021057128906	-23.918886184692383	-1.9774117340720849	-2.8465318623663256	3.442781702953595	-1.7885738227532848	0.064200440204263159	-0.67013128410807066	2.9296089270200443	-0.85967769517577597	0.50390468133073152	0.58447637835473365
879	9739	Toc-1	46.01	22.33	0.91872791519434627	call_rate_ge_0.80	37.313808441162109	-21.481826782226562	-3.3714806589050714	-0.60061805089501386	5.4934538430996493	-1.1100833857466434	-0.99307469290803185	-1.8896870731372588	1.0537727675570796	0.40745348286320732	-1.1493591941026959	0.16124936995519884
880	9741	Orast-1	45.84	23.16	0.94346289752650181	call_rate_ge_0.80	37.199851989746094	-21.551244735717773	-4.0057857502144971	-1.9103769212379034	4.5972286310646924	-0.97266716832661815	-0.81800607359008115	1.3857801328861625	0.84357332727408885	-0.31071340475529163	-0.29058091890120219	-0.85421901496941288
881	9743	Furni-1	45.14	25	0.91696113074204944	call_rate_ge_0.80	36.936225891113281	-21.552829742431641	-4.4433946330017413	-0.19354061716664897	4.5589316088284901	1.3791662966620077	-0.16618226116919393	0.19406578642941252	1.6088124032833797	-0.86637977602408001	-0.26091417548071427	-1.1201331650697055
882	9744	Iasi-1	47.16	27.59	0.93992932862190814	call_rate_ge_0.80	37.222904205322266	-21.458135604858398	-3.4474151471843046	0.082387742105635445	6.5091618544428087	0.10545139489350366	-2.2138576120702185	0.53726908553020647	0.75946968054234498	1.9133546830377892	-0.98066764961839725	-0.67602722106681623
883	9745	Sij 1/96	41.45	70.05	0.96554770318021199	call_rate_ge_0.80	34.965892791748047	-14.202020645141602	-5.4793002281146164	7.8015867548145579	16.704685577259735	10.389415101021603	6.6135318259862341	3.7342034142822831	-1.2073384752559697	-2.530106622742923	-0.61486448673220817	0.36638923994067046
884	9747	Zabar-1	44.38	21.22	0.96908127208480566	call_rate_ge_0.80	37.463512420654297	-21.36572265625	-4.024370410272077	-3.2560549285124183	5.1055155273746715	-4.0845023454767677	-3.7975626556258231	-1.026820175635986	1.273944248205005	1.5065975651535755	0.25839175285527577	0.28469772540443467
885	9748	Zagub-1	44.23	21.71	0.88250883392226154	call_rate_ge_0.80	37.218284606933594	-21.941947937011719	-3.5569946618679986	-1.9921437391696535	3.3488154186692269	0.17849139751250678	-0.83940396743628243	-1.7161422535112507	0.46593419159936811	0.54365119084571012	0.80864978599758763	-0.22409871393088676
886	9749	Knjas-1	43.54	22.29	0.95053003533568903	call_rate_ge_0.80	34.454944610595703	-24.469741821289062	-2.1932416994959021	-3.3140366821096676	3.0941688343463949	-0.17808957802448397	0.12163283512222176	-1.4770641035878225	3.306808999557092	-0.8367380680861618	2.1968975877161578	1.5173100205520589
887	9754	Sredn-1	44.66	21.37	0.99028268551236753	call_rate_ge_0.80	37.391361236572266	-21.187839508056641	-3.9866195132629514	-3.8402602887229582	4.3647727477564597	-2.9987008067617107	-1.4716034131439593	-1.349419547310714	0.52261326808609387	-1.2139451634627052	-0.023373986434933935	0.42088310748172603
888	9755	Vajug-1	44.56	22.56	0.98586572438162545	call_rate_ge_0.80	34.793685913085938	-24.133876800537109	-2.3593083165805497	-0.64794538524047174	4.3690835194478286	0.93050182065433662	-0.46759761334802613	0.65023678762606296	3.1168885440269642	0.54308191899518521	0.028218276662105343	1.5594457352571942
889	9756	Staro-2	44.3	21.08	0.92314487632508835	call_rate_ge_0.80	36.940597534179688	-21.911787033081055	-2.8465003392804245	-3.3922587700087479	3.2372321917464002	-1.6158064449672924	-1.0257425375655802	-1.6591591914388848	-0.41699181390826145	-0.080279545679438222	-0.82867108996543248	-1.4599244955298651
890	9757	Staro-1	44.3	21.08	0.95848056537102477	call_rate_ge_0.80	35.050209045410156	-23.833276748657227	-2.469525418734849	-4.2820452856589784	2.8014413409882333	-0.0055325498559474868	0.17655904446514731	-2.0558775030451559	3.6083350873045408	0.27961711743146467	0.52613647018745058	-0.21712672722562559
891	9758	Altai-5	47.75	88.4	0.93816254416961131	call_rate_ge_0.80	34.907249450683594	-14.119968414306641	-5.1907359535273496	6.4387361442786997	10.904370546113009	8.6903631397235976	3.8191445128288537	2.1637981817888408	-0.5287542505934737	1.6337553256073631	-0.2597352473735981	-0.21487595352791095
892	9759	Anz-0	37.47	49.47	0.95759717314487636	call_rate_ge_0.80	34.423137664794922	-25.279722213745117	-3.5373012207915351	-5.0284623757738478	-1.8024530999946597	4.4417540693058317	2.3348665398541812	-1.4050851103280511	13.90794761282957	-5.9731168598014888	9.9796759833047517	3.6545507756961517
893	9761	Bik-1	33.92	35.7	0.98586572438162545	call_rate_ge_0.80	37.062847137451172	-20.647388458251953	-4.5284101811479651	-3.3803787197782507	5.1309069647654306	-5.2837110113878376	-3.857038188768585	-2.7294127272450877	1.4190039771098806	1.5235666580442806	-3.6401197525608264	-3.5981836225833685
894	9762	Etna-2	37.69	14.98	0.89840989399293292	call_rate_ge_0.80	33.255001068115234	-25.607549667358398	-3.1694040306557887	1.2413569808115184	-5.5308958407815192	4.5075212208895721	-4.5892331027326527	0.91085388238697573	0.65490790456552428	2.6464145733624052	1.8002036466381492	0.46668193968261518
895	9764	Qar-8a	34.1	35.84	0.97879858657243812	call_rate_ge_0.80	33.114410400390625	-25.676975250244141	-4.001589462321161	1.6556507861753673	-6.0048389870339074	5.9053293241212952	-4.9863431971869359	3.2450223285188695	3.8270614498572764	3.6713875049024862	2.0159891948533857	-1.0100718526443935
896	9766	Westkar-4	42.26	74.16	0.94699646643109536	call_rate_ge_0.80	35.075096130371094	-14.277383804321289	-5.193330461929115	8.2108032255692311	14.426726401099527	10.749457972243897	5.4088972887839706	3.1094160919719345	-0.82484680001899335	-1.5955998020052418	-0.46849706732136071	-0.013945174538434035
897	9768	Ru4-16	48.57	9.16	0.99293286219081267	call_rate_ge_0.80	35.527809143066406	-20.855945587158203	-3.606443514312994	-4.8493798247846831	2.0683492782034922	-1.8818749370463492	-2.9245115614656556	-1.5305340382728136	1.2947756123876608	0.47073349884524074	-3.9857654058106826	-2.7521677274951104
898	9769	HE-1	48.55	8.99	0.9946996466431095	call_rate_ge_0.80	35.722007751464844	-20.445280075073242	-2.6859018734214279	-5.8990540920696359	3.8098470229974146	-3.0532758557050728	-0.79861442073847588	-3.7651740817595631	0.079630737306830832	-0.56511061990082334	-2.6583707411638686	-5.0405881426449213
899	9770	KBG2-13	48.53	9.01	0.97791519434628971	call_rate_ge_0.80	35.580875396728516	-20.50944709777832	-3.0091179051325669	-5.1453838663329803	2.6270778089663165	-4.1989961298559635	-1.7794277740848559	-2.7574321672411162	1.6653277283719892	0.18738098493507535	-2.966074157710215	-4.3265312092660686
900	9771	Pfn-N2.2-6	48.56	9.11	0.98144876325088337	call_rate_ge_0.80	35.685562133789062	-20.412704467773438	-4.1873935404522609	-5.3245864875564459	3.8034089637852242	-4.1217114935339341	-3.3747327121501312	-1.0364930229559488	1.2928279950624579	-1.1177036347052931	-4.3219069437488233	-4.2933274520949247
901	9772	Hof-1	48.41	8.85	0.99028268551236753	call_rate_ge_0.80	35.7230224609375	-20.315786361694336	-3.9532664958322354	-5.0305399920682179	3.6784076087786972	-4.2835431885731987	-1.4289778408167793	-3.6724332158029931	3.5619121855853439	-1.0496889264676315	-2.8538173887627316	-3.128786680149692
902	9774	Alt-1	48.59	9.22	0.99028268551236753	call_rate_ge_0.80	35.717220306396484	-20.932659149169922	-3.3897980068434395	-5.3308353301759164	4.3839353882827687	-5.0432474916954169	-2.7109168577764788	-2.7050792611181671	0.35415993453589029	-1.4518318211810535	-4.5901319952607507	-2.487074959100847
903	9775	Berg-1	48.41	8.79	0.95141342756183744	call_rate_ge_0.80	35.521221160888672	-20.706344604492188	-2.403634039606537	-4.1529084822162776	2.2495542366245944	-4.772503384175339	-0.11434719315959291	-3.3262654767234134	0.84389308763380921	0.60152929524977128	-2.5762480244527248	-3.3958748730208668
904	9776	Fell3-7	48.43	8.79	0.99558303886925792	call_rate_ge_0.80	35.747573852539062	-20.311040878295898	-1.1586374515251605	-5.6594075791038128	3.8291426715206325	-3.1902986727952376	-2.8202053185139446	-3.1395486678080808	0.91040239616528684	1.1498577649618746	-2.2729099443384317	-3.7642150945488253
905	9777	Gn-1	48.57	9.17	0.99558303886925792	call_rate_ge_0.80	35.624961853027344	-20.558261871337891	-3.4770205407534123	-5.5009943349038997	4.2940459424844235	-5.060333330838894	-0.80418846387620291	-2.0689439659047082	1.3969755419161338	0.88425918413166704	-4.206574917899089	-2.1791277978044854
906	9778	Bach-7	48.41	8.84	0.99293286219081267	call_rate_ge_0.80	35.731601715087891	-20.547567367553711	-2.195622981025426	-4.601716859564541	3.1859375285404021	-3.0054832057277756	-1.8921971707246916	-2.6769579493615998	0.99507905475845948	-0.58429953615906771	-4.9458506140793634	-3.0014178607983877
907	9779	Bai-10	48.5	8.78	0.99646643109540634	call_rate_ge_0.80	35.518577575683594	-20.677440643310547	-1.2096137793381123	-6.4101850954091733	2.1126538655080092	-1.5538540868101203	-1.8599736441240275	-3.4752508936889153	-0.087684635085859164	-0.72000001209650366	-1.9675558358031271	-1.5902267761097681
908	9780	Fell2-4	48.43	8.79	0.98144876325088337	call_rate_ge_0.80	35.590282440185547	-20.598068237304688	-2.8214768600953222	-5.8684434410278179	4.9373307646545097	-2.5172185066860022	-1.3398597023671086	-4.0421917262234297	3.0421339685788671	-0.8019506487158653	-3.6443342894916464	-2.1319416312172024
909	9781	Kus2-2	48.52	9.11	0.97349823321554774	call_rate_ge_0.80	35.689926147460938	-20.342477798461914	-3.0036888990736164	-6.7149256800661723	4.2610489263169278	-4.5515970541336275	-1.3062564764707452	-1.7555430845394357	0.22183480463256353	-1.0634708608911301	-2.7219254046790331	-4.7939177327780618
910	9782	Lu3-30	48.53	9.09	0.99028268551236753	call_rate_ge_0.80	35.86236572265625	-20.557712554931641	-2.5793810624924927	-4.7149113084978005	5.1579808042935147	-3.8335516609516365	-3.5529074120804709	-2.6498667579610733	0.86571634627210636	-0.60639868089270743	-2.8132632276895926	-1.9978437951529795
911	9783	Tu-PK-7	48.52	9.05	0.99116607773851595	call_rate_ge_0.80	36.47991943359375	-24.124780654907227	-2.0621895384446125	3.1381772520013587	-4.9771447637593278	-2.283102681233073	2.3847703413508663	2.8556434723147404	-0.0057342716344247523	0.88148583834106242	-1.0035709375631299	2.7818259618765309
912	9784	Erg2-6	48.5	8.8	0.99028268551236753	call_rate_ge_0.80	35.587421417236328	-20.392938613891602	-2.8081498116863535	-5.637892900289657	3.0687960709256918	-2.7278917202265309	-2.1804936234742596	-4.7038171797047639	1.4973805542782472	0.62144706494822788	-4.4687477071847512	-4.3906511249329787
913	9785	Ha-HBT1-2	48.54	9.02	0.99293286219081267	call_rate_ge_0.80	35.73828125	-20.340023040771484	-1.5046672972911614	-6.0192108920563259	4.3112271492806675	-4.6005400309964788	-2.2678197346027553	-4.0202240016567083	0.53181659773032797	-1.1207846190989748	-1.7712628017726397	-3.4686470454538694
914	9786	Ha-P-13	48.54	9.01	0.99116607773851595	call_rate_ge_0.80	35.652393341064453	-20.526863098144531	-3.0314246775796256	-4.3816914646413112	2.5363838885912546	-4.5172915347343645	-0.73933855620904754	-3.7488846590382061	0.72331140418832829	-0.43026683280054828	-1.9018240759613843	-4.6204929015241856
915	9787	HI-4	48.5	9	0.98233215547703179	call_rate_ge_0.80	35.795001983642578	-20.306652069091797	-1.4160603958983302	-4.0266569591790118	3.2467463764773803	-4.1530296649696847	-2.5218803868343	-1.4862343155966997	-0.71663919067877591	-0.4162271077508265	-3.7049947390656177	-3.7346544550680836
916	9788	KBG1-14	48.53	9.01	0.97791519434628971	call_rate_ge_0.80	35.601814270019531	-20.459678649902344	-2.8134024440311753	-5.8098260073679038	3.7512190650098169	-3.5965649993541491	-1.3773320110176155	-4.535455100555593	2.7615354895387787	-0.29716191632361605	-3.2854193537706857	-4.3500787442527136
917	9789	Obh-13	48.39	8.96	0.99204946996466437	call_rate_ge_0.80	35.821510314941406	-20.579544067382812	-2.0586955489531062	-5.2798111412925337	3.4601077043617936	-2.9077653620018711	-2.2619515107693489	-1.1808638504083737	2.1679440505486114	0.35734227353801284	-2.4614262941620724	-3.7384032433205694
918	9790	Gn2-3	48.58	9.18	0.9885159010600707	call_rate_ge_0.80	35.582035064697266	-21.066160202026367	-2.956254002479219	-5.0125132438382707	2.5941538017424346	-3.4239348505883407	-3.6464333816419501	-2.7230313195707829	0.36754418995967264	-0.0099712423260368242	-3.7731898517524445	-1.5986502326475638
919	9791	Haes-1	48.6	9.2	0.99116607773851595	call_rate_ge_0.80	35.541538238525391	-20.482341766357422	-2.6486250357264916	-5.3963077596698836	3.6869871733693835	-6.1458679816667159	-3.1883653649065056	-2.7543606568819854	1.9599140191195823	-0.068318274367117307	-5.5274850713654731	-4.2637810770145945
920	9792	Lu4-2	48.54	9.09	0.98498233215547704	call_rate_ge_0.80	35.738185882568359	-20.376623153686523	-3.1210084393736341	-4.6308509734036525	4.7397942589761177	-3.0445400321908767	-2.0787729612148551	-4.5001764296021713	1.7885253285408169	-1.1566715151965399	-2.5614274930911036	-3.8151851391295928
921	9793	Ru-N2	48.57	9.16	0.98586572438162545	call_rate_ge_0.80	35.546440124511719	-20.605327606201172	-3.0975687632164952	-6.3055218865307019	3.3282272292659916	-3.2292047161353437	-0.53485909407613186	-3.5734392061524574	0.39181785076880721	1.1092677553273753	-5.3505529626510286	-4.8724369072016342
922	9794	Tu-B1-2	48.52	9.08	0.98586572438162545	call_rate_ge_0.80	36.017543792724609	-20.551219940185547	-2.8059170661411605	-3.7177518454573657	3.1475843153920935	-2.0410124214079226	-4.2879408213058978	-1.0719473763471623	0.017804168952326237	0.57029181896743886	-1.7182265710590594	-4.6751775592197813
923	9795	Wank-2	48.5	9.11	0.96996466431095407	call_rate_ge_0.80	35.724681854248047	-20.376760482788086	-2.2821461159664027	-4.1771114497914565	4.107205743967822	-2.527313545525276	-1.5121752968606472	-3.1672585733058471	1.4236342913199009	1.3325967633222513	-2.0977270935047589	-4.4773091195691457
924	9796	Bach2-1	48.41	8.84	0.99381625441696109	call_rate_ge_0.80	35.729251861572266	-20.446731567382812	-2.5641659720943237	-4.5105988510832153	5.2374665522996855	-3.2639388219409953	-2.4872514468705336	-3.0261577686732082	0.63512603475774709	-0.58417975377212816	-3.4020017486549969	-3.4157273149048146
925	9797	Ha-HBT2-10	48.54	9.02	0.99204946996466437	call_rate_ge_0.80	35.612751007080078	-20.263151168823242	-2.3362817116295806	-4.3137850769591868	4.9897238169266114	-4.6490355069166744	-3.7174850602011311	-3.2496145168955599	0.80389707075745342	-0.16774398485019107	-2.6507646614439753	-3.944302486814077
926	9798	Ha-P2-1	48.54	9.01	0.99646643109540634	call_rate_ge_0.80	35.650501251220703	-20.322006225585938	-3.8103812769825249	-5.7936812924660135	3.2957692360668256	-3.003998736699498	-1.4917664763991514	-3.3471679934887217	2.4220288016478215	-0.89593762748154782	-2.3536367301037688	-5.2901213363967177
927	9799	Hart-2	48.39	8.85	0.99116607773851595	call_rate_ge_0.80	35.729084014892578	-20.458583831787109	-2.0520188823197705	-4.5921188582924524	3.6613866941175557	-1.4598184263901759	-1.6057361625603797	-1.9221424482160152	0.74114935331597986	-0.29683461014093737	-2.2264120064728532	-4.1691404317305594
928	9800	Ha-S-B	48.54	9.01	0.99204946996466437	call_rate_ge_0.80	35.433330535888672	-20.478548049926758	-4.0710872751130767	-6.0055950679003249	4.8120936299067889	-3.762147897590792	-1.7156230906755556	-2.5899525849013427	1.4506431891036666	0.15637872178121856	-2.2061033460875623	-2.1411385744982314
929	9801	Ha-SP-2	48.54	9.01	0.9832155477031802	call_rate_ge_0.80	35.772365570068359	-20.341690063476562	-3.1254538578481155	-4.3709936277274304	3.3827513311966406	-3.8275686888570162	-2.7077771460898421	-2.8163497441677854	0.58837313822805792	-1.5210620332987976	-3.3156805537426197	-4.6868882594297006
930	9802	Kus3-1	48.51	9.11	0.99028268551236753	call_rate_ge_0.80	35.679889678955078	-20.295497894287109	-1.6588368361302999	-7.2949056878742038	3.5652528127591863	-3.9857476066439093	-3.2035842930839284	-4.037695600124791	1.1359511685986767	0.52239114835312639	-6.6522603480606577	-5.5204803075439761
931	9803	Muh-2	48.42	8.76	0.98939929328621912	call_rate_ge_0.80	35.586013793945312	-20.295236587524414	-3.2651335861350463	-5.6752811856950895	5.1228469621135932	-3.7257576353511945	-2.6415263284412207	-3.9726274246154269	-0.3483002252548032	1.1569373814172903	-4.0066862833416987	-5.4622370472520014
932	9804	Obe1-15	48.45	8.87	0.99028268551236753	call_rate_ge_0.80	35.812847137451172	-20.315334320068359	-1.9468211308585321	-4.4880718406423918	3.7886375569053006	-3.5305771641859458	-0.59801040128595062	-2.9279794152026977	-0.59913982490610007	-0.50052168629652194	-0.58244206770403972	-3.4743320221670015
933	9805	Pfn-10	48.54	9.09	0.99381625441696109	call_rate_ge_0.80	35.480236053466797	-20.657449722290039	-2.5730913200720189	-5.1579607305272868	1.4236973134135085	-2.6452662914807878	-1.7706177492654582	-3.1890849336202347	1.8643997226777147	-1.0604817372566717	-3.0041451478027521	-1.4374724717857752
934	9806	Ru-2	48.56	9.16	0.99116607773851595	call_rate_ge_0.80	35.762203216552734	-20.822427749633789	-2.2586776653698175	-5.4844562511941222	2.2610945665691231	-3.3363063415070209	-0.46751114721933296	-1.7495159215634091	-1.4731765234717096	-0.95323013981690863	-2.046198419960211	-1.7362056468384663
935	9807	Schl-7	48.6	9.22	0.99028268551236753	call_rate_ge_0.80	35.815586090087891	-20.81361198425293	-3.704063369868051	-4.1319916839851913	3.0253776453687697	-2.4793520190229907	-2.5560354301122459	-3.1922090697610845	-1.4407895609510772	0.40070893499608473	-3.0357888651689415	-2.092526818842066
936	9808	Tu-B2-3	48.52	9.08	0.98674911660777387	call_rate_ge_0.80	35.647922515869141	-20.430646896362305	-2.8332874801180736	-5.3781618282015806	3.0640593023012932	-2.9114346758174849	-1.8466603014851599	-3.4712137323516816	0.97948818731149145	-1.3684190607902962	-3.7218771945896898	-3.3103946979014807
937	9809	Tu-KB-6	48.52	9.05	0.98144876325088337	call_rate_ge_0.80	33.591999053955078	-22.707015991210938	0.2757874531150068	-2.2062971947767487	-3.3008969414066578	-1.6934756116926688	5.8689237749099377	-1.2851513269675807	-0.52070247547819415	0.52933635327411055	-0.71167224554790953	-0.4509408702065939
938	9810	Tu-KS-7	48.53	9.07	0.96113074204946991	call_rate_ge_0.80	35.473011016845703	-20.978193283081055	-2.5532116467626245	-5.6257220749553651	2.5173477651126692	-3.8939895292802325	-1.6691605091195107	-2.4701408207144522	2.0257384253042545	-0.0049745580296003877	-0.98904828259018984	-0.72945777960481284
939	9811	Tu-NK-12	48.52	9.05	0.89399293286219084	call_rate_ge_0.80	35.543952941894531	-20.925045013427734	-2.2510058691384822	-4.7908916905573875	3.2448524518087019	-1.7794179516599904	-2.4226506652480793	-2.4530085347443555	0.42670684104319145	-0.36007694710460619	-2.292537851353194	-2.0434098645975736
940	9812	Tu-W1	48.52	9.03	0.86484098939929333	call_rate_ge_0.80	35.536121368408203	-20.848262786865234	-1.0196899527731853	-5.0635334708092419	2.9829032317343529	-2.9974917185801693	-2.2593680855162588	-2.0967348307474172	1.0179468233763509	-1.5868570149782033	-2.4977214226713906	-2.1560428490238372
941	9813	BI-4	48.4	8.77	0.94081272084805656	call_rate_ge_0.80	35.677734375	-20.264205932617188	-2.4241456362156439	-5.4321362893801055	3.0708558946392919	-2.2053373072019253	-0.86621804233156474	-2.8035680607265481	1.6070841769153394	-0.67791921895929241	-3.887738484020637	-2.5871572484620637
942	9814	Fell1-10	48.42	8.79	0.92756183745583043	call_rate_ge_0.80	35.681652069091797	-20.313404083251953	-2.0274558788051267	-5.204126350584291	2.9737995563089137	-3.5871751497804989	-3.120039497681784	-4.3810185267726238	1.2659118334396913	0.88691601736254355	-3.4020741595957613	-4.9102194486323114
943	9815	Ha-HBT3-11	48.54	9.02	0.96378091872791516	call_rate_ge_0.80	35.6475830078125	-20.362358093261719	-1.2523976529193366	-5.2563239207836165	4.8815913782448366	-3.213836909893963	-0.69867161567199743	-3.2757957152822366	-0.43182584546308445	0.5874270891966098	-2.0931570652262228	-3.3441764486402428
944	9816	Tu-WH	48.55	9.06	0.88427561837455826	call_rate_ge_0.80	35.612075805664062	-20.715099334716797	-1.5355233123447403	-5.2094136087800695	1.9640935702180868	-1.7161440613435228	-0.78642940347819112	-3.5437050631534417	0.69532068610002185	-1.1218177105919656	-2.2551524332194206	-1.4014944148237309
945	9817	IP-Ace-0	39.84	-6.6	0.95318021201413428	call_rate_ge_0.80	33.334327697753906	-25.029939651489258	-3.2395582945450387	-5.7760835813068132	-4.3681980727339171	5.4004522490554239	-1.5198934925255694	-0.66571736437351836	3.7780262856879774	1.0823016882118464	2.9829403253876516	-1.810688036911198
946	9819	IP-Amu-0	42.35	-3.03	0.94522968197879864	call_rate_ge_0.80	32.041496276855469	-25.479230880737305	-0.4836820999010204	-4.2439315788621688	-3.4821935012587861	2.1280337240994665	-1.0252249472925103	-2.0698148979270337	-1.1688784244173309	-5.4779161791961073	-1.6483669783912978	0.40358917538012251
947	9820	IP-Are-0	41	-4.71	0.95583038869257952	call_rate_ge_0.80	31.812881469726562	-26.091686248779297	-2.9995876681267761	-5.4921118770756738	-4.531947185057124	5.9342545353835883	-1.4582243349405146	-0.60895211812470085	0.89867201594764667	-1.5679449122886091	-2.4017801969227954	-1.5881198799972189
948	9821	IP-Aru-0	41.81	2.49	0.98498233215547704	call_rate_ge_0.80	31.535545349121094	-24.996185302734375	-3.1460464478898529	-3.2786137464020895	-5.5778200272326313	4.9852410456134679	-1.6164706154462756	0.13227381134403418	-3.1487932152272906	-9.1265316058516586	0.13486672468706895	-1.5895990843605481
949	9822	IP-Aul-0	40.52	-4.02	0.96289752650176674	call_rate_ge_0.80	31.369821548461914	-25.879766464233398	-2.4617889238004977	-3.9525579246232376	-8.4080233979195196	9.8782231640015343	-5.724522396854022	0.84775313736888513	-2.4133312244437759	-4.3279570792709574	-1.8283335343833174	-2.3924564255053347
950	9823	IP-Bae-0	43.34	-5.84	0.92844522968197885	call_rate_ge_0.80	33.695236206054688	-22.739410400390625	-0.47466501012062634	-3.0838417926688777	-3.1624235316444644	0.46609010519061722	4.0539785075996626	-1.2148726781010897	0.11115564048597024	0.20143024321508676	1.6989209216342442	2.3332709409464929
951	9824	IP-Bes-5	42.91	-4.91	0.91077738515901063	call_rate_ge_0.80	32.317352294921875	-25.720144271850586	-2.41833835047386	-1.4547665489513635	-3.6999692510382145	3.2640669070412307	-0.98219417414903099	2.0155534973506013	0.079759062679453319	3.2638826066640174	0.0121547402161011	-0.92745215887184862
952	9825	IP-Boa-0	40.4	-3.88	0.97084805653710249	call_rate_ge_0.80	31.376213073730469	-25.919736862182617	-3.2062539319694916	-5.3263428630008898	-8.2320173530482847	10.269265984497206	-5.8107194521627088	2.7801852755833738	-3.2125466282367365	-3.3897216194606679	-1.0150641514548902	-2.0515728756451184
953	9826	IP-Bor-0	42.49	-6.71	0.96113074204946991	call_rate_ge_0.80	32.174690246582031	-26.205900192260742	-1.5875929705441523	-5.029518682731692	-1.8962850981720387	5.3037694402986952	2.5889897739665488	1.0776997639265335	2.2855421820340274	1.9898273359809624	-1.084858219207578	1.7940624357472876
954	9827	IP-Bos-0	42.78	0.69	0.97614840989399299	call_rate_ge_0.80	33.906768798828125	-22.832891464233398	-0.19365009235675906	-3.610912181293974	-0.89885207310692783	0.9317578777551111	1.3062463868538883	-0.46570652269754947	-0.42345521915705958	0.081200280856997695	-1.9079951212184656	-0.32139153190544112
955	9828	IP-Bra-0	42.5	-6.15	0.96908127208480566	call_rate_ge_0.80	32.188552856445312	-26.229719161987305	-3.8263908411076977	-4.4987620168337115	-2.5506779330039104	4.7061278897169059	-1.2780242306877172	0.81565529089460465	2.1763233070219883	3.325966934959768	-0.037739225745922242	-0.18126363220396602
956	9830	IP-Bus-0	36.97	-3.28	0.96024734982332161	call_rate_ge_0.80	33.04254150390625	-25.540779113769531	-3.0273283903380581	-1.2260860506614966	-2.3237507150703456	2.5618378120261891	-2.7881621496544575	-0.47714900220330497	1.6137200322010816	1.3540641616999265	-1.8940078934222242	0.94666998498951782
957	9831	IP-Cas-0	38.53408	-3.39072	0.96024734982332161	call_rate_ge_0.80	33.221023559570312	-25.08088493347168	-2.725532375041523	-7.8129414281279166	-4.492473973538452	7.2795175502268421	-1.0862821831845622	-0.89160637614140492	2.1785956949393279	2.9430205901518689	0.47945563221313242	-1.6882460593253139
958	9832	IP-Cat-0	40.54208	-3.68695	0.96554770318021199	call_rate_ge_0.80	33.004062652587891	-25.76612663269043	-5.1443189120231105	0.18490491111440446	-8.8389674040849648	13.43468524008331	-10.814998693631985	7.3488098422553199	4.1271770054357351	20.929216382146144	-1.2923046321035032	-0.85348880544485761
959	9833	IP-Cha-0	40.38	-4.21	0.97438162544169615	call_rate_ge_0.80	31.364850997924805	-25.871028900146484	-2.0855222768921635	-6.5828490504961099	-7.3793331139584284	8.6946889858058451	-4.2841489964864587	0.52201133768817276	-2.1328337731811882	-4.3095229597411402	-1.1363132960179356	-1.9616338456134954
960	9834	IP-Cho-0	40.51	-3.9	0.96201413427561833	call_rate_ge_0.80	31.309463500976562	-25.94233512878418	-4.380455054459631	-3.7074258304031953	-8.2042493586037182	10.019001899757992	-6.3642069665119108	3.7988085251757626	-2.3381570148856268	-4.189310061684334	-1.3904140298247576	-1.5796905118041291
961	9835	IP-Cir-0	40.61	-6.57	0.98144876325088337	call_rate_ge_0.80	32.164482116699219	-26.277307510375977	-2.8603092633315601	-5.5808241534959189	-4.0588705550524233	7.0008019082241848	0.00070022419965720011	1.0751989794251837	2.3290160518558576	2.218744565183401	-2.0874228428249353	0.79433121394948925
962	9836	IP-Cod-0	41.25	-1.32	0.94964664310954061	call_rate_ge_0.80	31.145282745361328	-25.326345443725586	-3.5917557531200957	-1.4464116095341766	-9.278912279504862	10.198946050078575	-6.7359283676564097	0.67271458830254283	-5.6929422688011844	-9.1375931714215	-0.8801718244010599	-1.7900457855487255
963	9837	IP-Con-0	37.94	-5.6	0.96996466431095407	call_rate_ge_0.80	32.973075866699219	-25.784997940063477	-5.4639507275253898	1.2100522867137462	-8.5147784256182391	10.237048145168451	-9.8859533346235242	4.3981360035965471	5.0180952624967023	17.068373974046263	-0.43405346894548968	-3.0730380635439682
964	9838	IP-Cot-0	41.83	-5.38	0.96289752650176674	call_rate_ge_0.80	32.186618804931641	-26.299196243286133	-2.491033114832752	-4.3628182887115763	-2.3661055998772604	5.0546594744930395	-1.0587822727317708	0.27486833916275905	2.2975008215584567	3.6943190222793292	-3.3388425027528896	0.16677849576098119
965	9839	IP-Coy-0	40.44	-4.27	0.95406360424028269	call_rate_ge_0.80	32.004146575927734	-26.271888732910156	-3.2337813770758723	-6.4912666054202761	-4.8316734457869552	5.2912145994472803	0.27836752031320283	-1.3547308692853555	1.4672276234893247	1.0150897863374477	-2.9752561009892937	1.5327964983635163
966	9840	IP-Dar-0	41.13	-1.43	0.97084805653710249	call_rate_ge_0.80	31.09611701965332	-25.284063339233398	-4.003007864073493	1.7366213930204757	-9.1833742892124377	11.333994530622986	-6.2427074411209365	2.7852006047428106	-5.3372158394041564	-5.7472425474050395	-1.0311469527697301	-2.1813429736794014
967	9841	IP-Ees-0	40.59	-4.15	0.98233215547703179	call_rate_ge_0.80	31.360761642456055	-25.942245483398438	-4.4927391256341798	-4.7457578853332674	-8.3409674064389616	10.707723313311591	-4.6500375853322735	3.0527765419660402	-4.9601468556708657	-8.0912984504101697	-2.6601180385751424	-1.2132026818456005
968	9843	IP-Elp-0	40.53	-3.92	0.96201413427561833	call_rate_ge_0.80	31.398530960083008	-25.973993301391602	-5.2001461070108475	-4.7396571065228246	-8.1703478597705228	10.714833809785567	-4.2150866232639839	1.1670298854458669	-2.7826454434972012	-3.4912239535396887	-2.6631371139552305	-2.0393285342435719
969	9844	IP-Esn-2	42.27	0.19	0.9090106007067138	call_rate_ge_0.80	31.07097053527832	-25.230714797973633	-3.2742528575453749	-0.34443899035246717	-10.351732347081484	11.017082288490625	-7.5517555604207915	2.7726277173618592	-10.64148285246746	-11.289131048334761	-0.58817995575105475	-1.7799514609580345
970	9845	IP-Evs-0	40.47918	-3.959696	0.97261484098939932	call_rate_ge_0.80	31.278894424438477	-25.965526580810547	-2.8674410312970284	-4.3676687559899268	-8.281641235759956	10.105194054073197	-5.85846380657929	0.92023757139274354	-2.8644908932003559	-2.6440690648946448	-1.2312744658452037	-2.237357501553054
971	9846	IP-Ezc-2	42.31	-3.02	0.96996466431095407	call_rate_ge_0.80	32.094181060791016	-25.479667663574219	0.26039741286068979	-4.0193790770937401	-5.0874962175921183	2.0903586802298686	0.12885526137158726	-2.1994450054612229	-2.147745597047753	-6.723531350206108	-2.2174405474958325	-0.4298317844641153
972	9847	IP-Fel-2	43.31	-5.7	0.96113074204946991	call_rate_ge_0.80	33.671951293945312	-22.810329437255859	0.11787771437569855	-3.0978254821871762	-3.5316797992263571	1.9896969241365985	5.5395528292403924	-2.5603035507240706	-1.122293840224444	0.38490624268668167	-0.14453051828618704	1.7350509699884087
973	9848	IP-Glo-1	40.11	-5.77	0.97791519434628971	call_rate_ge_0.80	31.626613616943359	-25.719230651855469	-2.6857144961189414	-5.5694830141545131	-6.9371179922175292	5.9885982894811791	-2.5524814389043313	0.91057807004272195	-0.28154280735724851	-1.8086600540023539	-1.7335174449780235	0.72412022705429857
974	9849	IP-Gud-3	40.65	-4.11	0.96908127208480566	call_rate_ge_0.80	32.028423309326172	-26.258739471435547	-3.6222471884739438	-5.0600282980792297	-4.2864790257527687	5.2358820502268122	0.67817925747718433	-1.7236829791766839	1.3387057944049074	0.54234916162178426	-2.3344612955685036	0.16520724702055234
975	9850	IP-Hec-0	42.86	-0.7	0.95848056537102477	call_rate_ge_0.80	31.305391311645508	-25.133817672729492	-3.1706010326234018	-2.872968812750293	-7.8911370801532303	7.3727642764785246	-4.4814023412791215	-1.2700475590310643	-7.8398427827023349	-8.0142316059963434	-0.054565842963230568	-2.0104984246826092
976	9851	IP-Hue-3	42.96	-6.1	0.96289752650176674	call_rate_ge_0.80	32.109767913818359	-26.2569580078125	-3.7918138050393089	-4.5775846796642679	-3.1717777769224189	2.1378213270856983	0.040014935496778224	0.56674815415529378	0.74552721356330054	0.81092641294953038	0.030045482144482355	0.35067123314377957
977	9852	IP-Ini-0	40.46	-3.75	0.94964664310954061	call_rate_ge_0.80	31.330577850341797	-25.975486755371094	-2.915717606407771	-4.4128962357401225	-7.5061225794568065	11.472750041782202	-5.71903678943678	1.760102550119796	-3.1256213202355734	-3.0577869282805894	-1.2364402623486821	-2.8448652304690558
978	9853	IP-Lac-0	43.33	-5.91	0.96996466431095407	call_rate_ge_0.80	33.746929168701172	-22.89866828918457	-2.421593362531429	-3.3455537622292026	-4.7186520955302163	1.862988919743547	4.3058411598648298	-0.36005297330707237	-1.4932892079959921	0.9570137097390411	-1.1367410518845324	1.3782502209007288
979	9854	IP-Laf-1	43.36	-5.88	0.97084805653710249	call_rate_ge_0.80	33.704647064208984	-22.820558547973633	-0.34899551536479806	-3.107947914089523	-5.3167478297664079	2.7536948531770271	5.7096725691066013	-0.49295816609280335	-0.3346697819425774	3.1235377555909816	-0.64041804284089832	1.7180819567826771
980	9855	IP-Lam-0	40.57	-3.89	0.96996466431095407	call_rate_ge_0.80	31.404436111450195	-25.927528381347656	-3.6999423318094382	-4.4864481252169863	-7.1526079798513189	8.7496080817556781	-3.6278517663795093	1.4588771100692461	-2.4651020684554088	-2.4238961762899858	-2.3366038503461564	-0.60081852929526169
981	9856	IP-Lch-0	40.51	-4	0.87455830388692579	call_rate_ge_0.80	31.36865234375	-25.950687408447266	-1.7558547762434085	-4.4163197660117275	-7.0909023024285238	8.1930519773346848	-3.6820961215035029	1.7817523294147641	-0.74619536910110451	-2.4831922932355339	-1.5846378135021333	-1.6519903396617419
983	9858	IP-Loz-0	40.98	-3.8	0.82597173144876324	call_rate_ge_0.80	31.438695907592773	-25.64476203918457	-2.5982688451043177	-0.44130596573498881	-7.0921884978590848	6.6505009779485738	-4.038698227448422	-0.5972765126872791	-3.9007578733524353	-2.9438487811189531	-1.6609989320085254	-1.4230497421659176
985	9860	IP-Lum-0	42.24	-2.62	0.83038869257950532	call_rate_ge_0.80	32.136363983154297	-25.523544311523438	-0.92073641285460628	-2.5161622239526658	-3.908078109332648	2.9976896510825171	-0.39408155850057697	-1.5404875117045795	-1.9340570252130942	-3.9122043306421483	-2.4296905156007735	1.4968484474479273
986	9861	IP-Mac-0	40.72	-3.21	0.8127208480565371	call_rate_ge_0.80	31.40690803527832	-25.778448104858398	-0.50432914121433192	-3.1641919802914535	-7.7690719725446877	7.1253417025437988	-4.5465022483089044	1.3098529046700882	-3.8283634692850694	-3.9635623654377579	-2.3974816642402876	-0.87951535567863215
988	9864	IP-Mat-0	41.76	2.69	0.91431095406360419	call_rate_ge_0.80	31.704959869384766	-24.848882675170898	-1.9065306762324195	-4.6638379181853287	-5.0238467994282727	3.9761426577913581	-2.8267138252818316	0.46330429339553969	-1.5821700148930489	-8.7020402164334101	-0.31877119182662622	-1.6662987220750449
989	9866	IP-Mdd-0	41.89	-2.79	0.93551236749116606	call_rate_ge_0.80	31.664289474487305	-25.339136123657227	-1.1827857189445896	-2.071674531144009	-4.1716302896041233	3.7476197839832026	-2.8114724262071844	1.1808819746134731	-1.8701429772004226	-3.9298453322562783	-1.4686811355475029	0.61652141394328053
990	9867	IP-Mie-1	40.94151	-3.218865	0.95848056537102477	call_rate_ge_0.80	31.431369781494141	-25.763275146484375	-1.4243368541250263	-3.277412716769649	-6.7981036054809421	6.1972345470390797	-4.9890468385039197	1.1764319668856269	-4.2251261700154688	-3.3585375252385812	-0.88012571793026295	-0.2359912881320457
991	9868	IP-Moe-0	41.78	2.37	0.9717314487632509	call_rate_ge_0.80	31.251766204833984	-25.069746017456055	-3.2584371902275717	-2.0351987190094185	-6.9149025311273773	6.8465464084393117	-4.2082778805507326	-0.27094491513357288	-3.747861745308589	-8.3823463170322459	0.58703818416797482	-1.7436308642330181
992	9869	IP-Moj-0	36.76	-5.28	0.93462897526501765	call_rate_ge_0.80	33.010471343994141	-25.863183975219727	-4.8332546980235325	0.16514281190755431	-5.625332294143977	11.247820876550739	-7.8579052920091872	5.7737604132184224	4.2141854789743265	15.663539389654726	-1.9422924119174383	-2.0886489885694806
993	9870	IP-Moz-0	41.91	0.17	0.97968197879858654	call_rate_ge_0.80	31.086996078491211	-25.2081298828125	-3.4263354573420184	-0.34493730416412827	-10.404269324446817	10.967916220259919	-7.1451267095558544	3.4621161702752166	-8.8021251290057325	-12.441145758565453	-2.5561880607177527	-2.4636526549542239
994	9871	IP-Nac-0	40.75	-3.99	0.97791519434628971	call_rate_ge_0.80	33.019977569580078	-25.854818344116211	-5.4579292306707847	2.4169338370875817	-7.0560858284243766	11.988509430730435	-9.7806344725270282	7.6070870021415624	3.4396605813425807	20.697514620096083	-1.4957321144890268	-1.0535352658376915
995	9873	IP-Ndc-0	37.94	-5.45	0.97349823321554774	call_rate_ge_0.80	33.478229522705078	-24.921426773071289	-3.945329917747229	-6.415902054050691	-2.7800249646412443	4.946322623940941	-0.19465077238032946	-0.40414221139838402	5.9221345076477592	1.5963143481774646	1.134847047074625	-1.3309601692611621
996	9874	IP-Oja-0	42.34	-3	0.97791519434628971	call_rate_ge_0.80	31.99620246887207	-25.644489288330078	-1.0767445484497387	-5.2047313595811113	-4.6925763609055098	4.4609691156500757	2.1452571339106696	-3.0197373645148509	-1.215263751372978	-4.2023539267195726	-0.47345481915225218	-0.38795877671831658
997	9875	IP-Ovi-1	43.38	-5.87	0.96466431095406358	call_rate_ge_0.80	33.654544830322266	-22.748083114624023	-1.7280187974795853	-4.1142644411436562	-4.1988069634353185	2.1436302759996275	5.308108549334503	-1.1583408252033376	-2.3656281677818209	-0.88088815510124296	0.63325918317042851	0.8095765246971145
998	9876	IP-Pad-0	41.34	0.99	0.96996466431095407	call_rate_ge_0.80	31.073734283447266	-25.251832962036133	-3.0971175265588058	1.1350607724615258	-9.5807983278727686	8.8579527425741098	-6.5431392437303408	0.2082977079298218	-6.4054798400604769	-10.082325111947766	-2.0410419969560945	-3.3680291467714967
999	9877	IP-Pdl-0	43.02	-5.6	0.94787985865724378	call_rate_ge_0.80	32.275032043457031	-26.009227752685547	-2.3935486840415496	-4.8903245418413341	-3.4326828619409522	1.8201379121919967	0.83831763943239745	0.29007280278071729	0.17413168745461127	0.49475240041281993	0.38157241250992169	-0.083796896886057431
1000	9878	IP-Pee-0	40.78	-3.62	0.97968197879858654	call_rate_ge_0.80	31.283512115478516	-25.829757690429688	-3.7106698962833784	-3.9018124675318155	-10.96764231044987	10.044434286151166	-5.9306722451450327	0.44532542448251361	-6.7204304627528577	-5.3587093417679048	-3.0538272211301125	-3.5441052766563415
1001	9879	IP-Per-0	37.6	-1.12	0.98056537102473496	call_rate_ge_0.80	32.992305755615234	-25.723964691162109	-5.1692889255616619	1.1987986507183344	-6.0997701961742203	11.132255778349533	-9.206414881607504	5.6848318963220823	4.6804202578057286	17.027000217777662	-1.9504133797817693	-2.121135093123629
1002	9880	IP-Pib-1	42.72	-3.44	0.96554770318021199	call_rate_ge_0.80	32.278736114501953	-25.470636367797852	-2.0803580337859016	-0.98354178202886822	-3.9976823654056215	6.3295132934396685	-3.1993957191408025	0.23689551562502853	-0.35908400315701233	0.17310237687732546	-0.24500316397807265	-0.95567780659182255
1003	9881	IP-Pie-0	40.46	-5.32	0.96554770318021199	call_rate_ge_0.80	32.150318145751953	-26.29176139831543	-4.0313184742343191	-4.1863749494536835	-5.5166920308306233	4.6667401982804604	-0.93542047995592204	-0.2037061114078933	2.2251858578764243	5.0511477282793562	-2.3943020958917502	0.43596781990954581
1004	9882	IP-Pil-0	40.46	-4.26	0.95406360424028269	call_rate_ge_0.80	31.293622970581055	-25.972507476806641	-3.384780970495445	-3.5335065040374993	-9.2945528012616307	10.906132023562868	-4.2193462341086043	1.1112568357264356	-3.9054808291241399	-2.8470598915280818	-3.0674048352395227	-2.2979816661635106
1005	9883	IP-Piq-0	42.1	-2.56	0.93992932862190814	call_rate_ge_0.80	31.850275039672852	-25.627914428710938	-1.3380633654202765	-3.3000676417502066	-5.4271784346524319	3.6398978530364792	0.8696041492105091	-0.6639807998279792	-2.7947892310717686	-3.8661279671078175	-2.9725881714719171	0.45246703912470493
1006	9885	IP-Prd-0	41.14	-3.68	0.95671378091872794	call_rate_ge_0.80	31.712291717529297	-26.035982131958008	-3.397678311932895	-3.405323261574186	-5.2031605099895559	5.2290170033377512	-0.32685203428357673	-0.44696058009749973	-3.6757035850985527	-2.6290818838145853	1.1349788702913	-1.8283572164928532
1007	9886	IP-Pru-0	42.38	1.73	0.96201413427561833	call_rate_ge_0.80	31.082681655883789	-25.177314758300781	-3.1030466854192134	0.39093936820826186	-10.054525678011423	9.4472204456084157	-7.7631078898470589	2.5315636237413561	-7.8486973898719183	-13.035641654620896	-0.16725540862137298	-2.7638579445320177
1008	9887	IP-Pun-0	40.4	-4.77	0.97349823321554774	call_rate_ge_0.80	33.072307586669922	-25.787813186645508	-6.0135325372727637	2.7094739047550287	-7.1154843527772789	11.912640692530529	-9.8448213649085865	5.9185087045215523	3.1287562124839559	20.793919416308093	-1.3713431770107236	-1.5342110671013989
1009	9888	IP-Pva-1	40.93	-3.31	0.9487632508833922	call_rate_ge_0.80	31.196735382080078	-25.76099967956543	-3.8899026034301349	-3.956558356735917	-8.3764233560780461	10.133796397388434	-6.2685680531639116	1.7644100696296778	-3.7679253613181971	-3.6156367998075178	-2.0692867177847329	-2.5712713083986811
1010	9890	IP-Rib-1	43.16	-5.07	0.95494699646643111	call_rate_ge_0.80	32.143604278564453	-26.079187393188477	-3.4535346660816035	-4.4358409833127403	-3.7245399740054626	4.7486285922250939	-1.0026266050728758	0.57434169474073626	1.9064886966141723	-0.3861591149241283	0.25971576628829002	-0.68493539480653742
1011	9891	IP-Sal-0	41.93	2.92	0.98939929328621912	call_rate_ge_0.80	31.764078140258789	-24.709747314453125	-2.7471575665260493	-5.8049213640394672	-3.3217326484309915	4.0473024185197186	-0.78821177279423127	-3.1751025712626078	0.081741367707460516	-9.2604453374550246	-0.60054915671441411	-1.3555344633362048
1012	9892	IP-Sam-0	42.68	-6.96	0.93992932862190814	call_rate_ge_0.80	32.069244384765625	-26.312677383422852	-1.5543200152891472	-5.5777649541429648	-4.3385135952907685	5.2540781236468677	0.011634656178852397	2.2756381019220417	1.0206691722597427	2.6536036914637857	-0.91652876228378655	0.56425865574160639
1013	9894	IP-Sen-0	42.59	0.76	0.95494699646643111	call_rate_ge_0.80	33.376987457275391	-25.632047653198242	-2.3549730204491834	-0.24072919011411556	-4.2539779160000863	2.7447803911932973	-1.1536769633900463	1.8304171821031527	-1.7796868252834515	-1.2593390132714513	1.0008541486899978	0.15248271477794564
1014	9895	IP-Sfb-6	41.78	2.57	0.89045936395759717	call_rate_ge_0.80	31.832729339599609	-25.116575241088867	-1.918828558586231	-4.22799703290754	-3.2494840289716809	4.6581496325184313	-0.57042427460783862	-2.5174255919443271	-2.0806398363378191	-6.652812725463586	0.33385110961884074	-0.43589451365506865
1015	9897	IP-Smt-1	40.95	-5.63	0.95848056537102477	call_rate_ge_0.80	31.989629745483398	-26.090862274169922	-1.6522426641519503	-2.7581333510121713	-5.1143373648753467	6.2625700241100963	-2.1775667789872699	0.66200032796164332	0.2437186666079218	3.6296919613402365	-1.8160693678005904	-1.4299788523503001
1016	9898	IP-Som-0	41.14	-3.58	0.98586572438162545	call_rate_ge_0.80	31.7908935546875	-25.679231643676758	-2.0719541544450371	-2.3177105049763078	-5.4550862415234391	5.5924571643171559	-3.1619878584831573	1.1893223473600982	-3.2735924872767632	-3.3150001415112591	-0.40240796589046618	1.2533251125680778
1017	9899	IP-Tau-0	42.54	0.84	0.94434628975265023	call_rate_ge_0.80	30.983280181884766	-25.140945434570312	-3.7715158485819478	2.1734905505409303	-11.214368574082236	8.7978832813971941	-7.087430809956099	2.4956120571437541	-8.6920855725497219	-11.199466247610282	-1.9183002717135005	-2.5195409627138523
1018	9900	IP-Tri-0	37.38	-6.01	0.97879858657243812	call_rate_ge_0.80	33.565792083740234	-24.902843475341797	-2.8772794595287303	-6.9467992716258076	-3.3260776682907811	5.1500892286174107	0.48467432912621833	0.056814621242514136	6.4149899178999368	0.7467706893228534	2.3305274708464352	-0.57233133731081975
1019	9901	IP-Urd-1	42.27	-2.98	0.98586572438162545	call_rate_ge_0.80	32.026996612548828	-25.534194946289062	-1.790729051453027	-3.4018598033935175	-6.1475164232354311	3.0960328047244641	-0.46893880720258818	2.1993830469585935	-2.9854684752115701	-3.8364628514722665	-2.0810293272726681	0.46620318245736003
1020	9902	IP-Usa-0	40.71	-3.24	0.88604240282685509	call_rate_ge_0.80	31.227638244628906	-25.702632904052734	-3.404851707747039	-2.8861421380872416	-7.5222970733821812	8.5317751765973835	-5.7298010291456283	1.3249749763170364	-4.7289508344898525	-4.5446195451474027	-1.8734861096049975	-0.95985180793533409
1021	9903	IP-Val-0	42.31	-3.1	0.94169611307420498	call_rate_ge_0.80	31.911256790161133	-25.556604385375977	-1.6079176997000337	-5.6474901113511091	-4.5067207057792995	4.5976273323405392	-0.37529621329464335	-2.2302537258985606	-2.2446402102661724	-5.5384499489647938	-1.584692190078181	-0.1462853681789876
1022	9904	IP-Vas-0	40.95	-3.31	0.97438162544169615	call_rate_ge_0.80	31.285425186157227	-25.75352668762207	-2.2946921871675809	-3.7066898441723004	-7.0799435541507805	8.7151092553586107	-4.6000250592242811	1.1940238536755909	-4.5475337403349432	-6.2076467137937135	-1.7001936090785217	-0.55557894727418067
1023	9905	IP-Ven-0	40.76	-4.01	0.88427561837455826	call_rate_ge_0.80	33.051559448242188	-25.908618927001953	-4.4403283167068501	2.4376178200513983	-6.7610737286408789	10.489751865028271	-8.4925310636812696	6.1014775755275359	2.9389474945022851	17.123764647684343	-2.4676022162506182	0.62099964425139909
1024	9906	IP-Mah-6	40	4.25	0.97791519434628971	call_rate_ge_0.80	31.928590774536133	-24.755510330200195	-2.0587340472950886	-4.2241620979839105	-4.4342473440104486	2.5276004618684875	0.035582487307592163	-2.1773545500278209	0.12574227694115481	-5.5329529175592533	-0.30916099836157929	-0.64321279458654979
1025	9908	ESP-1-11	50.72	3.47	0.96113074204946991	call_rate_ge_0.80	33.814640045166016	-24.258363723754883	-1.8681169133115796	-6.0354041358261146	-1.0790208759132505	0.72164825019424295	1.8343265690696982	-2.7831353128997054	2.4978889798958872	-3.3436523904605564	3.2455708423420426	1.1012653837888517
1026	9909	GEN-8	50.59	3.3	0.8012367491166078	call_rate_ge_0.80	32.781867980957031	-23.020633697509766	0.61061187898447555	-5.5095441257380813	-4.1210675488607116	0.23967137141595476	10.819391967353292	-4.089614469770809	-6.0395745726250887	3.7854761374792454	0.78546381787949726	1.0772538598488479
1027	9910	BRI-2	50.68	3.52	0.94611307420494695	call_rate_ge_0.80	33.185371398925781	-22.914379119873047	-0.55460902711677151	-3.5438927801720932	-4.7455623873491639	-1.4407572360043566	7.1174171447437846	-0.97134246918440204	-0.89316972383683069	0.99606953153237543	-1.0339815856023413	0.84775753477671056
1028	9911	ARGE-1-15	47.16	4.28	0.98939929328621912	call_rate_ge_0.80	33.772529602050781	-24.380584716796875	-2.2249461059247135	-6.1401064924614124	-1.2833720764592416	1.2396434118400477	1.3494803401930666	-3.2082225996597078	2.3926617440916806	-3.4106775724475922	3.6509448404112552	1.1828104705623212
1029	9912	CIRY-13	46.67	4.55	0.90017667844522964	call_rate_ge_0.80	33.421207427978516	-22.798778533935547	0.65143067562224366	-6.3398312046001299	-2.4623761913569511	-0.84356262500810353	7.0927654366099713	-2.63618142087781	-1.8007958668086523	0.87642967673624572	-1.8213277274787658	0.32816801829756859
1030	9914	IST-29	47.58	5.33	0.89929328621908122	call_rate_ge_0.80	36.799724578857422	-20.666566848754883	-3.3044714727576157	-3.3866623777543388	6.1455817682903229	-2.879612431057065	-3.2913547535475378	-3.0315273533651483	0.70963716642376407	0.36548381717681305	-2.3198509338887061	-5.253736577672905
1031	9915	Mar-4-16	47.45	3.94	0.97261484098939932	call_rate_ge_0.80	37.687351226806641	-20.302104949951172	-3.2709946591467243	-2.1498436437140431	7.1594728148308366	-4.9474639737727832	-4.9463966454217143	-1.8495360354097219	0.99059404381760008	1.4597052640480341	-2.4058245324800835	-5.4226814998602695
1032	9917	RAD-21	46.69	4.34	0.98233215547703179	call_rate_ge_0.80	34.069293975830078	-22.89451789855957	0.7052649405591378	-5.6762563856056065	-2.1779104632872057	0.056847977196763308	4.3054829666395467	-2.4991829553645855	1.0192922090044558	-0.9961666609692893	-2.1920628183130315	-0.19669354828615723
1033	9918	SAUL-24	47.43	5.21	0.95494699646643111	call_rate_ge_0.80	33.890132904052734	-23.226055145263672	-1.9169220710421846	-6.2631991730121541	-0.57892635426431338	-0.069151825522175164	1.2209829026761625	-1.9327095497050653	0.42841404005961664	-2.6495355663069007	-2.1512479526129531	-1.8749057061402417
1034	9920	DIR-9	48.54	4.32	0.96466431095406358	call_rate_ge_0.80	33.049728393554688	-21.739727020263672	12.138977631414132	-3.5899181883012008	-1.6609687521339853	-0.0078567393875533104	4.1641834808237723	-1.8387969672654612	-1.7213230769616916	-0.2366168181142777	0.90133411059144086	0.19846793665281304
1035	9921	FOR-23	48.57	4.41	0.96554770318021199	call_rate_ge_0.80	32.966442108154297	-22.884635925292969	-0.22118932175616265	-4.2377228437212517	-3.9256325279983977	0.63196131016163881	8.71675404201509	-2.7511673078959022	-3.8468235543337754	3.460239493432165	-0.15761265635481156	2.865732044439492
1036	9924	PLY-20	48.59	4.24	0.97349823321554774	call_rate_ge_0.80	35.707088470458984	-23.000810623168945	-0.91963914441753281	-0.4010317818210668	-0.79372788423312379	-3.1161836525618547	2.1010698217470156	0.51273527401880292	-0.44417171235245428	-0.33688165872065823	-3.0725412358480337	4.205171874056707
1037	9925	RUM-20	48.91	4.52	0.94434628975265023	call_rate_ge_0.80	33.343948364257812	-22.956850051879883	-1.5626210787081949	-3.3936978624517211	-1.3302650987236071	0.84947552808117943	7.1421617725036617	-1.8492282043030805	-0.87453243756351817	0.089681636660662617	-0.031923238808074419	1.6099079114913852
1038	9926	TRE-1	48.86	4.1	0.82067137809187274	call_rate_ge_0.80	33.853004455566406	-22.896049499511719	-1.8561689865481279	-2.7529429950542665	-2.4725187306002505	0.19619230075595134	3.3040786664554394	-1.4410216735306323	-0.29318949640333153	-0.34627825189332756	-0.45641511573658705	1.0838627701309103
1039	9927	ARR-17	44.05	3.69	0.95053003533568903	call_rate_ge_0.80	33.605998992919922	-22.936801910400391	0.27927842777464673	-3.4128052252073586	-3.2708419077633986	-0.16806973634396413	4.0230772423198173	-1.9661168360441694	0.63721107800638743	-0.030676880055598092	0.12501958493693405	-1.0841064038445467
1040	9928	BEZ-9	44.12	3.77	0.9151943462897526	call_rate_ge_0.80	33.788459777832031	-23.095239639282227	-1.4103619583801936	-4.5360333713458818	-1.8623327203391316	-1.8062577467642063	2.386113413993161	-1.7465518777721478	-0.055080993586678471	-0.61716072100406782	-3.0421710068974273	-0.67385412850331972
1041	9929	ISS-20	43.92	3.71	0.98056537102473496	call_rate_ge_0.80	33.379875183105469	-23.113149642944336	-0.35004425800382116	-6.5645224897891135	-2.9917119054492525	0.32926273146161744	5.4152406795680736	-3.7986749739531733	-1.9438545271892551	-1.6381775462428263	-0.90458857180129315	0.40587324831934157
1042	9930	LEC-25	43.91	4.14	0.91961130742049468	call_rate_ge_0.80	38.193424224853516	-20.479928970336914	-4.0329940186106619	-2.8312489420677616	6.9342253260077458	-6.2291724723007453	-2.8423252856422607	-2.0315137031945922	1.0401649276706579	-0.68626235008264813	-2.2891450685041863	-3.8588384645317175
1043	9932	NOZ-6	44.12	4.33	0.90724381625441697	call_rate_ge_0.80	33.137401580810547	-21.8575439453125	11.50024750049594	-2.6303454906517763	-1.2784170223390294	0.40928439465349448	4.8965168185637369	-1.124582001823299	-1.0380619558435438	1.8836939877924668	0.66186440564668203	-0.76288333630606653
1044	9933	VED-10	43.74	3.89	0.98763250883392228	call_rate_ge_0.80	35.109260559082031	-14.453245162963867	-4.6078384602030829	3.4403093924432837	8.6656133893196063	2.9428823814873533	1.7831215235952236	1.8819352514402157	-1.7855348527913186	-1.3460853114455298	-2.6733656062671578	0.41675066659124527
1045	9935	BAU-15	50.6	2.93	0.96554770318021199	call_rate_ge_0.80	33.732433319091797	-24.086198806762695	-0.022814851312593098	-4.801559008967673	-0.62847480246363807	-0.16638526999376482	1.6279036929231376	-0.65316986037271474	1.5479333324820941	-2.2308717037464247	1.2576238408658036	0.36423732507908757
1046	9937	CATS-6	50.79	2.69	0.98939929328621912	call_rate_ge_0.80	32.623435974121094	-22.903532028198242	0.53066664378659034	-7.716878508933692	-6.9586335647696602	0.72469097902526092	15.694943355355525	-3.606083676417013	-9.6898193109282662	8.1917736007812323	-1.2498097956549834	2.0390253658049406
1047	9938	WAV-8	50.65	2.99	0.95583038869257952	call_rate_ge_0.80	32.839908599853516	-22.758815765380859	0.29939200003963368	-3.3804615341539166	-4.7938158272269931	0.17794994718270607	9.398161128258506	-1.21977086161222	-4.8095780393658121	2.2813694100367452	-0.83264627985041462	-1.0200299411362341
1048	9939	Aitba-2	31.48	-7.45	0.88692579505300351	call_rate_ge_0.80	33.102127075195312	-25.766891479492188	-4.3416674360237968	0.76668092771739638	-2.3890189370709201	5.3340376194252581	-3.6605578863201438	3.3369934698255546	0.72868049798958945	7.1995762949319584	0.15468058366732571	0.36010167536805504
1050	9942	Agu-1	41.32	-1.34	0.89045936395759717	call_rate_ge_0.80	31.111045837402344	-25.264184951782227	-2.4926652435825138	-0.8659171447454449	-8.5960343986515841	8.5644115349524039	-4.6805128883635545	0.76888155015543957	-6.6650326017191812	-6.0251074357256975	-0.73532397532295113	-1.4906885306063908
1051	9943	Cdm-0	39.73	-5.74	0.9372791519434629	call_rate_ge_0.80	33.474067687988281	-24.965560913085938	-2.9840508042724307	-6.8730745398879822	-3.7605798524515177	5.4220951563861322	-0.11540727793805795	-1.044896602880818	6.2286998064604715	-0.74416545608875317	1.4810356202397292	-2.3316799534814323
1052	9944	Don-0	36.83	-6.36	0.84452296819787986	call_rate_ge_0.80	32.951736450195312	-25.900096893310547	-4.1299755743141429	0.41500127129113723	-6.579268704780004	10.698796368300528	-8.9915387387371002	5.5862958315099922	4.2513885419893382	15.771428166787365	-1.9731003308489139	-1.0694756253028794
1054	9946	Mer-6	38.92	-6.34	0.80477031802120136	call_rate_ge_0.80	33.357994079589844	-25.02833366394043	-3.4141707621977107	-5.2265990250393841	-3.1045064803760232	5.0835724061008145	-0.22629811946794648	0.49703991779085782	4.088109830982634	1.9337676882648438	0.68183071764585979	-0.52011682694191264
1055	9947	Ped-0	40.74	-3.9	0.83922261484098937	call_rate_ge_0.80	32.99029541015625	-25.885234832763672	-4.1650797506781974	1.7104261201116773	-6.1130670581236632	7.0012900015000286	-8.5328017280413349	4.6082114089624415	2.6465434303142978	15.965786310740407	-1.1559002946437216	0.6371680748050399
1056	9948	Pra-6	41.05	-3.54	0.91077738515901063	call_rate_ge_0.80	31.464473724365234	-25.597949981689453	-2.9709193856059319	-2.5528695267418962	-6.1391545547454323	6.1069292438238891	-3.4285699608178555	-0.49482008274690059	-2.8673853416334323	-2.5618407202338944	-2.2839067903212333	-1.2611080519581392
1058	9950	Vie-0	42.63	0.76	0.90017667844522964	call_rate_ge_0.80	31.055728912353516	-25.305524826049805	-2.7469056054131622	-0.056337682608639132	-8.7874943252226831	8.0505500903758147	-5.4467150420213857	1.0572481201739734	-7.0998107809154511	-9.9909563221521633	-1.6766221609881917	-1.237010650191104
1061	9953	Koz-2	51.33	82.19	0.93374558303886923	call_rate_ge_0.80	34.905853271484375	-14.201020240783691	-5.2781163058778775	10.371510325466728	17.154969942960538	10.478353154034535	6.7088262380483119	4.1719462879713749	-0.42608243521741057	-1.1255222085110652	-1.053940748779691	0.70722121679853978
1063	9956	Stepn-1	54.06	60.48	0.90812720848056538	call_rate_ge_0.80	35.030544281005859	-14.763211250305176	-5.5983767441003964	6.7870237766482129	10.239216905346996	7.503108752270669	1.6904442575611882	1.9251633775314818	-0.29804911632339504	0.78499530304963838	1.1560140519585353	1.1210143774202614
1065	9958	Shigu-1	53.33	49.48	0.94434628975265023	call_rate_ge_0.80	34.865352630615234	-14.555843353271484	-5.1786446903403638	7.8846655285493457	12.781671767330545	8.1054777037960584	4.3790773096028248	3.7359421701477427	-1.302805241000683	0.36722469756359893	-0.38775644263629716	0.34784804515347834
1069	9963	Lago-1	39.18	16.26	0.81095406360424027	call_rate_ge_0.80	33.830032348632812	-24.615926742553711	-1.829831508332765	-5.5560109258048085	-0.9067312485421628	-0.34805954973330205	1.2841083696976845	-0.38878127095761661	4.9294257448757239	-1.3462395118088211	1.7083922939544287	0.21397890980036358
1070	9964	Mammo-1	38.36	16.23	0.85865724381625441	call_rate_ge_0.80	33.960575103759766	-24.565351486206055	-1.1942508767715507	-5.6554914967668442	-0.62986742503674897	-0.22989499150350395	1.8874823351297354	-0.81373084043347399	4.9805410701530013	-1.758829864517971	2.246180166096253	-0.13159187840732897
1071	9965	Mammo-2	38.38	16.22	0.92756183745583043	call_rate_ge_0.80	33.887374877929688	-24.790390014648438	-2.2918332629996256	-5.3593691056736645	-0.33084505530001246	0.88551927272911335	2.7084776373332335	1.1506735298735857	6.8795946476414009	-2.8008154712668625	3.3472161000114364	0.69485087030472259
1076	9971	Bozen-1.1	46.513	11.331	0.93286219081272082	call_rate_ge_0.80	37.549381256103516	-21.938623428344727	-2.7205338946381281	-1.4068328767624581	3.6082586226157853	0.063034096530484821	-2.4592861873938361	-3.6156284963709515	-3.4021006576850659	2.6071893682110145	4.9225699441597195	-2.0896612236727066
1080	9975	Castelfed-4-213	46.3378	11.2928	0.91872791519434627	call_rate_ge_0.80	37.584503173828125	-21.535968780517578	-4.3277993237434789	1.2052335686646516	4.4611302891696942	-2.5176868817222737	-3.0831643163761462	-3.1617563286271233	-5.7106453869088218	1.6989188842256595	9.2921461328328299	-1.6300040445553816
1083	9979	Voeran-1	46.36	11.23	0.91961130742049468	call_rate_ge_0.80	37.733180999755859	-21.855667114257812	-3.2019700800687225	-1.0223643160318283	5.706970536747666	-2.4883982100000277	-4.5822417511283389	-1.3948464040125481	-2.8434183795994534	1.8983189813971151	5.6614030568475684	-1.3512832278725162
1086	9982	Apost-1	39.01	16.47	0.92402826855123676	call_rate_ge_0.80	34.008720397949219	-24.511728286743164	-1.9259204443753228	-4.8936575171974477	1.7772662061464823	0.25275755003239114	1.381922907290591	-0.86183331091212401	5.2922271817928541	-1.3447273200080314	1.1914603539910056	-0.088668488836065693
1087	9983	Ciste-1	41.62	12.87	0.80300353356890464	call_rate_ge_0.80	33.864246368408203	-24.024608612060547	-2.3247625397345431	-6.489710003303677	-1.2484795436239697	0.13673950501083518	4.9128288275533381	-2.8164920773306563	4.255808488864707	-0.64679326300471207	-1.0454246152461815	-0.036109450023318924
1092	9988	Bak-2	41.7942	43.4767	0.88869257950530034	call_rate_ge_0.80	34.555629730224609	-25.386669158935547	-3.3820665122535201	0.055853478455118795	3.0587697253270067	3.4938999399529527	1.4621744536267791	1.0428215123162372	3.6961666375588353	-0.86407493207013375	1.8926561660005254	-0.15550190433202737
1094	9991	Vash-1	41.2381	46.3728	0.90724381625441697	call_rate_ge_0.80	34.198486328125	-25.037862777709961	-3.545561945697874	-3.2914616284992935	-0.44335518981989391	2.329868327835674	1.4718544343472897	-2.7247492782697962	10.640178364624045	-2.2774626842483356	4.8812727958590436	2.2914878732936264
1095	9993	Nemrut-1	38.6425	42.2394	0.86749116607773846	call_rate_ge_0.80	35.148643493652344	-14.960347175598145	-4.852943482612015	1.809224531732424	6.4919263202622277	4.1242281758986605	2.010802890646366	0.48805086633126432	1.0410719852971393	-0.43403522349567658	1.2334648868087508	-1.5088657451828889
1096	9995	HKT2.4	48.14	9.4	0.84275618374558303	call_rate_ge_0.80	36.145404815673828	-21.010007858276367	-1.0975919815779684	-3.5349137212322135	3.5221829701945704	-3.1901800964924645	-1.5419278845293634	-0.68554992599110653	0.93244400534908267	-1.759470378544669	-2.2380945492219366	-1.4207671545968388
1098	9997	Rue3-1-31	48.56	9.16	0.91784452296819785	call_rate_ge_0.80	35.405506134033203	-20.90614128112793	-0.56729492727249864	-4.8088762418268338	1.9581727809185572	-4.5128884927638584	-0.68771367317544319	-2.715667206505461	0.37712666125886435	-0.6762192869967355	-2.4580979558462088	-3.8603574086369865
1099	9998	Star-8	48.43	8.82	0.86307420494699649	call_rate_ge_0.80	35.312351226806641	-21.135540008544922	0.014882183806403756	-4.63832109558704	0.68704159552579425	-1.7752367597946856	-1.6464311338036102	-2.7058194239799347	0.41105555848575764	-0.85981220559719529	-3.2268165206841557	-1.807873407990235
1100	9999	TueSB30-3	48.53	9.06	0.90459363957597172	call_rate_ge_0.80	35.577571868896484	-20.723424911499023	-1.9290939780077812	-5.2606414519525542	3.9410483411894965	-3.7734346643621914	-0.85991093247596928	-2.541342439867222	1.2314005175276945	0.45109359694975709	-3.4563615101115248	-2.9291887185184651
1101	10001	TueV-13	48.52	9.05	0.80565371024734977	call_rate_ge_0.80	33.631980895996094	-22.769924163818359	-0.085664945836552778	-2.0158150176471636	-2.7802463816217462	-1.2248310861365805	4.7456654849660094	-1.9793443912189057	0.17500834343449009	0.48816044862495289	-0.395170042967252	-1.0571929865637697
1102	10002	TueWa1-2	48.53	9.04	0.92137809187279152	call_rate_ge_0.80	32.869407653808594	-22.779561996459961	-0.074276075741084538	-6.1174455778460155	-3.7713799693058432	0.23544884328077781	7.9292268640419374	-2.0579344678271903	-2.5970480061704171	3.7031782595721432	0.2580590189504357	0.33410054127207045
1105	10006	Kastel-1	44.6419	34.3814	0.84363957597173145	call_rate_ge_0.80	34.618793487548828	-24.662620544433594	-3.0138119657620739	-1.5473493735320349	1.3948741187665343	2.5039022544796166	-0.14491595216349545	-1.281202899572857	3.8468376771723856	-0.51435900751145824	0.68837614379714474	0.6537320747005273
1107	10009	Sij-2	41.45	70.05	0.81360424028268552	call_rate_ge_0.80	35.130821228027344	-14.297619819641113	-4.2773374863965978	4.6103856791754652	12.262094620911322	7.4102384251019391	4.3754430030148477	2.3392204633538207	-0.66887462819248156	-1.8868802525858583	0.2341019863388234	0.11395281082870558
1108	10010	Sij-4	41.45	70.05	0.93551236749116606	call_rate_ge_0.80	35.055110931396484	-14.238269805908203	-4.9889617349926008	7.4915130944858213	15.526938663725273	9.3204909745066793	5.826812522751788	3.4000936842884144	-1.8593156517519043	-1.704301294339835	-0.30691193243323839	0.55286613344686342
1109	10011	Yeg-1	39.8692	45.3622	0.8975265017667845	call_rate_ge_0.80	35.23175048828125	-14.753355026245117	-4.9840787040218268	5.7615560899618874	11.144060103005891	5.0754937813108087	3.965852002205994	1.9375015009193379	0.5300147099332273	-2.1978557506029177	-0.39825306081276501	1.2300040930657727
1112	10014	Xan-1	38.6536	48.7992	0.86660777385159016	call_rate_ge_0.80	34.420913696289062	-25.144567489624023	-2.9311985770682734	-4.9936485908074921	-1.5350793413543109	3.7796651174455138	2.0678924043014537	-2.1198982437346165	11.967342597466994	-4.3202921522506577	9.416183243629817	3.0295614607659336
1113	10015	Ara-1	37.29	71.3	0.81890459363957602	call_rate_ge_0.80	35.101573944091797	-14.217164039611816	-4.4349158956098247	8.7530259515388682	13.923269438091179	8.1118590599869798	6.4997973512323375	3.3644656965057798	-1.3154774681183452	-1.2686827496665687	-2.1757741471528016	-0.25405103430692688
1114	10017	Petro-1	44.34	21.46	0.81448763250883394	call_rate_ge_0.80	37.219852447509766	-22.021675109863281	-3.7518496416192617	-2.1246728285892096	2.2748973750387491	-1.6538710564928762	-1.6346639027028029	-1.5498462075465058	0.57921519839547375	1.4099448368220142	-0.20460935969583352	1.091137435498478
1115	10018	Dobra-1	44.84	20.16	0.90282685512367489	call_rate_ge_0.80	37.64044189453125	-21.535894393920898	-2.4514205045071202	-2.5132329712615533	5.13636141403724	-2.5106838288923972	-3.1916652607671425	-1.0275676653873325	0.41677860135615563	1.3614540840830207	-0.059865102308719907	-0.77315756700926108
1116	10020	Jl-2	49.17	16.5	0.95053003533568903	call_rate_ge_0.80	38.007884979248047	-20.692312240600586	-4.3842685876000775	-1.9546667286644828	7.0098087315811037	-4.9831796191262923	-5.9711695171729309	-3.3201885460408684	-0.27614537563933528	1.2209061169373048	-0.50678073774546617	-3.6528949736703771
1117	10022	Uk-3	48.0333	7.7667	0.83568904593639581	call_rate_ge_0.80	35.261978149414062	-21.105005264282227	-1.1036045819582789	-3.710436393438254	0.35048594905596642	-1.6335890998941838	-1.3354173829531768	-2.0431907341973798	0.69199787915186228	-1.0490166181973037	-3.1896688459125642	-1.8688055464844884
1118	10023	Strand-1	68.8	15.45	0.98233215547703179	call_rate_ge_0.80	36.578849792480469	-24.471403121948242	-3.1964767620315646	3.2156395804362186	-3.616559606133861	-1.8339404671225235	-2.8787294573875526	0.13834725014141599	-0.61714969271343545	-0.36066784472691804	0.39482810915932026	1.8879409761233548
1119	10027	Uk-6	48.02838	7.765567	0.95936395759717319	call_rate_ge_0.80	35.193958282470703	-21.271036148071289	-0.32991926735757288	-4.6000085991632202	0.96479690850797128	-4.0797527010764831	-0.91239829398014172	-2.360858659667262	0.95773493517470742	-1.6881678320414677	-4.6990541402560151	-3.3287553213848677
1120	14312	Kos-1	62.02	34.12	0.99293286219081267	call_rate_ge_0.80	35.016078948974609	-14.838876724243164	-5.5074491059975026	7.9483820885656531	7.8152897158279417	7.6442495569893332	2.9161792908829782	1.235919664759733	0.23472646140072964	-0.00041182655107714156	0.70396142258944427	1.0809153161940033
1121	14313	Kos-2	62.02	34.12	0.99028268551236753	call_rate_ge_0.80	34.886196136474609	-14.850884437561035	-5.4410660767301016	7.7196419444667832	7.6602400828011836	7.0861035430900312	3.4780668719615995	2.4432437419253081	0.30597881802285187	0.049071193575367635	-0.42781844935611729	2.2538346777345275
1122	14314	Radk-1	61.59	35.11	0.99116607773851595	call_rate_ge_0.80	34.943912506103516	-14.816574096679688	-5.1533039493128925	7.0038858676811051	8.4496430092232764	7.6238796147347747	2.1350514328265442	3.4966449855457022	0.37333261694818792	-0.21990348677711596	0.73549142384567834	0.96026662474570623
1123	14315	Radk-2	61.59	35.11	0.99558303886925792	call_rate_ge_0.80	34.961360931396484	-14.873064041137695	-5.7479539480606645	6.5100941388440257	8.2751770000758675	7.7918765297218551	3.6475045200410481	2.8391159324132924	1.9106543612733664	-1.1896148827888453	1.5322665705943173	0.69463204256460132
1124	14318	Shu-1	61.94	34.24	0.99558303886925792	call_rate_ge_0.80	35.203319549560547	-14.868754386901855	-4.6131473359930411	5.1030835816543618	10.336871863647406	5.2126308096890153	3.0896480930199339	1.9709548045916137	-0.45626658965625094	-0.40781065479153911	-0.9889090651446375	1.2487362798454678
1125	14319	Shu-2	61.94	34.24	0.99558303886925792	call_rate_ge_0.80	34.919998168945312	-14.837970733642578	-7.0837624477241192	9.4315052927742915	6.2186903316960382	4.3340802987774891	2.4117647860587654	2.4547533289120977	-0.18981404975388314	-0.15778319691974188	-0.97393028552100502	0.83510478930383847
1126	15560	Valm	61.37	30.96	0.99028268551236753	call_rate_ge_0.80	34.954269409179688	-14.70872974395752	-7.7337273140433824	10.112585136860568	9.046897912774682	9.3754717788719049	2.8432386410819976	2.8982384690175502	0.53464121359718986	-0.96906030055264059	-0.27839123123940834	-0.20026894238340642
1127	15591	OOE1-1	48.3315333	14.72665	0.98233215547703179	call_rate_ge_0.80	37.536880493164062	-20.417736053466797	-4.1201852549619122	-5.844648183014451	4.9355229905236806	-4.7520011938927578	-3.5985865761070541	-1.7071819191286961	2.1903012765293988	1.3870572807121977	-3.4901948978603472	-5.5078874667325959
1128	15592	OOE3-1	48.3314667	14.7158667	0.93816254416961131	call_rate_ge_0.80	37.791275024414062	-20.448169708251953	-3.6585524995421617	-2.7859997054699748	5.6872334772281157	-4.5914720293169324	-3.3764387442880235	-1.8639531357344745	1.1893943410908221	0.73560842779504654	-1.7893823529832442	-4.7043965655023889
1129	15593	OOE3-2	48.3314667	14.7158667	0.99646643109540634	call_rate_ge_0.80	37.777797698974609	-20.355903625488281	-3.8125434344164097	-2.2018592600427787	7.9827064850846998	-3.3531683055998269	-4.5412989433263196	-3.0353908352589918	2.6146523409314808	1.655348607859825	-1.9832641163289864	-6.1354984205215048
1130	18694	Pien	60.4	32.09	0.9946996466431095	call_rate_ge_0.80	35.212360382080078	-14.666914939880371	-7.112799250126872	9.6198167968614747	8.9397954450584329	10.072460882368729	2.0464160942038587	3.4133382519278102	0.83695860470056349	-0.077496661891548135	-0.57927432257698885	1.5508427213202884
1131	18696	Samm	61.57	30.63	0.99734982332155475	call_rate_ge_0.80	35.059707641601562	-14.743687629699707	-7.1176482500038807	9.610101251944057	13.546869368543589	8.7183487054485145	4.0212763016824464	4.1106129971725878	-0.75042042195371894	-1.5576683276942174	-0.59343717452101497	0.3533996584027001
1132	19949	OOE2-1	48.3268333	14.7181667	0.99911660777385158	call_rate_ge_0.80	37.648521423339844	-20.326885223388672	-2.9095819565131653	-3.0545995876475955	4.9788285850060578	-4.0124127546349708	-3.6310625409519766	-1.1052090618714296	3.0987489204705749	0.27622187235435147	-3.4908454636522719	-7.8971374912258057
1133	19950	OOE2-2	48.3268333	14.7181667	0.99734982332155475	call_rate_ge_0.80	37.758819580078125	-20.311859130859375	-2.9165727661819503	-3.0453359726097911	4.9712206752163226	-4.0038475410786418	-3.6286324783280728	-1.1149228171717116	3.091264979710258	0.27651867017734932	-3.4799768061205389	-7.9156332483008152
1134	19951	OOE23	48.3268333	14.7181667	0.99823321554770317	call_rate_ge_0.80	37.71142578125	-20.37858772277832	-2.882830930849122	-3.0216353588794549	5.0155334348601377	-4.0358015331761168	-3.617247693950786	-1.0923654516059034	3.1095225811793519	0.28904211217520837	-3.4738720728685037	-7.9040751615813383
